location,date,vaccine,total_vaccinations
Germany,2020-12-27,Johnson&Johnson,0
Germany,2020-12-28,Johnson&Johnson,0
Germany,2020-12-29,Johnson&Johnson,0
Germany,2020-12-30,Johnson&Johnson,0
Germany,2020-12-31,Johnson&Johnson,0
Germany,2021-01-01,Johnson&Johnson,2
Germany,2021-01-02,Johnson&Johnson,4
Germany,2021-01-03,Johnson&Johnson,4
Germany,2021-01-04,Johnson&Johnson,22
Germany,2021-01-05,Johnson&Johnson,22
Germany,2021-01-06,Johnson&Johnson,22
Germany,2021-01-07,Johnson&Johnson,23
Germany,2021-01-08,Johnson&Johnson,23
Germany,2021-01-09,Johnson&Johnson,23
Germany,2021-01-10,Johnson&Johnson,24
Germany,2021-01-11,Johnson&Johnson,24
Germany,2021-01-12,Johnson&Johnson,25
Germany,2021-01-13,Johnson&Johnson,25
Germany,2021-01-14,Johnson&Johnson,25
Germany,2021-01-15,Johnson&Johnson,27
Germany,2021-01-16,Johnson&Johnson,28
Germany,2021-01-17,Johnson&Johnson,29
Germany,2021-01-18,Johnson&Johnson,29
Germany,2021-01-19,Johnson&Johnson,29
Germany,2021-01-20,Johnson&Johnson,29
Germany,2021-01-21,Johnson&Johnson,30
Germany,2021-01-22,Johnson&Johnson,30
Germany,2021-01-23,Johnson&Johnson,30
Germany,2021-01-24,Johnson&Johnson,30
Germany,2021-01-25,Johnson&Johnson,30
Germany,2021-01-26,Johnson&Johnson,30
Germany,2021-01-27,Johnson&Johnson,32
Germany,2021-01-28,Johnson&Johnson,32
Germany,2021-01-29,Johnson&Johnson,33
Germany,2021-01-30,Johnson&Johnson,35
Germany,2021-01-31,Johnson&Johnson,36
Germany,2021-02-01,Johnson&Johnson,37
Germany,2021-02-02,Johnson&Johnson,39
Germany,2021-02-03,Johnson&Johnson,39
Germany,2021-02-04,Johnson&Johnson,39
Germany,2021-02-05,Johnson&Johnson,40
Germany,2021-02-06,Johnson&Johnson,41
Germany,2021-02-07,Johnson&Johnson,42
Germany,2021-02-08,Johnson&Johnson,43
Germany,2021-02-09,Johnson&Johnson,43
Germany,2021-02-10,Johnson&Johnson,44
Germany,2021-02-11,Johnson&Johnson,46
Germany,2021-02-12,Johnson&Johnson,52
Germany,2021-02-13,Johnson&Johnson,53
Germany,2021-02-14,Johnson&Johnson,54
Germany,2021-02-15,Johnson&Johnson,66
Germany,2021-02-16,Johnson&Johnson,67
Germany,2021-02-17,Johnson&Johnson,71
Germany,2021-02-18,Johnson&Johnson,77
Germany,2021-02-19,Johnson&Johnson,78
Germany,2021-02-20,Johnson&Johnson,84
Germany,2021-02-21,Johnson&Johnson,87
Germany,2021-02-22,Johnson&Johnson,88
Germany,2021-02-23,Johnson&Johnson,90
Germany,2021-02-24,Johnson&Johnson,91
Germany,2021-02-25,Johnson&Johnson,91
Germany,2021-02-26,Johnson&Johnson,91
Germany,2021-02-27,Johnson&Johnson,94
Germany,2021-02-28,Johnson&Johnson,96
Germany,2021-03-01,Johnson&Johnson,96
Germany,2021-03-02,Johnson&Johnson,96
Germany,2021-03-03,Johnson&Johnson,97
Germany,2021-03-04,Johnson&Johnson,97
Germany,2021-03-05,Johnson&Johnson,99
Germany,2021-03-06,Johnson&Johnson,99
Germany,2021-03-07,Johnson&Johnson,99
Germany,2021-03-08,Johnson&Johnson,100
Germany,2021-03-09,Johnson&Johnson,100
Germany,2021-03-10,Johnson&Johnson,101
Germany,2021-03-11,Johnson&Johnson,101
Germany,2021-03-12,Johnson&Johnson,102
Germany,2021-03-13,Johnson&Johnson,102
Germany,2021-03-14,Johnson&Johnson,102
Germany,2021-03-15,Johnson&Johnson,102
Germany,2021-03-16,Johnson&Johnson,102
Germany,2021-03-17,Johnson&Johnson,103
Germany,2021-03-18,Johnson&Johnson,103
Germany,2021-03-19,Johnson&Johnson,103
Germany,2021-03-20,Johnson&Johnson,103
Germany,2021-03-21,Johnson&Johnson,104
Germany,2021-03-22,Johnson&Johnson,104
Germany,2021-03-23,Johnson&Johnson,106
Germany,2021-03-24,Johnson&Johnson,109
Germany,2021-03-25,Johnson&Johnson,110
Germany,2021-03-26,Johnson&Johnson,112
Germany,2021-03-27,Johnson&Johnson,115
Germany,2021-03-28,Johnson&Johnson,116
Germany,2021-03-29,Johnson&Johnson,116
Germany,2021-03-30,Johnson&Johnson,116
Germany,2021-03-31,Johnson&Johnson,117
Germany,2021-04-01,Johnson&Johnson,118
Germany,2021-04-02,Johnson&Johnson,118
Germany,2021-04-03,Johnson&Johnson,118
Germany,2021-04-04,Johnson&Johnson,120
Germany,2021-04-05,Johnson&Johnson,120
Germany,2021-04-06,Johnson&Johnson,123
Germany,2021-04-07,Johnson&Johnson,124
Germany,2021-04-08,Johnson&Johnson,127
Germany,2021-04-09,Johnson&Johnson,129
Germany,2021-04-10,Johnson&Johnson,130
Germany,2021-04-11,Johnson&Johnson,130
Germany,2021-04-12,Johnson&Johnson,133
Germany,2021-04-13,Johnson&Johnson,133
Germany,2021-04-14,Johnson&Johnson,133
Germany,2021-04-15,Johnson&Johnson,134
Germany,2021-04-16,Johnson&Johnson,135
Germany,2021-04-17,Johnson&Johnson,135
Germany,2021-04-18,Johnson&Johnson,135
Germany,2021-04-19,Johnson&Johnson,136
Germany,2021-04-20,Johnson&Johnson,139
Germany,2021-04-21,Johnson&Johnson,139
Germany,2021-04-22,Johnson&Johnson,139
Germany,2021-04-23,Johnson&Johnson,141
Germany,2021-04-24,Johnson&Johnson,142
Germany,2021-04-25,Johnson&Johnson,143
Germany,2021-04-26,Johnson&Johnson,213
Germany,2021-04-27,Johnson&Johnson,768
Germany,2021-04-28,Johnson&Johnson,1603
Germany,2021-04-29,Johnson&Johnson,2517
Germany,2021-04-30,Johnson&Johnson,3423
Germany,2021-05-01,Johnson&Johnson,6050
Germany,2021-05-02,Johnson&Johnson,7859
Germany,2021-05-03,Johnson&Johnson,9544
Germany,2021-05-04,Johnson&Johnson,12610
Germany,2021-05-05,Johnson&Johnson,17211
Germany,2021-05-06,Johnson&Johnson,21849
Germany,2021-05-07,Johnson&Johnson,26363
Germany,2021-05-08,Johnson&Johnson,28096
Germany,2021-05-09,Johnson&Johnson,29166
Germany,2021-05-10,Johnson&Johnson,33430
Germany,2021-05-11,Johnson&Johnson,37222
Germany,2021-05-12,Johnson&Johnson,43077
Germany,2021-05-13,Johnson&Johnson,45750
Germany,2021-05-14,Johnson&Johnson,53602
Germany,2021-05-15,Johnson&Johnson,57887
Germany,2021-05-16,Johnson&Johnson,62621
Germany,2021-05-17,Johnson&Johnson,72541
Germany,2021-05-18,Johnson&Johnson,80406
Germany,2021-05-19,Johnson&Johnson,92710
Germany,2021-05-20,Johnson&Johnson,103826
Germany,2021-05-21,Johnson&Johnson,115867
Germany,2021-05-22,Johnson&Johnson,130173
Germany,2021-05-23,Johnson&Johnson,139047
Germany,2021-05-24,Johnson&Johnson,147113
Germany,2021-05-25,Johnson&Johnson,172411
Germany,2021-05-26,Johnson&Johnson,251065
Germany,2021-05-27,Johnson&Johnson,332425
Germany,2021-05-28,Johnson&Johnson,416698
Germany,2021-05-29,Johnson&Johnson,444548
Germany,2021-05-30,Johnson&Johnson,455638
Germany,2021-05-31,Johnson&Johnson,498273
Germany,2021-06-01,Johnson&Johnson,583206
Germany,2021-06-02,Johnson&Johnson,688403
Germany,2021-06-03,Johnson&Johnson,741843
Germany,2021-06-04,Johnson&Johnson,819313
Germany,2021-06-05,Johnson&Johnson,850160
Germany,2021-06-06,Johnson&Johnson,868426
Germany,2021-06-07,Johnson&Johnson,923041
Germany,2021-06-08,Johnson&Johnson,991778
Germany,2021-06-09,Johnson&Johnson,1087976
Germany,2021-06-10,Johnson&Johnson,1176801
Germany,2021-06-11,Johnson&Johnson,1274012
Germany,2021-06-12,Johnson&Johnson,1309372
Germany,2021-06-13,Johnson&Johnson,1323181
Germany,2021-06-14,Johnson&Johnson,1378583
Germany,2021-06-15,Johnson&Johnson,1437877
Germany,2021-06-16,Johnson&Johnson,1514415
Germany,2021-06-17,Johnson&Johnson,1582879
Germany,2021-06-18,Johnson&Johnson,1651924
Germany,2021-06-19,Johnson&Johnson,1673141
Germany,2021-06-20,Johnson&Johnson,1685964
Germany,2021-06-21,Johnson&Johnson,1722438
Germany,2021-06-22,Johnson&Johnson,1756947
Germany,2021-06-23,Johnson&Johnson,1791928
Germany,2021-06-24,Johnson&Johnson,1832541
Germany,2021-06-25,Johnson&Johnson,1873110
Germany,2021-06-26,Johnson&Johnson,1886529
Germany,2021-06-27,Johnson&Johnson,1890696
Germany,2021-06-28,Johnson&Johnson,1915315
Germany,2021-06-29,Johnson&Johnson,1938136
Germany,2021-06-30,Johnson&Johnson,1961325
Germany,2021-07-01,Johnson&Johnson,1984277
Germany,2021-07-02,Johnson&Johnson,2006617
Germany,2021-07-03,Johnson&Johnson,2021893
Germany,2021-07-04,Johnson&Johnson,2030821
Germany,2021-07-05,Johnson&Johnson,2045785
Germany,2021-07-06,Johnson&Johnson,2061840
Germany,2021-07-07,Johnson&Johnson,2081076
Germany,2021-07-08,Johnson&Johnson,2100706
Germany,2021-07-09,Johnson&Johnson,2121487
Germany,2021-07-10,Johnson&Johnson,2131301
Germany,2021-07-11,Johnson&Johnson,2139712
Germany,2021-07-12,Johnson&Johnson,2153856
Germany,2021-07-13,Johnson&Johnson,2173828
Germany,2021-07-14,Johnson&Johnson,2197098
Germany,2021-07-15,Johnson&Johnson,2219770
Germany,2021-07-16,Johnson&Johnson,2242197
Germany,2021-07-17,Johnson&Johnson,2260803
Germany,2021-07-18,Johnson&Johnson,2272032
Germany,2021-07-19,Johnson&Johnson,2286359
Germany,2021-07-20,Johnson&Johnson,2300720
Germany,2021-07-21,Johnson&Johnson,2314709
Germany,2021-07-22,Johnson&Johnson,2328403
Germany,2021-07-23,Johnson&Johnson,2346803
Germany,2021-07-24,Johnson&Johnson,2359000
Germany,2021-07-25,Johnson&Johnson,2364942
Germany,2021-07-26,Johnson&Johnson,2376138
Germany,2021-07-27,Johnson&Johnson,2389181
Germany,2021-07-28,Johnson&Johnson,2403073
Germany,2021-07-29,Johnson&Johnson,2417933
Germany,2021-07-30,Johnson&Johnson,2434166
Germany,2021-07-31,Johnson&Johnson,2446700
Germany,2021-08-01,Johnson&Johnson,2452747
Germany,2021-08-02,Johnson&Johnson,2463949
Germany,2021-08-03,Johnson&Johnson,2477312
Germany,2021-08-04,Johnson&Johnson,2490234
Germany,2021-08-05,Johnson&Johnson,2504757
Germany,2021-08-06,Johnson&Johnson,2520087
Germany,2021-08-07,Johnson&Johnson,2533363
Germany,2021-08-08,Johnson&Johnson,2537361
Germany,2021-08-09,Johnson&Johnson,2546405
Germany,2021-08-10,Johnson&Johnson,2557776
Germany,2021-08-11,Johnson&Johnson,2573562
Germany,2021-08-12,Johnson&Johnson,2592400
Germany,2021-08-13,Johnson&Johnson,2612097
Germany,2021-08-14,Johnson&Johnson,2628177
Germany,2021-08-15,Johnson&Johnson,2635281
Germany,2021-08-16,Johnson&Johnson,2648999
Germany,2021-08-17,Johnson&Johnson,2664426
Germany,2021-08-18,Johnson&Johnson,2682805
Germany,2021-08-19,Johnson&Johnson,2700911
Germany,2021-08-20,Johnson&Johnson,2722541
Germany,2021-08-21,Johnson&Johnson,2736681
Germany,2021-08-22,Johnson&Johnson,2742622
Germany,2021-08-23,Johnson&Johnson,2756286
Germany,2021-08-24,Johnson&Johnson,2772629
Germany,2021-08-25,Johnson&Johnson,2790899
Germany,2021-08-26,Johnson&Johnson,2809029
Germany,2021-08-27,Johnson&Johnson,2827743
Germany,2021-08-28,Johnson&Johnson,2842618
Germany,2021-08-29,Johnson&Johnson,2849078
Germany,2021-08-30,Johnson&Johnson,2861882
Germany,2021-08-31,Johnson&Johnson,2876071
Germany,2021-09-01,Johnson&Johnson,2891033
Germany,2021-09-02,Johnson&Johnson,2905258
Germany,2021-09-03,Johnson&Johnson,2920229
Germany,2021-09-04,Johnson&Johnson,2930110
Germany,2021-09-05,Johnson&Johnson,2935315
Germany,2021-09-06,Johnson&Johnson,2944070
Germany,2021-09-07,Johnson&Johnson,2954990
Germany,2021-09-08,Johnson&Johnson,2967307
Germany,2021-09-09,Johnson&Johnson,2980603
Germany,2021-09-10,Johnson&Johnson,2996092
Germany,2021-09-11,Johnson&Johnson,3007035
Germany,2021-09-12,Johnson&Johnson,3012353
Germany,2021-09-13,Johnson&Johnson,3024131
Germany,2021-09-14,Johnson&Johnson,3036772
Germany,2021-09-15,Johnson&Johnson,3051226
Germany,2021-09-16,Johnson&Johnson,3066311
Germany,2021-09-17,Johnson&Johnson,3082519
Germany,2021-09-18,Johnson&Johnson,3092748
Germany,2021-09-19,Johnson&Johnson,3097601
Germany,2021-09-20,Johnson&Johnson,3106850
Germany,2021-09-21,Johnson&Johnson,3116894
Germany,2021-09-22,Johnson&Johnson,3128427
Germany,2021-09-23,Johnson&Johnson,3140840
Germany,2021-09-24,Johnson&Johnson,3154250
Germany,2021-09-25,Johnson&Johnson,3162699
Germany,2021-09-26,Johnson&Johnson,3166888
Germany,2021-09-27,Johnson&Johnson,3175112
Germany,2021-09-28,Johnson&Johnson,3184747
Germany,2021-09-29,Johnson&Johnson,3194618
Germany,2021-09-30,Johnson&Johnson,3204532
Germany,2021-10-01,Johnson&Johnson,3210532
Germany,2021-10-02,Johnson&Johnson,3213721
Germany,2021-10-03,Johnson&Johnson,3214777
Germany,2021-10-04,Johnson&Johnson,3219696
Germany,2021-10-05,Johnson&Johnson,3225197
Germany,2021-10-06,Johnson&Johnson,3231220
Germany,2021-10-07,Johnson&Johnson,3238142
Germany,2021-10-08,Johnson&Johnson,3244890
Germany,2021-10-09,Johnson&Johnson,3248153
Germany,2021-10-10,Johnson&Johnson,3249547
Germany,2021-10-11,Johnson&Johnson,3253402
Germany,2021-10-12,Johnson&Johnson,3258208
Germany,2021-10-13,Johnson&Johnson,3263180
Germany,2021-10-14,Johnson&Johnson,3268366
Germany,2021-10-15,Johnson&Johnson,3273640
Germany,2021-10-16,Johnson&Johnson,3276308
Germany,2021-10-17,Johnson&Johnson,3277337
Germany,2021-10-18,Johnson&Johnson,3280329
Germany,2021-10-19,Johnson&Johnson,3284334
Germany,2021-10-20,Johnson&Johnson,3288489
Germany,2021-10-21,Johnson&Johnson,3292671
Germany,2021-10-22,Johnson&Johnson,3296952
Germany,2021-10-23,Johnson&Johnson,3299179
Germany,2021-10-24,Johnson&Johnson,3300020
Germany,2021-10-25,Johnson&Johnson,3302948
Germany,2021-10-26,Johnson&Johnson,3306680
Germany,2021-10-27,Johnson&Johnson,3310033
Germany,2021-10-28,Johnson&Johnson,3313782
Germany,2021-10-29,Johnson&Johnson,3317609
Germany,2021-10-30,Johnson&Johnson,3319800
Germany,2021-10-31,Johnson&Johnson,3320476
Germany,2021-11-01,Johnson&Johnson,3321992
Germany,2021-11-02,Johnson&Johnson,3324366
Germany,2021-11-03,Johnson&Johnson,3328458
Germany,2021-11-04,Johnson&Johnson,3332055
Germany,2021-11-05,Johnson&Johnson,3336125
Germany,2021-11-06,Johnson&Johnson,3338955
Germany,2021-11-07,Johnson&Johnson,3340165
Germany,2021-11-08,Johnson&Johnson,3343279
Germany,2021-11-09,Johnson&Johnson,3347957
Germany,2021-11-10,Johnson&Johnson,3352473
Germany,2021-11-11,Johnson&Johnson,3356964
Germany,2021-11-12,Johnson&Johnson,3361736
Germany,2021-11-13,Johnson&Johnson,3364738
Germany,2021-11-14,Johnson&Johnson,3365655
Germany,2021-11-15,Johnson&Johnson,3369111
Germany,2021-11-16,Johnson&Johnson,3373371
Germany,2021-11-17,Johnson&Johnson,3377945
Germany,2021-11-18,Johnson&Johnson,3383078
Germany,2021-11-19,Johnson&Johnson,3390040
Germany,2021-11-20,Johnson&Johnson,3396596
Germany,2021-11-21,Johnson&Johnson,3398730
Germany,2021-11-22,Johnson&Johnson,3405327
Germany,2021-11-23,Johnson&Johnson,3415322
Germany,2021-11-24,Johnson&Johnson,3427448
Germany,2021-11-25,Johnson&Johnson,3439392
Germany,2021-11-26,Johnson&Johnson,3451421
Germany,2021-11-27,Johnson&Johnson,3463302
Germany,2021-11-28,Johnson&Johnson,3467365
Germany,2021-11-29,Johnson&Johnson,3475395
Germany,2021-11-30,Johnson&Johnson,3484128
Germany,2021-12-01,Johnson&Johnson,3492409
Germany,2021-12-02,Johnson&Johnson,3500509
Germany,2021-12-03,Johnson&Johnson,3507801
Germany,2021-12-04,Johnson&Johnson,3514994
Germany,2021-12-05,Johnson&Johnson,3516849
Germany,2021-12-06,Johnson&Johnson,3522932
Germany,2021-12-07,Johnson&Johnson,3528493
Germany,2021-12-08,Johnson&Johnson,3534128
Germany,2021-12-09,Johnson&Johnson,3539297
Germany,2021-12-10,Johnson&Johnson,3544905
Germany,2021-12-11,Johnson&Johnson,3548944
Germany,2021-12-12,Johnson&Johnson,3550148
Germany,2021-12-13,Johnson&Johnson,3553646
Germany,2021-12-14,Johnson&Johnson,3557214
Germany,2021-12-15,Johnson&Johnson,3561059
Germany,2021-12-16,Johnson&Johnson,3564920
Germany,2021-12-17,Johnson&Johnson,3568379
Germany,2021-12-18,Johnson&Johnson,3570153
Germany,2021-12-19,Johnson&Johnson,3570905
Germany,2021-12-20,Johnson&Johnson,3572826
Germany,2021-12-21,Johnson&Johnson,3575444
Germany,2021-12-22,Johnson&Johnson,3577326
Germany,2021-12-23,Johnson&Johnson,3578805
Germany,2021-12-24,Johnson&Johnson,3579645
Germany,2021-12-25,Johnson&Johnson,3579732
Germany,2021-12-26,Johnson&Johnson,3579822
Germany,2021-12-27,Johnson&Johnson,3580906
Germany,2021-12-28,Johnson&Johnson,3582344
Germany,2021-12-29,Johnson&Johnson,3583329
Germany,2021-12-30,Johnson&Johnson,3584551
Germany,2021-12-31,Johnson&Johnson,3585440
Germany,2022-01-01,Johnson&Johnson,3585471
Germany,2022-01-02,Johnson&Johnson,3585615
Germany,2022-01-03,Johnson&Johnson,3586313
Germany,2022-01-04,Johnson&Johnson,3587423
Germany,2022-01-05,Johnson&Johnson,3588338
Germany,2022-01-06,Johnson&Johnson,3589175
Germany,2022-01-07,Johnson&Johnson,3591088
Germany,2022-01-08,Johnson&Johnson,3591951
Germany,2022-01-09,Johnson&Johnson,3592200
Germany,2022-01-10,Johnson&Johnson,3593237
Germany,2022-01-11,Johnson&Johnson,3594997
Germany,2022-01-12,Johnson&Johnson,3596568
Germany,2022-01-13,Johnson&Johnson,3598336
Germany,2022-01-14,Johnson&Johnson,3600512
Germany,2022-01-15,Johnson&Johnson,3601135
Germany,2022-01-16,Johnson&Johnson,3601501
Germany,2022-01-17,Johnson&Johnson,3602480
Germany,2022-01-18,Johnson&Johnson,3603697
Germany,2022-01-19,Johnson&Johnson,3605180
Germany,2022-01-20,Johnson&Johnson,3606119
Germany,2022-01-21,Johnson&Johnson,3607127
Germany,2022-01-22,Johnson&Johnson,3607766
Germany,2022-01-23,Johnson&Johnson,3607846
Germany,2022-01-24,Johnson&Johnson,3608356
Germany,2022-01-25,Johnson&Johnson,3609650
Germany,2022-01-26,Johnson&Johnson,3610496
Germany,2022-01-27,Johnson&Johnson,3613332
Germany,2022-01-28,Johnson&Johnson,3614053
Germany,2022-01-29,Johnson&Johnson,3614293
Germany,2022-01-30,Johnson&Johnson,3614396
Germany,2022-01-31,Johnson&Johnson,3614993
Germany,2022-02-01,Johnson&Johnson,3615366
Germany,2022-02-02,Johnson&Johnson,3616221
Germany,2022-02-03,Johnson&Johnson,3616771
Germany,2022-02-04,Johnson&Johnson,3617251
Germany,2022-02-05,Johnson&Johnson,3617465
Germany,2022-02-06,Johnson&Johnson,3617559
Germany,2022-02-07,Johnson&Johnson,3617848
Germany,2022-02-08,Johnson&Johnson,3618483
Germany,2022-02-09,Johnson&Johnson,3618925
Germany,2022-02-10,Johnson&Johnson,3619466
Germany,2022-02-11,Johnson&Johnson,3619973
Germany,2022-02-12,Johnson&Johnson,3620142
Germany,2022-02-13,Johnson&Johnson,3620224
Germany,2022-02-14,Johnson&Johnson,3620455
Germany,2022-02-15,Johnson&Johnson,3620784
Germany,2022-02-16,Johnson&Johnson,3621126
Germany,2022-02-17,Johnson&Johnson,3621423
Germany,2022-02-18,Johnson&Johnson,3621647
Germany,2022-02-19,Johnson&Johnson,3621766
Germany,2022-02-20,Johnson&Johnson,3621810
Germany,2022-02-21,Johnson&Johnson,3621967
Germany,2022-02-22,Johnson&Johnson,3622485
Germany,2022-02-23,Johnson&Johnson,3622679
Germany,2022-02-24,Johnson&Johnson,3622914
Germany,2022-02-25,Johnson&Johnson,3623244
Germany,2022-02-26,Johnson&Johnson,3623325
Germany,2022-02-27,Johnson&Johnson,3623348
Germany,2022-02-28,Johnson&Johnson,3623504
Germany,2022-03-01,Johnson&Johnson,3623716
Germany,2022-03-02,Johnson&Johnson,3623894
Germany,2022-03-03,Johnson&Johnson,3624228
Germany,2022-03-04,Johnson&Johnson,3624452
Germany,2020-12-27,Moderna,8
Germany,2020-12-28,Moderna,9
Germany,2020-12-29,Moderna,9
Germany,2020-12-30,Moderna,10
Germany,2020-12-31,Moderna,12
Germany,2021-01-01,Moderna,28
Germany,2021-01-02,Moderna,29
Germany,2021-01-03,Moderna,40
Germany,2021-01-04,Moderna,53
Germany,2021-01-05,Moderna,68
Germany,2021-01-06,Moderna,77
Germany,2021-01-07,Moderna,86
Germany,2021-01-08,Moderna,140
Germany,2021-01-09,Moderna,152
Germany,2021-01-10,Moderna,170
Germany,2021-01-11,Moderna,187
Germany,2021-01-12,Moderna,211
Germany,2021-01-13,Moderna,1393
Germany,2021-01-14,Moderna,6562
Germany,2021-01-15,Moderna,11847
Germany,2021-01-16,Moderna,13541
Germany,2021-01-17,Moderna,14806
Germany,2021-01-18,Moderna,19069
Germany,2021-01-19,Moderna,22838
Germany,2021-01-20,Moderna,25682
Germany,2021-01-21,Moderna,28508
Germany,2021-01-22,Moderna,30705
Germany,2021-01-23,Moderna,31066
Germany,2021-01-24,Moderna,31270
Germany,2021-01-25,Moderna,32725
Germany,2021-01-26,Moderna,34168
Germany,2021-01-27,Moderna,35962
Germany,2021-01-28,Moderna,37597
Germany,2021-01-29,Moderna,39083
Germany,2021-01-30,Moderna,39967
Germany,2021-01-31,Moderna,40351
Germany,2021-02-01,Moderna,42575
Germany,2021-02-02,Moderna,45715
Germany,2021-02-03,Moderna,52116
Germany,2021-02-04,Moderna,58017
Germany,2021-02-05,Moderna,64494
Germany,2021-02-06,Moderna,67133
Germany,2021-02-07,Moderna,69475
Germany,2021-02-08,Moderna,73317
Germany,2021-02-09,Moderna,76765
Germany,2021-02-10,Moderna,81065
Germany,2021-02-11,Moderna,88385
Germany,2021-02-12,Moderna,97770
Germany,2021-02-13,Moderna,101045
Germany,2021-02-14,Moderna,103530
Germany,2021-02-15,Moderna,108856
Germany,2021-02-16,Moderna,115074
Germany,2021-02-17,Moderna,123139
Germany,2021-02-18,Moderna,131432
Germany,2021-02-19,Moderna,141479
Germany,2021-02-20,Moderna,145963
Germany,2021-02-21,Moderna,149614
Germany,2021-02-22,Moderna,158693
Germany,2021-02-23,Moderna,166061
Germany,2021-02-24,Moderna,173726
Germany,2021-02-25,Moderna,180521
Germany,2021-02-26,Moderna,189411
Germany,2021-02-27,Moderna,193504
Germany,2021-02-28,Moderna,197476
Germany,2021-03-01,Moderna,207196
Germany,2021-03-02,Moderna,217316
Germany,2021-03-03,Moderna,232506
Germany,2021-03-04,Moderna,247028
Germany,2021-03-05,Moderna,260430
Germany,2021-03-06,Moderna,269299
Germany,2021-03-07,Moderna,275989
Germany,2021-03-08,Moderna,286983
Germany,2021-03-09,Moderna,299793
Germany,2021-03-10,Moderna,312053
Germany,2021-03-11,Moderna,325836
Germany,2021-03-12,Moderna,343174
Germany,2021-03-13,Moderna,352774
Germany,2021-03-14,Moderna,358297
Germany,2021-03-15,Moderna,371056
Germany,2021-03-16,Moderna,382372
Germany,2021-03-17,Moderna,400437
Germany,2021-03-18,Moderna,418671
Germany,2021-03-19,Moderna,439555
Germany,2021-03-20,Moderna,454912
Germany,2021-03-21,Moderna,464126
Germany,2021-03-22,Moderna,488013
Germany,2021-03-23,Moderna,507876
Germany,2021-03-24,Moderna,541075
Germany,2021-03-25,Moderna,568803
Germany,2021-03-26,Moderna,606171
Germany,2021-03-27,Moderna,633892
Germany,2021-03-28,Moderna,652458
Germany,2021-03-29,Moderna,677496
Germany,2021-03-30,Moderna,702032
Germany,2021-03-31,Moderna,738281
Germany,2021-04-01,Moderna,770818
Germany,2021-04-02,Moderna,785249
Germany,2021-04-03,Moderna,801107
Germany,2021-04-04,Moderna,811196
Germany,2021-04-05,Moderna,829095
Germany,2021-04-06,Moderna,861346
Germany,2021-04-07,Moderna,898488
Germany,2021-04-08,Moderna,934207
Germany,2021-04-09,Moderna,970972
Germany,2021-04-10,Moderna,994251
Germany,2021-04-11,Moderna,1012952
Germany,2021-04-12,Moderna,1042263
Germany,2021-04-13,Moderna,1069622
Germany,2021-04-14,Moderna,1103242
Germany,2021-04-15,Moderna,1139519
Germany,2021-04-16,Moderna,1172222
Germany,2021-04-17,Moderna,1194955
Germany,2021-04-18,Moderna,1210378
Germany,2021-04-19,Moderna,1243406
Germany,2021-04-20,Moderna,1282746
Germany,2021-04-21,Moderna,1324554
Germany,2021-04-22,Moderna,1368649
Germany,2021-04-23,Moderna,1412325
Germany,2021-04-24,Moderna,1461882
Germany,2021-04-25,Moderna,1495618
Germany,2021-04-26,Moderna,1538210
Germany,2021-04-27,Moderna,1589902
Germany,2021-04-28,Moderna,1650743
Germany,2021-04-29,Moderna,1714876
Germany,2021-04-30,Moderna,1772294
Germany,2021-05-01,Moderna,1813880
Germany,2021-05-02,Moderna,1851459
Germany,2021-05-03,Moderna,1922201
Germany,2021-05-04,Moderna,1985794
Germany,2021-05-05,Moderna,2064966
Germany,2021-05-06,Moderna,2157274
Germany,2021-05-07,Moderna,2244089
Germany,2021-05-08,Moderna,2316096
Germany,2021-05-09,Moderna,2372760
Germany,2021-05-10,Moderna,2454736
Germany,2021-05-11,Moderna,2534887
Germany,2021-05-12,Moderna,2626882
Germany,2021-05-13,Moderna,2693731
Germany,2021-05-14,Moderna,2758763
Germany,2021-05-15,Moderna,2819419
Germany,2021-05-16,Moderna,2872263
Germany,2021-05-17,Moderna,2958083
Germany,2021-05-18,Moderna,3059329
Germany,2021-05-19,Moderna,3159723
Germany,2021-05-20,Moderna,3256429
Germany,2021-05-21,Moderna,3342475
Germany,2021-05-22,Moderna,3412110
Germany,2021-05-23,Moderna,3471606
Germany,2021-05-24,Moderna,3533172
Germany,2021-05-25,Moderna,3613186
Germany,2021-05-26,Moderna,3695871
Germany,2021-05-27,Moderna,3785441
Germany,2021-05-28,Moderna,3871966
Germany,2021-05-29,Moderna,3934644
Germany,2021-05-30,Moderna,3981730
Germany,2021-05-31,Moderna,4049574
Germany,2021-06-01,Moderna,4129717
Germany,2021-06-02,Moderna,4202637
Germany,2021-06-03,Moderna,4267216
Germany,2021-06-04,Moderna,4338661
Germany,2021-06-05,Moderna,4405744
Germany,2021-06-06,Moderna,4446824
Germany,2021-06-07,Moderna,4532155
Germany,2021-06-08,Moderna,4607832
Germany,2021-06-09,Moderna,4695508
Germany,2021-06-10,Moderna,4785643
Germany,2021-06-11,Moderna,4875086
Germany,2021-06-12,Moderna,4947562
Germany,2021-06-13,Moderna,5011175
Germany,2021-06-14,Moderna,5112690
Germany,2021-06-15,Moderna,5217598
Germany,2021-06-16,Moderna,5324333
Germany,2021-06-17,Moderna,5428123
Germany,2021-06-18,Moderna,5522765
Germany,2021-06-19,Moderna,5605272
Germany,2021-06-20,Moderna,5676820
Germany,2021-06-21,Moderna,5774742
Germany,2021-06-22,Moderna,5870841
Germany,2021-06-23,Moderna,5967160
Germany,2021-06-24,Moderna,6054681
Germany,2021-06-25,Moderna,6131423
Germany,2021-06-26,Moderna,6200601
Germany,2021-06-27,Moderna,6258808
Germany,2021-06-28,Moderna,6348991
Germany,2021-06-29,Moderna,6442114
Germany,2021-06-30,Moderna,6536376
Germany,2021-07-01,Moderna,6618884
Germany,2021-07-02,Moderna,6712956
Germany,2021-07-03,Moderna,6792388
Germany,2021-07-04,Moderna,6860630
Germany,2021-07-05,Moderna,6954715
Germany,2021-07-06,Moderna,7053307
Germany,2021-07-07,Moderna,7148310
Germany,2021-07-08,Moderna,7248511
Germany,2021-07-09,Moderna,7346661
Germany,2021-07-10,Moderna,7431075
Germany,2021-07-11,Moderna,7494959
Germany,2021-07-12,Moderna,7573838
Germany,2021-07-13,Moderna,7651217
Germany,2021-07-14,Moderna,7723088
Germany,2021-07-15,Moderna,7793879
Germany,2021-07-16,Moderna,7858164
Germany,2021-07-17,Moderna,7921620
Germany,2021-07-18,Moderna,7963393
Germany,2021-07-19,Moderna,8014087
Germany,2021-07-20,Moderna,8062407
Germany,2021-07-21,Moderna,8108486
Germany,2021-07-22,Moderna,8151924
Germany,2021-07-23,Moderna,8194238
Germany,2021-07-24,Moderna,8231840
Germany,2021-07-25,Moderna,8263383
Germany,2021-07-26,Moderna,8303432
Germany,2021-07-27,Moderna,8345786
Germany,2021-07-28,Moderna,8392841
Germany,2021-07-29,Moderna,8436489
Germany,2021-07-30,Moderna,8482111
Germany,2021-07-31,Moderna,8518237
Germany,2021-08-01,Moderna,8543399
Germany,2021-08-02,Moderna,8576925
Germany,2021-08-03,Moderna,8615514
Germany,2021-08-04,Moderna,8652249
Germany,2021-08-05,Moderna,8692130
Germany,2021-08-06,Moderna,8728087
Germany,2021-08-07,Moderna,8760030
Germany,2021-08-08,Moderna,8781874
Germany,2021-08-09,Moderna,8823534
Germany,2021-08-10,Moderna,8866295
Germany,2021-08-11,Moderna,8913613
Germany,2021-08-12,Moderna,8952042
Germany,2021-08-13,Moderna,8993272
Germany,2021-08-14,Moderna,9025668
Germany,2021-08-15,Moderna,9046532
Germany,2021-08-16,Moderna,9079739
Germany,2021-08-17,Moderna,9109507
Germany,2021-08-18,Moderna,9139899
Germany,2021-08-19,Moderna,9166251
Germany,2021-08-20,Moderna,9190264
Germany,2021-08-21,Moderna,9211372
Germany,2021-08-22,Moderna,9226902
Germany,2021-08-23,Moderna,9256064
Germany,2021-08-24,Moderna,9281997
Germany,2021-08-25,Moderna,9306915
Germany,2021-08-26,Moderna,9329077
Germany,2021-08-27,Moderna,9351506
Germany,2021-08-28,Moderna,9366861
Germany,2021-08-29,Moderna,9375281
Germany,2021-08-30,Moderna,9392433
Germany,2021-08-31,Moderna,9408277
Germany,2021-09-01,Moderna,9424011
Germany,2021-09-02,Moderna,9437076
Germany,2021-09-03,Moderna,9449326
Germany,2021-09-04,Moderna,9457863
Germany,2021-09-05,Moderna,9463558
Germany,2021-09-06,Moderna,9473302
Germany,2021-09-07,Moderna,9482586
Germany,2021-09-08,Moderna,9494754
Germany,2021-09-09,Moderna,9506225
Germany,2021-09-10,Moderna,9518726
Germany,2021-09-11,Moderna,9527549
Germany,2021-09-12,Moderna,9532695
Germany,2021-09-13,Moderna,9542861
Germany,2021-09-14,Moderna,9551218
Germany,2021-09-15,Moderna,9562587
Germany,2021-09-16,Moderna,9572539
Germany,2021-09-17,Moderna,9583552
Germany,2021-09-18,Moderna,9591178
Germany,2021-09-19,Moderna,9597014
Germany,2021-09-20,Moderna,9604878
Germany,2021-09-21,Moderna,9612787
Germany,2021-09-22,Moderna,9622744
Germany,2021-09-23,Moderna,9631145
Germany,2021-09-24,Moderna,9640761
Germany,2021-09-25,Moderna,9647053
Germany,2021-09-26,Moderna,9650890
Germany,2021-09-27,Moderna,9657165
Germany,2021-09-28,Moderna,9662911
Germany,2021-09-29,Moderna,9668594
Germany,2021-09-30,Moderna,9674459
Germany,2021-10-01,Moderna,9677438
Germany,2021-10-02,Moderna,9679386
Germany,2021-10-03,Moderna,9680531
Germany,2021-10-04,Moderna,9684029
Germany,2021-10-05,Moderna,9687545
Germany,2021-10-06,Moderna,9691594
Germany,2021-10-07,Moderna,9695955
Germany,2021-10-08,Moderna,9700257
Germany,2021-10-09,Moderna,9702748
Germany,2021-10-10,Moderna,9703691
Germany,2021-10-11,Moderna,9707140
Germany,2021-10-12,Moderna,9712227
Germany,2021-10-13,Moderna,9717574
Germany,2021-10-14,Moderna,9722899
Germany,2021-10-15,Moderna,9728361
Germany,2021-10-16,Moderna,9730967
Germany,2021-10-17,Moderna,9733184
Germany,2021-10-18,Moderna,9736891
Germany,2021-10-19,Moderna,9741904
Germany,2021-10-20,Moderna,9746749
Germany,2021-10-21,Moderna,9751304
Germany,2021-10-22,Moderna,9756433
Germany,2021-10-23,Moderna,9759468
Germany,2021-10-24,Moderna,9760206
Germany,2021-10-25,Moderna,9763930
Germany,2021-10-26,Moderna,9769042
Germany,2021-10-27,Moderna,9775703
Germany,2021-10-28,Moderna,9781985
Germany,2021-10-29,Moderna,9789124
Germany,2021-10-30,Moderna,9792706
Germany,2021-10-31,Moderna,9793606
Germany,2021-11-01,Moderna,9797138
Germany,2021-11-02,Moderna,9803840
Germany,2021-11-03,Moderna,9812253
Germany,2021-11-04,Moderna,9820515
Germany,2021-11-05,Moderna,9829810
Germany,2021-11-06,Moderna,9835381
Germany,2021-11-07,Moderna,9837573
Germany,2021-11-08,Moderna,9844854
Germany,2021-11-09,Moderna,9855063
Germany,2021-11-10,Moderna,9866204
Germany,2021-11-11,Moderna,9878614
Germany,2021-11-12,Moderna,9890093
Germany,2021-11-13,Moderna,9895807
Germany,2021-11-14,Moderna,9898435
Germany,2021-11-15,Moderna,9908480
Germany,2021-11-16,Moderna,9921280
Germany,2021-11-17,Moderna,9937832
Germany,2021-11-18,Moderna,9956179
Germany,2021-11-19,Moderna,9976684
Germany,2021-11-20,Moderna,9990047
Germany,2021-11-21,Moderna,9998855
Germany,2021-11-22,Moderna,10022335
Germany,2021-11-23,Moderna,10058441
Germany,2021-11-24,Moderna,10109262
Germany,2021-11-25,Moderna,10163873
Germany,2021-11-26,Moderna,10229238
Germany,2021-11-27,Moderna,10302733
Germany,2021-11-28,Moderna,10344138
Germany,2021-11-29,Moderna,10449081
Germany,2021-11-30,Moderna,10687586
Germany,2021-12-01,Moderna,11056079
Germany,2021-12-02,Moderna,11440831
Germany,2021-12-03,Moderna,11825967
Germany,2021-12-04,Moderna,12235699
Germany,2021-12-05,Moderna,12388289
Germany,2021-12-06,Moderna,12736795
Germany,2021-12-07,Moderna,13239338
Germany,2021-12-08,Moderna,13856390
Germany,2021-12-09,Moderna,14451560
Germany,2021-12-10,Moderna,15051426
Germany,2021-12-11,Moderna,15626674
Germany,2021-12-12,Moderna,15823403
Germany,2021-12-13,Moderna,16248278
Germany,2021-12-14,Moderna,16783850
Germany,2021-12-15,Moderna,17519707
Germany,2021-12-16,Moderna,18138635
Germany,2021-12-17,Moderna,18709970
Germany,2021-12-18,Moderna,19192013
Germany,2021-12-19,Moderna,19389769
Germany,2021-12-20,Moderna,19842346
Germany,2021-12-21,Moderna,20369221
Germany,2021-12-22,Moderna,20889643
Germany,2021-12-23,Moderna,21241962
Germany,2021-12-24,Moderna,21276849
Germany,2021-12-25,Moderna,21294343
Germany,2021-12-26,Moderna,21328383
Germany,2021-12-27,Moderna,21622259
Germany,2021-12-28,Moderna,21964691
Germany,2021-12-29,Moderna,22301718
Germany,2021-12-30,Moderna,22568738
Germany,2021-12-31,Moderna,22623590
Germany,2022-01-01,Moderna,22638776
Germany,2022-01-02,Moderna,22710423
Germany,2022-01-03,Moderna,22939159
Germany,2022-01-04,Moderna,23250102
Germany,2022-01-05,Moderna,23605605
Germany,2022-01-06,Moderna,23895997
Germany,2022-01-07,Moderna,24212205
Germany,2022-01-08,Moderna,24429143
Germany,2022-01-09,Moderna,24498214
Germany,2022-01-10,Moderna,24738213
Germany,2022-01-11,Moderna,25067661
Germany,2022-01-12,Moderna,25423308
Germany,2022-01-13,Moderna,25754921
Germany,2022-01-14,Moderna,26055315
Germany,2022-01-15,Moderna,26229291
Germany,2022-01-16,Moderna,26284931
Germany,2022-01-17,Moderna,26466518
Germany,2022-01-18,Moderna,26700395
Germany,2022-01-19,Moderna,26936700
Germany,2022-01-20,Moderna,27180805
Germany,2022-01-21,Moderna,27379787
Germany,2022-01-22,Moderna,27475949
Germany,2022-01-23,Moderna,27508679
Germany,2022-01-24,Moderna,27628792
Germany,2022-01-25,Moderna,27782439
Germany,2022-01-26,Moderna,27929549
Germany,2022-01-27,Moderna,28072751
Germany,2022-01-28,Moderna,28189640
Germany,2022-01-29,Moderna,28244314
Germany,2022-01-30,Moderna,28263529
Germany,2022-01-31,Moderna,28323551
Germany,2022-02-01,Moderna,28391574
Germany,2022-02-02,Moderna,28471477
Germany,2022-02-03,Moderna,28541241
Germany,2022-02-04,Moderna,28605458
Germany,2022-02-05,Moderna,28633585
Germany,2022-02-06,Moderna,28642930
Germany,2022-02-07,Moderna,28676904
Germany,2022-02-08,Moderna,28730017
Germany,2022-02-09,Moderna,28783042
Germany,2022-02-10,Moderna,28825641
Germany,2022-02-11,Moderna,28863792
Germany,2022-02-12,Moderna,28880839
Germany,2022-02-13,Moderna,28886579
Germany,2022-02-14,Moderna,28906821
Germany,2022-02-15,Moderna,28939194
Germany,2022-02-16,Moderna,28966927
Germany,2022-02-17,Moderna,28993622
Germany,2022-02-18,Moderna,29019069
Germany,2022-02-19,Moderna,29028813
Germany,2022-02-20,Moderna,29033647
Germany,2022-02-21,Moderna,29050929
Germany,2022-02-22,Moderna,29071839
Germany,2022-02-23,Moderna,29093853
Germany,2022-02-24,Moderna,29115591
Germany,2022-02-25,Moderna,29133338
Germany,2022-02-26,Moderna,29140482
Germany,2022-02-27,Moderna,29142630
Germany,2022-02-28,Moderna,29155997
Germany,2022-03-01,Moderna,29170703
Germany,2022-03-02,Moderna,29185542
Germany,2022-03-03,Moderna,29204197
Germany,2022-03-04,Moderna,29216413
Germany,2020-12-27,Novavax,0
Germany,2020-12-28,Novavax,0
Germany,2020-12-29,Novavax,0
Germany,2020-12-30,Novavax,0
Germany,2020-12-31,Novavax,0
Germany,2021-01-01,Novavax,0
Germany,2021-01-02,Novavax,0
Germany,2021-01-03,Novavax,0
Germany,2021-01-04,Novavax,0
Germany,2021-01-05,Novavax,0
Germany,2021-01-06,Novavax,0
Germany,2021-01-07,Novavax,0
Germany,2021-01-08,Novavax,0
Germany,2021-01-09,Novavax,0
Germany,2021-01-10,Novavax,0
Germany,2021-01-11,Novavax,0
Germany,2021-01-12,Novavax,0
Germany,2021-01-13,Novavax,0
Germany,2021-01-14,Novavax,0
Germany,2021-01-15,Novavax,0
Germany,2021-01-16,Novavax,0
Germany,2021-01-17,Novavax,0
Germany,2021-01-18,Novavax,0
Germany,2021-01-19,Novavax,0
Germany,2021-01-20,Novavax,0
Germany,2021-01-21,Novavax,0
Germany,2021-01-22,Novavax,0
Germany,2021-01-23,Novavax,0
Germany,2021-01-24,Novavax,0
Germany,2021-01-25,Novavax,0
Germany,2021-01-26,Novavax,0
Germany,2021-01-27,Novavax,0
Germany,2021-01-28,Novavax,0
Germany,2021-01-29,Novavax,0
Germany,2021-01-30,Novavax,0
Germany,2021-01-31,Novavax,0
Germany,2021-02-01,Novavax,0
Germany,2021-02-02,Novavax,0
Germany,2021-02-03,Novavax,0
Germany,2021-02-04,Novavax,0
Germany,2021-02-05,Novavax,0
Germany,2021-02-06,Novavax,0
Germany,2021-02-07,Novavax,0
Germany,2021-02-08,Novavax,0
Germany,2021-02-09,Novavax,0
Germany,2021-02-10,Novavax,0
Germany,2021-02-11,Novavax,0
Germany,2021-02-12,Novavax,0
Germany,2021-02-13,Novavax,0
Germany,2021-02-14,Novavax,0
Germany,2021-02-15,Novavax,0
Germany,2021-02-16,Novavax,0
Germany,2021-02-17,Novavax,0
Germany,2021-02-18,Novavax,0
Germany,2021-02-19,Novavax,0
Germany,2021-02-20,Novavax,0
Germany,2021-02-21,Novavax,0
Germany,2021-02-22,Novavax,0
Germany,2021-02-23,Novavax,0
Germany,2021-02-24,Novavax,0
Germany,2021-02-25,Novavax,0
Germany,2021-02-26,Novavax,0
Germany,2021-02-27,Novavax,0
Germany,2021-02-28,Novavax,0
Germany,2021-03-01,Novavax,0
Germany,2021-03-02,Novavax,0
Germany,2021-03-03,Novavax,0
Germany,2021-03-04,Novavax,0
Germany,2021-03-05,Novavax,0
Germany,2021-03-06,Novavax,0
Germany,2021-03-07,Novavax,0
Germany,2021-03-08,Novavax,0
Germany,2021-03-09,Novavax,0
Germany,2021-03-10,Novavax,0
Germany,2021-03-11,Novavax,0
Germany,2021-03-12,Novavax,0
Germany,2021-03-13,Novavax,0
Germany,2021-03-14,Novavax,0
Germany,2021-03-15,Novavax,0
Germany,2021-03-16,Novavax,0
Germany,2021-03-17,Novavax,0
Germany,2021-03-18,Novavax,0
Germany,2021-03-19,Novavax,0
Germany,2021-03-20,Novavax,0
Germany,2021-03-21,Novavax,0
Germany,2021-03-22,Novavax,0
Germany,2021-03-23,Novavax,0
Germany,2021-03-24,Novavax,0
Germany,2021-03-25,Novavax,0
Germany,2021-03-26,Novavax,0
Germany,2021-03-27,Novavax,0
Germany,2021-03-28,Novavax,0
Germany,2021-03-29,Novavax,0
Germany,2021-03-30,Novavax,0
Germany,2021-03-31,Novavax,0
Germany,2021-04-01,Novavax,0
Germany,2021-04-02,Novavax,0
Germany,2021-04-03,Novavax,0
Germany,2021-04-04,Novavax,0
Germany,2021-04-05,Novavax,0
Germany,2021-04-06,Novavax,0
Germany,2021-04-07,Novavax,0
Germany,2021-04-08,Novavax,0
Germany,2021-04-09,Novavax,0
Germany,2021-04-10,Novavax,0
Germany,2021-04-11,Novavax,0
Germany,2021-04-12,Novavax,0
Germany,2021-04-13,Novavax,0
Germany,2021-04-14,Novavax,0
Germany,2021-04-15,Novavax,0
Germany,2021-04-16,Novavax,0
Germany,2021-04-17,Novavax,0
Germany,2021-04-18,Novavax,0
Germany,2021-04-19,Novavax,0
Germany,2021-04-20,Novavax,0
Germany,2021-04-21,Novavax,0
Germany,2021-04-22,Novavax,0
Germany,2021-04-23,Novavax,0
Germany,2021-04-24,Novavax,0
Germany,2021-04-25,Novavax,0
Germany,2021-04-26,Novavax,0
Germany,2021-04-27,Novavax,0
Germany,2021-04-28,Novavax,0
Germany,2021-04-29,Novavax,0
Germany,2021-04-30,Novavax,0
Germany,2021-05-01,Novavax,0
Germany,2021-05-02,Novavax,0
Germany,2021-05-03,Novavax,0
Germany,2021-05-04,Novavax,0
Germany,2021-05-05,Novavax,0
Germany,2021-05-06,Novavax,0
Germany,2021-05-07,Novavax,0
Germany,2021-05-08,Novavax,0
Germany,2021-05-09,Novavax,0
Germany,2021-05-10,Novavax,0
Germany,2021-05-11,Novavax,0
Germany,2021-05-12,Novavax,0
Germany,2021-05-13,Novavax,0
Germany,2021-05-14,Novavax,0
Germany,2021-05-15,Novavax,0
Germany,2021-05-16,Novavax,0
Germany,2021-05-17,Novavax,0
Germany,2021-05-18,Novavax,0
Germany,2021-05-19,Novavax,0
Germany,2021-05-20,Novavax,0
Germany,2021-05-21,Novavax,0
Germany,2021-05-22,Novavax,0
Germany,2021-05-23,Novavax,0
Germany,2021-05-24,Novavax,0
Germany,2021-05-25,Novavax,0
Germany,2021-05-26,Novavax,0
Germany,2021-05-27,Novavax,0
Germany,2021-05-28,Novavax,0
Germany,2021-05-29,Novavax,0
Germany,2021-05-30,Novavax,0
Germany,2021-05-31,Novavax,0
Germany,2021-06-01,Novavax,0
Germany,2021-06-02,Novavax,0
Germany,2021-06-03,Novavax,0
Germany,2021-06-04,Novavax,0
Germany,2021-06-05,Novavax,0
Germany,2021-06-06,Novavax,0
Germany,2021-06-07,Novavax,0
Germany,2021-06-08,Novavax,0
Germany,2021-06-09,Novavax,0
Germany,2021-06-10,Novavax,0
Germany,2021-06-11,Novavax,0
Germany,2021-06-12,Novavax,0
Germany,2021-06-13,Novavax,0
Germany,2021-06-14,Novavax,0
Germany,2021-06-15,Novavax,0
Germany,2021-06-16,Novavax,0
Germany,2021-06-17,Novavax,0
Germany,2021-06-18,Novavax,0
Germany,2021-06-19,Novavax,0
Germany,2021-06-20,Novavax,0
Germany,2021-06-21,Novavax,0
Germany,2021-06-22,Novavax,0
Germany,2021-06-23,Novavax,0
Germany,2021-06-24,Novavax,0
Germany,2021-06-25,Novavax,0
Germany,2021-06-26,Novavax,0
Germany,2021-06-27,Novavax,0
Germany,2021-06-28,Novavax,0
Germany,2021-06-29,Novavax,0
Germany,2021-06-30,Novavax,0
Germany,2021-07-01,Novavax,0
Germany,2021-07-02,Novavax,0
Germany,2021-07-03,Novavax,0
Germany,2021-07-04,Novavax,0
Germany,2021-07-05,Novavax,0
Germany,2021-07-06,Novavax,0
Germany,2021-07-07,Novavax,0
Germany,2021-07-08,Novavax,0
Germany,2021-07-09,Novavax,0
Germany,2021-07-10,Novavax,0
Germany,2021-07-11,Novavax,0
Germany,2021-07-12,Novavax,0
Germany,2021-07-13,Novavax,0
Germany,2021-07-14,Novavax,0
Germany,2021-07-15,Novavax,0
Germany,2021-07-16,Novavax,0
Germany,2021-07-17,Novavax,0
Germany,2021-07-18,Novavax,0
Germany,2021-07-19,Novavax,0
Germany,2021-07-20,Novavax,0
Germany,2021-07-21,Novavax,0
Germany,2021-07-22,Novavax,0
Germany,2021-07-23,Novavax,0
Germany,2021-07-24,Novavax,0
Germany,2021-07-25,Novavax,0
Germany,2021-07-26,Novavax,0
Germany,2021-07-27,Novavax,0
Germany,2021-07-28,Novavax,0
Germany,2021-07-29,Novavax,0
Germany,2021-07-30,Novavax,0
Germany,2021-07-31,Novavax,0
Germany,2021-08-01,Novavax,0
Germany,2021-08-02,Novavax,0
Germany,2021-08-03,Novavax,0
Germany,2021-08-04,Novavax,0
Germany,2021-08-05,Novavax,0
Germany,2021-08-06,Novavax,0
Germany,2021-08-07,Novavax,0
Germany,2021-08-08,Novavax,0
Germany,2021-08-09,Novavax,0
Germany,2021-08-10,Novavax,0
Germany,2021-08-11,Novavax,0
Germany,2021-08-12,Novavax,0
Germany,2021-08-13,Novavax,0
Germany,2021-08-14,Novavax,0
Germany,2021-08-15,Novavax,0
Germany,2021-08-16,Novavax,0
Germany,2021-08-17,Novavax,0
Germany,2021-08-18,Novavax,0
Germany,2021-08-19,Novavax,0
Germany,2021-08-20,Novavax,0
Germany,2021-08-21,Novavax,0
Germany,2021-08-22,Novavax,0
Germany,2021-08-23,Novavax,0
Germany,2021-08-24,Novavax,0
Germany,2021-08-25,Novavax,0
Germany,2021-08-26,Novavax,0
Germany,2021-08-27,Novavax,0
Germany,2021-08-28,Novavax,0
Germany,2021-08-29,Novavax,0
Germany,2021-08-30,Novavax,0
Germany,2021-08-31,Novavax,0
Germany,2021-09-01,Novavax,0
Germany,2021-09-02,Novavax,0
Germany,2021-09-03,Novavax,0
Germany,2021-09-04,Novavax,0
Germany,2021-09-05,Novavax,0
Germany,2021-09-06,Novavax,0
Germany,2021-09-07,Novavax,0
Germany,2021-09-08,Novavax,0
Germany,2021-09-09,Novavax,0
Germany,2021-09-10,Novavax,0
Germany,2021-09-11,Novavax,0
Germany,2021-09-12,Novavax,0
Germany,2021-09-13,Novavax,0
Germany,2021-09-14,Novavax,0
Germany,2021-09-15,Novavax,0
Germany,2021-09-16,Novavax,0
Germany,2021-09-17,Novavax,0
Germany,2021-09-18,Novavax,0
Germany,2021-09-19,Novavax,0
Germany,2021-09-20,Novavax,0
Germany,2021-09-21,Novavax,0
Germany,2021-09-22,Novavax,0
Germany,2021-09-23,Novavax,0
Germany,2021-09-24,Novavax,0
Germany,2021-09-25,Novavax,0
Germany,2021-09-26,Novavax,0
Germany,2021-09-27,Novavax,0
Germany,2021-09-28,Novavax,0
Germany,2021-09-29,Novavax,0
Germany,2021-09-30,Novavax,0
Germany,2021-10-01,Novavax,0
Germany,2021-10-02,Novavax,0
Germany,2021-10-03,Novavax,0
Germany,2021-10-04,Novavax,0
Germany,2021-10-05,Novavax,0
Germany,2021-10-06,Novavax,0
Germany,2021-10-07,Novavax,0
Germany,2021-10-08,Novavax,0
Germany,2021-10-09,Novavax,0
Germany,2021-10-10,Novavax,0
Germany,2021-10-11,Novavax,0
Germany,2021-10-12,Novavax,0
Germany,2021-10-13,Novavax,0
Germany,2021-10-14,Novavax,0
Germany,2021-10-15,Novavax,0
Germany,2021-10-16,Novavax,0
Germany,2021-10-17,Novavax,0
Germany,2021-10-18,Novavax,0
Germany,2021-10-19,Novavax,0
Germany,2021-10-20,Novavax,0
Germany,2021-10-21,Novavax,0
Germany,2021-10-22,Novavax,0
Germany,2021-10-23,Novavax,0
Germany,2021-10-24,Novavax,0
Germany,2021-10-25,Novavax,0
Germany,2021-10-26,Novavax,0
Germany,2021-10-27,Novavax,0
Germany,2021-10-28,Novavax,0
Germany,2021-10-29,Novavax,0
Germany,2021-10-30,Novavax,0
Germany,2021-10-31,Novavax,0
Germany,2021-11-01,Novavax,0
Germany,2021-11-02,Novavax,0
Germany,2021-11-03,Novavax,0
Germany,2021-11-04,Novavax,0
Germany,2021-11-05,Novavax,0
Germany,2021-11-06,Novavax,0
Germany,2021-11-07,Novavax,0
Germany,2021-11-08,Novavax,0
Germany,2021-11-09,Novavax,0
Germany,2021-11-10,Novavax,0
Germany,2021-11-11,Novavax,0
Germany,2021-11-12,Novavax,0
Germany,2021-11-13,Novavax,0
Germany,2021-11-14,Novavax,0
Germany,2021-11-15,Novavax,0
Germany,2021-11-16,Novavax,0
Germany,2021-11-17,Novavax,0
Germany,2021-11-18,Novavax,0
Germany,2021-11-19,Novavax,0
Germany,2021-11-20,Novavax,0
Germany,2021-11-21,Novavax,0
Germany,2021-11-22,Novavax,0
Germany,2021-11-23,Novavax,0
Germany,2021-11-24,Novavax,0
Germany,2021-11-25,Novavax,0
Germany,2021-11-26,Novavax,0
Germany,2021-11-27,Novavax,0
Germany,2021-11-28,Novavax,0
Germany,2021-11-29,Novavax,0
Germany,2021-11-30,Novavax,0
Germany,2021-12-01,Novavax,0
Germany,2021-12-02,Novavax,0
Germany,2021-12-03,Novavax,0
Germany,2021-12-04,Novavax,0
Germany,2021-12-05,Novavax,0
Germany,2021-12-06,Novavax,0
Germany,2021-12-07,Novavax,0
Germany,2021-12-08,Novavax,0
Germany,2021-12-09,Novavax,0
Germany,2021-12-10,Novavax,0
Germany,2021-12-11,Novavax,0
Germany,2021-12-12,Novavax,0
Germany,2021-12-13,Novavax,0
Germany,2021-12-14,Novavax,0
Germany,2021-12-15,Novavax,0
Germany,2021-12-16,Novavax,0
Germany,2021-12-17,Novavax,0
Germany,2021-12-18,Novavax,0
Germany,2021-12-19,Novavax,0
Germany,2021-12-20,Novavax,0
Germany,2021-12-21,Novavax,0
Germany,2021-12-22,Novavax,0
Germany,2021-12-23,Novavax,0
Germany,2021-12-24,Novavax,0
Germany,2021-12-25,Novavax,0
Germany,2021-12-26,Novavax,0
Germany,2021-12-27,Novavax,0
Germany,2021-12-28,Novavax,0
Germany,2021-12-29,Novavax,0
Germany,2021-12-30,Novavax,0
Germany,2021-12-31,Novavax,0
Germany,2022-01-01,Novavax,0
Germany,2022-01-02,Novavax,0
Germany,2022-01-03,Novavax,0
Germany,2022-01-04,Novavax,0
Germany,2022-01-05,Novavax,0
Germany,2022-01-06,Novavax,0
Germany,2022-01-07,Novavax,0
Germany,2022-01-08,Novavax,0
Germany,2022-01-09,Novavax,0
Germany,2022-01-10,Novavax,0
Germany,2022-01-11,Novavax,0
Germany,2022-01-12,Novavax,0
Germany,2022-01-13,Novavax,0
Germany,2022-01-14,Novavax,0
Germany,2022-01-15,Novavax,0
Germany,2022-01-16,Novavax,0
Germany,2022-01-17,Novavax,0
Germany,2022-01-18,Novavax,0
Germany,2022-01-19,Novavax,0
Germany,2022-01-20,Novavax,0
Germany,2022-01-21,Novavax,0
Germany,2022-01-22,Novavax,0
Germany,2022-01-23,Novavax,0
Germany,2022-01-24,Novavax,0
Germany,2022-01-25,Novavax,0
Germany,2022-01-26,Novavax,0
Germany,2022-01-27,Novavax,0
Germany,2022-01-28,Novavax,0
Germany,2022-01-29,Novavax,0
Germany,2022-01-30,Novavax,0
Germany,2022-01-31,Novavax,0
Germany,2022-02-01,Novavax,0
Germany,2022-02-02,Novavax,0
Germany,2022-02-03,Novavax,0
Germany,2022-02-04,Novavax,0
Germany,2022-02-05,Novavax,0
Germany,2022-02-06,Novavax,0
Germany,2022-02-07,Novavax,0
Germany,2022-02-08,Novavax,0
Germany,2022-02-09,Novavax,0
Germany,2022-02-10,Novavax,0
Germany,2022-02-11,Novavax,0
Germany,2022-02-12,Novavax,0
Germany,2022-02-13,Novavax,0
Germany,2022-02-14,Novavax,0
Germany,2022-02-15,Novavax,0
Germany,2022-02-16,Novavax,0
Germany,2022-02-17,Novavax,0
Germany,2022-02-18,Novavax,0
Germany,2022-02-19,Novavax,0
Germany,2022-02-20,Novavax,0
Germany,2022-02-21,Novavax,0
Germany,2022-02-22,Novavax,0
Germany,2022-02-23,Novavax,0
Germany,2022-02-24,Novavax,0
Germany,2022-02-25,Novavax,0
Germany,2022-02-26,Novavax,550
Germany,2022-02-27,Novavax,1724
Germany,2022-02-28,Novavax,5307
Germany,2022-03-01,Novavax,8818
Germany,2022-03-02,Novavax,12563
Germany,2022-03-03,Novavax,16017
Germany,2022-03-04,Novavax,19120
Germany,2020-12-27,Oxford/AstraZeneca,1
Germany,2020-12-28,Oxford/AstraZeneca,2
Germany,2020-12-29,Oxford/AstraZeneca,3
Germany,2020-12-30,Oxford/AstraZeneca,3
Germany,2020-12-31,Oxford/AstraZeneca,4
Germany,2021-01-01,Oxford/AstraZeneca,9
Germany,2021-01-02,Oxford/AstraZeneca,9
Germany,2021-01-03,Oxford/AstraZeneca,9
Germany,2021-01-04,Oxford/AstraZeneca,9
Germany,2021-01-05,Oxford/AstraZeneca,9
Germany,2021-01-06,Oxford/AstraZeneca,12
Germany,2021-01-07,Oxford/AstraZeneca,15
Germany,2021-01-08,Oxford/AstraZeneca,18
Germany,2021-01-09,Oxford/AstraZeneca,19
Germany,2021-01-10,Oxford/AstraZeneca,20
Germany,2021-01-11,Oxford/AstraZeneca,22
Germany,2021-01-12,Oxford/AstraZeneca,26
Germany,2021-01-13,Oxford/AstraZeneca,26
Germany,2021-01-14,Oxford/AstraZeneca,28
Germany,2021-01-15,Oxford/AstraZeneca,47
Germany,2021-01-16,Oxford/AstraZeneca,48
Germany,2021-01-17,Oxford/AstraZeneca,49
Germany,2021-01-18,Oxford/AstraZeneca,51
Germany,2021-01-19,Oxford/AstraZeneca,102
Germany,2021-01-20,Oxford/AstraZeneca,106
Germany,2021-01-21,Oxford/AstraZeneca,110
Germany,2021-01-22,Oxford/AstraZeneca,124
Germany,2021-01-23,Oxford/AstraZeneca,129
Germany,2021-01-24,Oxford/AstraZeneca,133
Germany,2021-01-25,Oxford/AstraZeneca,136
Germany,2021-01-26,Oxford/AstraZeneca,143
Germany,2021-01-27,Oxford/AstraZeneca,151
Germany,2021-01-28,Oxford/AstraZeneca,154
Germany,2021-01-29,Oxford/AstraZeneca,225
Germany,2021-01-30,Oxford/AstraZeneca,228
Germany,2021-01-31,Oxford/AstraZeneca,233
Germany,2021-02-01,Oxford/AstraZeneca,289
Germany,2021-02-02,Oxford/AstraZeneca,314
Germany,2021-02-03,Oxford/AstraZeneca,341
Germany,2021-02-04,Oxford/AstraZeneca,349
Germany,2021-02-05,Oxford/AstraZeneca,358
Germany,2021-02-06,Oxford/AstraZeneca,359
Germany,2021-02-07,Oxford/AstraZeneca,362
Germany,2021-02-08,Oxford/AstraZeneca,392
Germany,2021-02-09,Oxford/AstraZeneca,578
Germany,2021-02-10,Oxford/AstraZeneca,8976
Germany,2021-02-11,Oxford/AstraZeneca,25494
Germany,2021-02-12,Oxford/AstraZeneca,39916
Germany,2021-02-13,Oxford/AstraZeneca,53331
Germany,2021-02-14,Oxford/AstraZeneca,60634
Germany,2021-02-15,Oxford/AstraZeneca,76182
Germany,2021-02-16,Oxford/AstraZeneca,95889
Germany,2021-02-17,Oxford/AstraZeneca,116869
Germany,2021-02-18,Oxford/AstraZeneca,140890
Germany,2021-02-19,Oxford/AstraZeneca,168546
Germany,2021-02-20,Oxford/AstraZeneca,189902
Germany,2021-02-21,Oxford/AstraZeneca,205714
Germany,2021-02-22,Oxford/AstraZeneca,229725
Germany,2021-02-23,Oxford/AstraZeneca,258623
Germany,2021-02-24,Oxford/AstraZeneca,295941
Germany,2021-02-25,Oxford/AstraZeneca,347495
Germany,2021-02-26,Oxford/AstraZeneca,410867
Germany,2021-02-27,Oxford/AstraZeneca,462306
Germany,2021-02-28,Oxford/AstraZeneca,500287
Germany,2021-03-01,Oxford/AstraZeneca,558925
Germany,2021-03-02,Oxford/AstraZeneca,628090
Germany,2021-03-03,Oxford/AstraZeneca,702851
Germany,2021-03-04,Oxford/AstraZeneca,792301
Germany,2021-03-05,Oxford/AstraZeneca,906174
Germany,2021-03-06,Oxford/AstraZeneca,990726
Germany,2021-03-07,Oxford/AstraZeneca,1052055
Germany,2021-03-08,Oxford/AstraZeneca,1144957
Germany,2021-03-09,Oxford/AstraZeneca,1244642
Germany,2021-03-10,Oxford/AstraZeneca,1362480
Germany,2021-03-11,Oxford/AstraZeneca,1485992
Germany,2021-03-12,Oxford/AstraZeneca,1644609
Germany,2021-03-13,Oxford/AstraZeneca,1760000
Germany,2021-03-14,Oxford/AstraZeneca,1836683
Germany,2021-03-15,Oxford/AstraZeneca,1919634
Germany,2021-03-16,Oxford/AstraZeneca,1920836
Germany,2021-03-17,Oxford/AstraZeneca,1921592
Germany,2021-03-18,Oxford/AstraZeneca,1922764
Germany,2021-03-19,Oxford/AstraZeneca,1961551
Germany,2021-03-20,Oxford/AstraZeneca,2031400
Germany,2021-03-21,Oxford/AstraZeneca,2084648
Germany,2021-03-22,Oxford/AstraZeneca,2163810
Germany,2021-03-23,Oxford/AstraZeneca,2263609
Germany,2021-03-24,Oxford/AstraZeneca,2370084
Germany,2021-03-25,Oxford/AstraZeneca,2490048
Germany,2021-03-26,Oxford/AstraZeneca,2627634
Germany,2021-03-27,Oxford/AstraZeneca,2732334
Germany,2021-03-28,Oxford/AstraZeneca,2795026
Germany,2021-03-29,Oxford/AstraZeneca,2887299
Germany,2021-03-30,Oxford/AstraZeneca,2973516
Germany,2021-03-31,Oxford/AstraZeneca,3026336
Germany,2021-04-01,Oxford/AstraZeneca,3081832
Germany,2021-04-02,Oxford/AstraZeneca,3113722
Germany,2021-04-03,Oxford/AstraZeneca,3155760
Germany,2021-04-04,Oxford/AstraZeneca,3206575
Germany,2021-04-05,Oxford/AstraZeneca,3271770
Germany,2021-04-06,Oxford/AstraZeneca,3358570
Germany,2021-04-07,Oxford/AstraZeneca,3447740
Germany,2021-04-08,Oxford/AstraZeneca,3539688
Germany,2021-04-09,Oxford/AstraZeneca,3645078
Germany,2021-04-10,Oxford/AstraZeneca,3746176
Germany,2021-04-11,Oxford/AstraZeneca,3821190
Germany,2021-04-12,Oxford/AstraZeneca,3932152
Germany,2021-04-13,Oxford/AstraZeneca,4049817
Germany,2021-04-14,Oxford/AstraZeneca,4175121
Germany,2021-04-15,Oxford/AstraZeneca,4285548
Germany,2021-04-16,Oxford/AstraZeneca,4411776
Germany,2021-04-17,Oxford/AstraZeneca,4530565
Germany,2021-04-18,Oxford/AstraZeneca,4612831
Germany,2021-04-19,Oxford/AstraZeneca,4688664
Germany,2021-04-20,Oxford/AstraZeneca,4828846
Germany,2021-04-21,Oxford/AstraZeneca,5054597
Germany,2021-04-22,Oxford/AstraZeneca,5268541
Germany,2021-04-23,Oxford/AstraZeneca,5428502
Germany,2021-04-24,Oxford/AstraZeneca,5510137
Germany,2021-04-25,Oxford/AstraZeneca,5571868
Germany,2021-04-26,Oxford/AstraZeneca,5644770
Germany,2021-04-27,Oxford/AstraZeneca,5701776
Germany,2021-04-28,Oxford/AstraZeneca,5755568
Germany,2021-04-29,Oxford/AstraZeneca,5813096
Germany,2021-04-30,Oxford/AstraZeneca,5880780
Germany,2021-05-01,Oxford/AstraZeneca,5920368
Germany,2021-05-02,Oxford/AstraZeneca,5950545
Germany,2021-05-03,Oxford/AstraZeneca,6012436
Germany,2021-05-04,Oxford/AstraZeneca,6162964
Germany,2021-05-05,Oxford/AstraZeneca,6375882
Germany,2021-05-06,Oxford/AstraZeneca,6577829
Germany,2021-05-07,Oxford/AstraZeneca,6790994
Germany,2021-05-08,Oxford/AstraZeneca,6875785
Germany,2021-05-09,Oxford/AstraZeneca,6910519
Germany,2021-05-10,Oxford/AstraZeneca,7041578
Germany,2021-05-11,Oxford/AstraZeneca,7218423
Germany,2021-05-12,Oxford/AstraZeneca,7444388
Germany,2021-05-13,Oxford/AstraZeneca,7489072
Germany,2021-05-14,Oxford/AstraZeneca,7628037
Germany,2021-05-15,Oxford/AstraZeneca,7684602
Germany,2021-05-16,Oxford/AstraZeneca,7709573
Germany,2021-05-17,Oxford/AstraZeneca,7831377
Germany,2021-05-18,Oxford/AstraZeneca,8005507
Germany,2021-05-19,Oxford/AstraZeneca,8187665
Germany,2021-05-20,Oxford/AstraZeneca,8344744
Germany,2021-05-21,Oxford/AstraZeneca,8502759
Germany,2021-05-22,Oxford/AstraZeneca,8586710
Germany,2021-05-23,Oxford/AstraZeneca,8610640
Germany,2021-05-24,Oxford/AstraZeneca,8631325
Germany,2021-05-25,Oxford/AstraZeneca,8735709
Germany,2021-05-26,Oxford/AstraZeneca,8870244
Germany,2021-05-27,Oxford/AstraZeneca,9002204
Germany,2021-05-28,Oxford/AstraZeneca,9133131
Germany,2021-05-29,Oxford/AstraZeneca,9191222
Germany,2021-05-30,Oxford/AstraZeneca,9219655
Germany,2021-05-31,Oxford/AstraZeneca,9289595
Germany,2021-06-01,Oxford/AstraZeneca,9380489
Germany,2021-06-02,Oxford/AstraZeneca,9463048
Germany,2021-06-03,Oxford/AstraZeneca,9513450
Germany,2021-06-04,Oxford/AstraZeneca,9590589
Germany,2021-06-05,Oxford/AstraZeneca,9634897
Germany,2021-06-06,Oxford/AstraZeneca,9662190
Germany,2021-06-07,Oxford/AstraZeneca,9734914
Germany,2021-06-08,Oxford/AstraZeneca,9798093
Germany,2021-06-09,Oxford/AstraZeneca,9862277
Germany,2021-06-10,Oxford/AstraZeneca,9918292
Germany,2021-06-11,Oxford/AstraZeneca,9987609
Germany,2021-06-12,Oxford/AstraZeneca,10031117
Germany,2021-06-13,Oxford/AstraZeneca,10056978
Germany,2021-06-14,Oxford/AstraZeneca,10124570
Germany,2021-06-15,Oxford/AstraZeneca,10209408
Germany,2021-06-16,Oxford/AstraZeneca,10306610
Germany,2021-06-17,Oxford/AstraZeneca,10399022
Germany,2021-06-18,Oxford/AstraZeneca,10495604
Germany,2021-06-19,Oxford/AstraZeneca,10546593
Germany,2021-06-20,Oxford/AstraZeneca,10578463
Germany,2021-06-21,Oxford/AstraZeneca,10664254
Germany,2021-06-22,Oxford/AstraZeneca,10767235
Germany,2021-06-23,Oxford/AstraZeneca,10883225
Germany,2021-06-24,Oxford/AstraZeneca,10994287
Germany,2021-06-25,Oxford/AstraZeneca,11104483
Germany,2021-06-26,Oxford/AstraZeneca,11177235
Germany,2021-06-27,Oxford/AstraZeneca,11234072
Germany,2021-06-28,Oxford/AstraZeneca,11348345
Germany,2021-06-29,Oxford/AstraZeneca,11481438
Germany,2021-06-30,Oxford/AstraZeneca,11618387
Germany,2021-07-01,Oxford/AstraZeneca,11751420
Germany,2021-07-02,Oxford/AstraZeneca,11830813
Germany,2021-07-03,Oxford/AstraZeneca,11858017
Germany,2021-07-04,Oxford/AstraZeneca,11872598
Germany,2021-07-05,Oxford/AstraZeneca,11912236
Germany,2021-07-06,Oxford/AstraZeneca,11957699
Germany,2021-07-07,Oxford/AstraZeneca,12009124
Germany,2021-07-08,Oxford/AstraZeneca,12051908
Germany,2021-07-09,Oxford/AstraZeneca,12095218
Germany,2021-07-10,Oxford/AstraZeneca,12116385
Germany,2021-07-11,Oxford/AstraZeneca,12126681
Germany,2021-07-12,Oxford/AstraZeneca,12150781
Germany,2021-07-13,Oxford/AstraZeneca,12185556
Germany,2021-07-14,Oxford/AstraZeneca,12232836
Germany,2021-07-15,Oxford/AstraZeneca,12271491
Germany,2021-07-16,Oxford/AstraZeneca,12303520
Germany,2021-07-17,Oxford/AstraZeneca,12319204
Germany,2021-07-18,Oxford/AstraZeneca,12330683
Germany,2021-07-19,Oxford/AstraZeneca,12350510
Germany,2021-07-20,Oxford/AstraZeneca,12372481
Germany,2021-07-21,Oxford/AstraZeneca,12395318
Germany,2021-07-22,Oxford/AstraZeneca,12414224
Germany,2021-07-23,Oxford/AstraZeneca,12432834
Germany,2021-07-24,Oxford/AstraZeneca,12440590
Germany,2021-07-25,Oxford/AstraZeneca,12443870
Germany,2021-07-26,Oxford/AstraZeneca,12456310
Germany,2021-07-27,Oxford/AstraZeneca,12476292
Germany,2021-07-28,Oxford/AstraZeneca,12499699
Germany,2021-07-29,Oxford/AstraZeneca,12519609
Germany,2021-07-30,Oxford/AstraZeneca,12536811
Germany,2021-07-31,Oxford/AstraZeneca,12542833
Germany,2021-08-01,Oxford/AstraZeneca,12545157
Germany,2021-08-02,Oxford/AstraZeneca,12554290
Germany,2021-08-03,Oxford/AstraZeneca,12566252
Germany,2021-08-04,Oxford/AstraZeneca,12577559
Germany,2021-08-05,Oxford/AstraZeneca,12585570
Germany,2021-08-06,Oxford/AstraZeneca,12592909
Germany,2021-08-07,Oxford/AstraZeneca,12594454
Germany,2021-08-08,Oxford/AstraZeneca,12595374
Germany,2021-08-09,Oxford/AstraZeneca,12600714
Germany,2021-08-10,Oxford/AstraZeneca,12608598
Germany,2021-08-11,Oxford/AstraZeneca,12618323
Germany,2021-08-12,Oxford/AstraZeneca,12625321
Germany,2021-08-13,Oxford/AstraZeneca,12631851
Germany,2021-08-14,Oxford/AstraZeneca,12633227
Germany,2021-08-15,Oxford/AstraZeneca,12633913
Germany,2021-08-16,Oxford/AstraZeneca,12636754
Germany,2021-08-17,Oxford/AstraZeneca,12642544
Germany,2021-08-18,Oxford/AstraZeneca,12648604
Germany,2021-08-19,Oxford/AstraZeneca,12653154
Germany,2021-08-20,Oxford/AstraZeneca,12658328
Germany,2021-08-21,Oxford/AstraZeneca,12659054
Germany,2021-08-22,Oxford/AstraZeneca,12659333
Germany,2021-08-23,Oxford/AstraZeneca,12662963
Germany,2021-08-24,Oxford/AstraZeneca,12666841
Germany,2021-08-25,Oxford/AstraZeneca,12670593
Germany,2021-08-26,Oxford/AstraZeneca,12673737
Germany,2021-08-27,Oxford/AstraZeneca,12676237
Germany,2021-08-28,Oxford/AstraZeneca,12676772
Germany,2021-08-29,Oxford/AstraZeneca,12676929
Germany,2021-08-30,Oxford/AstraZeneca,12678819
Germany,2021-08-31,Oxford/AstraZeneca,12680486
Germany,2021-09-01,Oxford/AstraZeneca,12682936
Germany,2021-09-02,Oxford/AstraZeneca,12684883
Germany,2021-09-03,Oxford/AstraZeneca,12686682
Germany,2021-09-04,Oxford/AstraZeneca,12687013
Germany,2021-09-05,Oxford/AstraZeneca,12687193
Germany,2021-09-06,Oxford/AstraZeneca,12689035
Germany,2021-09-07,Oxford/AstraZeneca,12690996
Germany,2021-09-08,Oxford/AstraZeneca,12692293
Germany,2021-09-09,Oxford/AstraZeneca,12693451
Germany,2021-09-10,Oxford/AstraZeneca,12694756
Germany,2021-09-11,Oxford/AstraZeneca,12694931
Germany,2021-09-12,Oxford/AstraZeneca,12695009
Germany,2021-09-13,Oxford/AstraZeneca,12695977
Germany,2021-09-14,Oxford/AstraZeneca,12697846
Germany,2021-09-15,Oxford/AstraZeneca,12699095
Germany,2021-09-16,Oxford/AstraZeneca,12700654
Germany,2021-09-17,Oxford/AstraZeneca,12701559
Germany,2021-09-18,Oxford/AstraZeneca,12701800
Germany,2021-09-19,Oxford/AstraZeneca,12702016
Germany,2021-09-20,Oxford/AstraZeneca,12702961
Germany,2021-09-21,Oxford/AstraZeneca,12704002
Germany,2021-09-22,Oxford/AstraZeneca,12704868
Germany,2021-09-23,Oxford/AstraZeneca,12705617
Germany,2021-09-24,Oxford/AstraZeneca,12706689
Germany,2021-09-25,Oxford/AstraZeneca,12706774
Germany,2021-09-26,Oxford/AstraZeneca,12706807
Germany,2021-09-27,Oxford/AstraZeneca,12707788
Germany,2021-09-28,Oxford/AstraZeneca,12708554
Germany,2021-09-29,Oxford/AstraZeneca,12709908
Germany,2021-09-30,Oxford/AstraZeneca,12711168
Germany,2021-10-01,Oxford/AstraZeneca,12711403
Germany,2021-10-02,Oxford/AstraZeneca,12711473
Germany,2021-10-03,Oxford/AstraZeneca,12711506
Germany,2021-10-04,Oxford/AstraZeneca,12712238
Germany,2021-10-05,Oxford/AstraZeneca,12713087
Germany,2021-10-06,Oxford/AstraZeneca,12713455
Germany,2021-10-07,Oxford/AstraZeneca,12713705
Germany,2021-10-08,Oxford/AstraZeneca,12715163
Germany,2021-10-09,Oxford/AstraZeneca,12715190
Germany,2021-10-10,Oxford/AstraZeneca,12715203
Germany,2021-10-11,Oxford/AstraZeneca,12715683
Germany,2021-10-12,Oxford/AstraZeneca,12716467
Germany,2021-10-13,Oxford/AstraZeneca,12716713
Germany,2021-10-14,Oxford/AstraZeneca,12716934
Germany,2021-10-15,Oxford/AstraZeneca,12717312
Germany,2021-10-16,Oxford/AstraZeneca,12717350
Germany,2021-10-17,Oxford/AstraZeneca,12717381
Germany,2021-10-18,Oxford/AstraZeneca,12717498
Germany,2021-10-19,Oxford/AstraZeneca,12717713
Germany,2021-10-20,Oxford/AstraZeneca,12717870
Germany,2021-10-21,Oxford/AstraZeneca,12718073
Germany,2021-10-22,Oxford/AstraZeneca,12718334
Germany,2021-10-23,Oxford/AstraZeneca,12718397
Germany,2021-10-24,Oxford/AstraZeneca,12718404
Germany,2021-10-25,Oxford/AstraZeneca,12719113
Germany,2021-10-26,Oxford/AstraZeneca,12719589
Germany,2021-10-27,Oxford/AstraZeneca,12719729
Germany,2021-10-28,Oxford/AstraZeneca,12720996
Germany,2021-10-29,Oxford/AstraZeneca,12721679
Germany,2021-10-30,Oxford/AstraZeneca,12721841
Germany,2021-10-31,Oxford/AstraZeneca,12721845
Germany,2021-11-01,Oxford/AstraZeneca,12722098
Germany,2021-11-02,Oxford/AstraZeneca,12722659
Germany,2021-11-03,Oxford/AstraZeneca,12724898
Germany,2021-11-04,Oxford/AstraZeneca,12725177
Germany,2021-11-05,Oxford/AstraZeneca,12725308
Germany,2021-11-06,Oxford/AstraZeneca,12725338
Germany,2021-11-07,Oxford/AstraZeneca,12725351
Germany,2021-11-08,Oxford/AstraZeneca,12725876
Germany,2021-11-09,Oxford/AstraZeneca,12726915
Germany,2021-11-10,Oxford/AstraZeneca,12727309
Germany,2021-11-11,Oxford/AstraZeneca,12727981
Germany,2021-11-12,Oxford/AstraZeneca,12728280
Germany,2021-11-13,Oxford/AstraZeneca,12728302
Germany,2021-11-14,Oxford/AstraZeneca,12728373
Germany,2021-11-15,Oxford/AstraZeneca,12728977
Germany,2021-11-16,Oxford/AstraZeneca,12729437
Germany,2021-11-17,Oxford/AstraZeneca,12729514
Germany,2021-11-18,Oxford/AstraZeneca,12729964
Germany,2021-11-19,Oxford/AstraZeneca,12730753
Germany,2021-11-20,Oxford/AstraZeneca,12730866
Germany,2021-11-21,Oxford/AstraZeneca,12731257
Germany,2021-11-22,Oxford/AstraZeneca,12731669
Germany,2021-11-23,Oxford/AstraZeneca,12731831
Germany,2021-11-24,Oxford/AstraZeneca,12731959
Germany,2021-11-25,Oxford/AstraZeneca,12732576
Germany,2021-11-26,Oxford/AstraZeneca,12732969
Germany,2021-11-27,Oxford/AstraZeneca,12733030
Germany,2021-11-28,Oxford/AstraZeneca,12733456
Germany,2021-11-29,Oxford/AstraZeneca,12734190
Germany,2021-11-30,Oxford/AstraZeneca,12734727
Germany,2021-12-01,Oxford/AstraZeneca,12734942
Germany,2021-12-02,Oxford/AstraZeneca,12735504
Germany,2021-12-03,Oxford/AstraZeneca,12735603
Germany,2021-12-04,Oxford/AstraZeneca,12735887
Germany,2021-12-05,Oxford/AstraZeneca,12735900
Germany,2021-12-06,Oxford/AstraZeneca,12736186
Germany,2021-12-07,Oxford/AstraZeneca,12736951
Germany,2021-12-08,Oxford/AstraZeneca,12737378
Germany,2021-12-09,Oxford/AstraZeneca,12737838
Germany,2021-12-10,Oxford/AstraZeneca,12738369
Germany,2021-12-11,Oxford/AstraZeneca,12738785
Germany,2021-12-12,Oxford/AstraZeneca,12738801
Germany,2021-12-13,Oxford/AstraZeneca,12739218
Germany,2021-12-14,Oxford/AstraZeneca,12739443
Germany,2021-12-15,Oxford/AstraZeneca,12740242
Germany,2021-12-16,Oxford/AstraZeneca,12740895
Germany,2021-12-17,Oxford/AstraZeneca,12741362
Germany,2021-12-18,Oxford/AstraZeneca,12741672
Germany,2021-12-19,Oxford/AstraZeneca,12742181
Germany,2021-12-20,Oxford/AstraZeneca,12742240
Germany,2021-12-21,Oxford/AstraZeneca,12742793
Germany,2021-12-22,Oxford/AstraZeneca,12743053
Germany,2021-12-23,Oxford/AstraZeneca,12743980
Germany,2021-12-24,Oxford/AstraZeneca,12744007
Germany,2021-12-25,Oxford/AstraZeneca,12744113
Germany,2021-12-26,Oxford/AstraZeneca,12744114
Germany,2021-12-27,Oxford/AstraZeneca,12744733
Germany,2021-12-28,Oxford/AstraZeneca,12745078
Germany,2021-12-29,Oxford/AstraZeneca,12745455
Germany,2021-12-30,Oxford/AstraZeneca,12745550
Germany,2021-12-31,Oxford/AstraZeneca,12745717
Germany,2022-01-01,Oxford/AstraZeneca,12745772
Germany,2022-01-02,Oxford/AstraZeneca,12745778
Germany,2022-01-03,Oxford/AstraZeneca,12745812
Germany,2022-01-04,Oxford/AstraZeneca,12746456
Germany,2022-01-05,Oxford/AstraZeneca,12746694
Germany,2022-01-06,Oxford/AstraZeneca,12747269
Germany,2022-01-07,Oxford/AstraZeneca,12747370
Germany,2022-01-08,Oxford/AstraZeneca,12747478
Germany,2022-01-09,Oxford/AstraZeneca,12747774
Germany,2022-01-10,Oxford/AstraZeneca,12747785
Germany,2022-01-11,Oxford/AstraZeneca,12748234
Germany,2022-01-12,Oxford/AstraZeneca,12748326
Germany,2022-01-13,Oxford/AstraZeneca,12748566
Germany,2022-01-14,Oxford/AstraZeneca,12749199
Germany,2022-01-15,Oxford/AstraZeneca,12749426
Germany,2022-01-16,Oxford/AstraZeneca,12749499
Germany,2022-01-17,Oxford/AstraZeneca,12749556
Germany,2022-01-18,Oxford/AstraZeneca,12749943
Germany,2022-01-19,Oxford/AstraZeneca,12751228
Germany,2022-01-20,Oxford/AstraZeneca,12751299
Germany,2022-01-21,Oxford/AstraZeneca,12751347
Germany,2022-01-22,Oxford/AstraZeneca,12751422
Germany,2022-01-23,Oxford/AstraZeneca,12751424
Germany,2022-01-24,Oxford/AstraZeneca,12751427
Germany,2022-01-25,Oxford/AstraZeneca,12751830
Germany,2022-01-26,Oxford/AstraZeneca,12751865
Germany,2022-01-27,Oxford/AstraZeneca,12751928
Germany,2022-01-28,Oxford/AstraZeneca,12751955
Germany,2022-01-29,Oxford/AstraZeneca,12752112
Germany,2022-01-30,Oxford/AstraZeneca,12752134
Germany,2022-01-31,Oxford/AstraZeneca,12752197
Germany,2022-02-01,Oxford/AstraZeneca,12752221
Germany,2022-02-02,Oxford/AstraZeneca,12752629
Germany,2022-02-03,Oxford/AstraZeneca,12752633
Germany,2022-02-04,Oxford/AstraZeneca,12752861
Germany,2022-02-05,Oxford/AstraZeneca,12752868
Germany,2022-02-06,Oxford/AstraZeneca,12752887
Germany,2022-02-07,Oxford/AstraZeneca,12752900
Germany,2022-02-08,Oxford/AstraZeneca,12753297
Germany,2022-02-09,Oxford/AstraZeneca,12753313
Germany,2022-02-10,Oxford/AstraZeneca,12753317
Germany,2022-02-11,Oxford/AstraZeneca,12753335
Germany,2022-02-12,Oxford/AstraZeneca,12753346
Germany,2022-02-13,Oxford/AstraZeneca,12753352
Germany,2022-02-14,Oxford/AstraZeneca,12753382
Germany,2022-02-15,Oxford/AstraZeneca,12753780
Germany,2022-02-16,Oxford/AstraZeneca,12753799
Germany,2022-02-17,Oxford/AstraZeneca,12753816
Germany,2022-02-18,Oxford/AstraZeneca,12753896
Germany,2022-02-19,Oxford/AstraZeneca,12753898
Germany,2022-02-20,Oxford/AstraZeneca,12753908
Germany,2022-02-21,Oxford/AstraZeneca,12753948
Germany,2022-02-22,Oxford/AstraZeneca,12754397
Germany,2022-02-23,Oxford/AstraZeneca,12754822
Germany,2022-02-24,Oxford/AstraZeneca,12754903
Germany,2022-02-25,Oxford/AstraZeneca,12755131
Germany,2022-02-26,Oxford/AstraZeneca,12755140
Germany,2022-02-27,Oxford/AstraZeneca,12755148
Germany,2022-02-28,Oxford/AstraZeneca,12755150
Germany,2022-03-01,Oxford/AstraZeneca,12755200
Germany,2022-03-02,Oxford/AstraZeneca,12755260
Germany,2022-03-03,Oxford/AstraZeneca,12755270
Germany,2022-03-04,Oxford/AstraZeneca,12755300
Germany,2020-12-27,Pfizer/BioNTech,24366
Germany,2020-12-28,Pfizer/BioNTech,42465
Germany,2020-12-29,Pfizer/BioNTech,93167
Germany,2020-12-30,Pfizer/BioNTech,157369
Germany,2020-12-31,Pfizer/BioNTech,207382
Germany,2021-01-01,Pfizer/BioNTech,233046
Germany,2021-01-02,Pfizer/BioNTech,281128
Germany,2021-01-03,Pfizer/BioNTech,303705
Germany,2021-01-04,Pfizer/BioNTech,349887
Germany,2021-01-05,Pfizer/BioNTech,402616
Germany,2021-01-06,Pfizer/BioNTech,465785
Germany,2021-01-07,Pfizer/BioNTech,520776
Germany,2021-01-08,Pfizer/BioNTech,583589
Germany,2021-01-09,Pfizer/BioNTech,644345
Germany,2021-01-10,Pfizer/BioNTech,680339
Germany,2021-01-11,Pfizer/BioNTech,748975
Germany,2021-01-12,Pfizer/BioNTech,828124
Germany,2021-01-13,Pfizer/BioNTech,939250
Germany,2021-01-14,Pfizer/BioNTech,1018230
Germany,2021-01-15,Pfizer/BioNTech,1104742
Germany,2021-01-16,Pfizer/BioNTech,1161139
Germany,2021-01-17,Pfizer/BioNTech,1207696
Germany,2021-01-18,Pfizer/BioNTech,1286690
Germany,2021-01-19,Pfizer/BioNTech,1402683
Germany,2021-01-20,Pfizer/BioNTech,1532741
Germany,2021-01-21,Pfizer/BioNTech,1635470
Germany,2021-01-22,Pfizer/BioNTech,1735610
Germany,2021-01-23,Pfizer/BioNTech,1822302
Germany,2021-01-24,Pfizer/BioNTech,1869922
Germany,2021-01-25,Pfizer/BioNTech,1959497
Germany,2021-01-26,Pfizer/BioNTech,2056594
Germany,2021-01-27,Pfizer/BioNTech,2164276
Germany,2021-01-28,Pfizer/BioNTech,2255213
Germany,2021-01-29,Pfizer/BioNTech,2361440
Germany,2021-01-30,Pfizer/BioNTech,2448665
Germany,2021-01-31,Pfizer/BioNTech,2505513
Germany,2021-02-01,Pfizer/BioNTech,2623687
Germany,2021-02-02,Pfizer/BioNTech,2753396
Germany,2021-02-03,Pfizer/BioNTech,2910073
Germany,2021-02-04,Pfizer/BioNTech,3038798
Germany,2021-02-05,Pfizer/BioNTech,3179913
Germany,2021-02-06,Pfizer/BioNTech,3271488
Germany,2021-02-07,Pfizer/BioNTech,3322727
Germany,2021-02-08,Pfizer/BioNTech,3428373
Germany,2021-02-09,Pfizer/BioNTech,3559502
Germany,2021-02-10,Pfizer/BioNTech,3702363
Germany,2021-02-11,Pfizer/BioNTech,3823237
Germany,2021-02-12,Pfizer/BioNTech,3955684
Germany,2021-02-13,Pfizer/BioNTech,4046876
Germany,2021-02-14,Pfizer/BioNTech,4102563
Germany,2021-02-15,Pfizer/BioNTech,4207549
Germany,2021-02-16,Pfizer/BioNTech,4316581
Germany,2021-02-17,Pfizer/BioNTech,4439477
Germany,2021-02-18,Pfizer/BioNTech,4552371
Germany,2021-02-19,Pfizer/BioNTech,4673776
Germany,2021-02-20,Pfizer/BioNTech,4760487
Germany,2021-02-21,Pfizer/BioNTech,4827068
Germany,2021-02-22,Pfizer/BioNTech,4950688
Germany,2021-02-23,Pfizer/BioNTech,5085034
Germany,2021-02-24,Pfizer/BioNTech,5217235
Germany,2021-02-25,Pfizer/BioNTech,5349258
Germany,2021-02-26,Pfizer/BioNTech,5491210
Germany,2021-02-27,Pfizer/BioNTech,5583987
Germany,2021-02-28,Pfizer/BioNTech,5645661
Germany,2021-03-01,Pfizer/BioNTech,5776774
Germany,2021-03-02,Pfizer/BioNTech,5917715
Germany,2021-03-03,Pfizer/BioNTech,6076363
Germany,2021-03-04,Pfizer/BioNTech,6218353
Germany,2021-03-05,Pfizer/BioNTech,6366960
Germany,2021-03-06,Pfizer/BioNTech,6476431
Germany,2021-03-07,Pfizer/BioNTech,6556324
Germany,2021-03-08,Pfizer/BioNTech,6690786
Germany,2021-03-09,Pfizer/BioNTech,6831361
Germany,2021-03-10,Pfizer/BioNTech,6991280
Germany,2021-03-11,Pfizer/BioNTech,7139305
Germany,2021-03-12,Pfizer/BioNTech,7291244
Germany,2021-03-13,Pfizer/BioNTech,7407576
Germany,2021-03-14,Pfizer/BioNTech,7495850
Germany,2021-03-15,Pfizer/BioNTech,7649152
Germany,2021-03-16,Pfizer/BioNTech,7816196
Germany,2021-03-17,Pfizer/BioNTech,8003278
Germany,2021-03-18,Pfizer/BioNTech,8177951
Germany,2021-03-19,Pfizer/BioNTech,8364272
Germany,2021-03-20,Pfizer/BioNTech,8499971
Germany,2021-03-21,Pfizer/BioNTech,8602448
Germany,2021-03-22,Pfizer/BioNTech,8769399
Germany,2021-03-23,Pfizer/BioNTech,8951633
Germany,2021-03-24,Pfizer/BioNTech,9152604
Germany,2021-03-25,Pfizer/BioNTech,9339078
Germany,2021-03-26,Pfizer/BioNTech,9539624
Germany,2021-03-27,Pfizer/BioNTech,9689504
Germany,2021-03-28,Pfizer/BioNTech,9805051
Germany,2021-03-29,Pfizer/BioNTech,9994306
Germany,2021-03-30,Pfizer/BioNTech,10213572
Germany,2021-03-31,Pfizer/BioNTech,10462332
Germany,2021-04-01,Pfizer/BioNTech,10702850
Germany,2021-04-02,Pfizer/BioNTech,10882804
Germany,2021-04-03,Pfizer/BioNTech,11057461
Germany,2021-04-04,Pfizer/BioNTech,11190053
Germany,2021-04-05,Pfizer/BioNTech,11355471
Germany,2021-04-06,Pfizer/BioNTech,11610939
Germany,2021-04-07,Pfizer/BioNTech,12154433
Germany,2021-04-08,Pfizer/BioNTech,12727591
Germany,2021-04-09,Pfizer/BioNTech,13219589
Germany,2021-04-10,Pfizer/BioNTech,13468400
Germany,2021-04-11,Pfizer/BioNTech,13639055
Germany,2021-04-12,Pfizer/BioNTech,13918363
Germany,2021-04-13,Pfizer/BioNTech,14351596
Germany,2021-04-14,Pfizer/BioNTech,14970233
Germany,2021-04-15,Pfizer/BioNTech,15506407
Germany,2021-04-16,Pfizer/BioNTech,15946536
Germany,2021-04-17,Pfizer/BioNTech,16171787
Germany,2021-04-18,Pfizer/BioNTech,16344101
Germany,2021-04-19,Pfizer/BioNTech,16639029
Germany,2021-04-20,Pfizer/BioNTech,17022422
Germany,2021-04-21,Pfizer/BioNTech,17478339
Germany,2021-04-22,Pfizer/BioNTech,17861457
Germany,2021-04-23,Pfizer/BioNTech,18215773
Germany,2021-04-24,Pfizer/BioNTech,18451158
Germany,2021-04-25,Pfizer/BioNTech,18639224
Germany,2021-04-26,Pfizer/BioNTech,18958089
Germany,2021-04-27,Pfizer/BioNTech,19636825
Germany,2021-04-28,Pfizer/BioNTech,20647654
Germany,2021-04-29,Pfizer/BioNTech,21474736
Germany,2021-04-30,Pfizer/BioNTech,22155337
Germany,2021-05-01,Pfizer/BioNTech,22408579
Germany,2021-05-02,Pfizer/BioNTech,22604446
Germany,2021-05-03,Pfizer/BioNTech,22923504
Germany,2021-05-04,Pfizer/BioNTech,23551812
Germany,2021-05-05,Pfizer/BioNTech,24405996
Germany,2021-05-06,Pfizer/BioNTech,25101622
Germany,2021-05-07,Pfizer/BioNTech,25691550
Germany,2021-05-08,Pfizer/BioNTech,25959719
Germany,2021-05-09,Pfizer/BioNTech,26153949
Germany,2021-05-10,Pfizer/BioNTech,26528347
Germany,2021-05-11,Pfizer/BioNTech,27357626
Germany,2021-05-12,Pfizer/BioNTech,28454970
Germany,2021-05-13,Pfizer/BioNTech,28770876
Germany,2021-05-14,Pfizer/BioNTech,29317832
Germany,2021-05-15,Pfizer/BioNTech,29597466
Germany,2021-05-16,Pfizer/BioNTech,29797562
Germany,2021-05-17,Pfizer/BioNTech,30137073
Germany,2021-05-18,Pfizer/BioNTech,30728651
Germany,2021-05-19,Pfizer/BioNTech,31535131
Germany,2021-05-20,Pfizer/BioNTech,32221815
Germany,2021-05-21,Pfizer/BioNTech,32819723
Germany,2021-05-22,Pfizer/BioNTech,33126486
Germany,2021-05-23,Pfizer/BioNTech,33319721
Germany,2021-05-24,Pfizer/BioNTech,33555781
Germany,2021-05-25,Pfizer/BioNTech,34003506
Germany,2021-05-26,Pfizer/BioNTech,34890578
Germany,2021-05-27,Pfizer/BioNTech,35631822
Germany,2021-05-28,Pfizer/BioNTech,36237245
Germany,2021-05-29,Pfizer/BioNTech,36499875
Germany,2021-05-30,Pfizer/BioNTech,36697438
Germany,2021-05-31,Pfizer/BioNTech,37065642
Germany,2021-06-01,Pfizer/BioNTech,37801554
Germany,2021-06-02,Pfizer/BioNTech,38793715
Germany,2021-06-03,Pfizer/BioNTech,39270304
Germany,2021-06-04,Pfizer/BioNTech,39857862
Germany,2021-06-05,Pfizer/BioNTech,40129337
Germany,2021-06-06,Pfizer/BioNTech,40335507
Germany,2021-06-07,Pfizer/BioNTech,40738657
Germany,2021-06-08,Pfizer/BioNTech,41592048
Germany,2021-06-09,Pfizer/BioNTech,42776636
Germany,2021-06-10,Pfizer/BioNTech,43739927
Germany,2021-06-11,Pfizer/BioNTech,44553320
Germany,2021-06-12,Pfizer/BioNTech,44839304
Germany,2021-06-13,Pfizer/BioNTech,45019508
Germany,2021-06-14,Pfizer/BioNTech,45452595
Germany,2021-06-15,Pfizer/BioNTech,46257216
Germany,2021-06-16,Pfizer/BioNTech,47367037
Germany,2021-06-17,Pfizer/BioNTech,48256214
Germany,2021-06-18,Pfizer/BioNTech,48993435
Germany,2021-06-19,Pfizer/BioNTech,49267566
Germany,2021-06-20,Pfizer/BioNTech,49446877
Germany,2021-06-21,Pfizer/BioNTech,49860433
Germany,2021-06-22,Pfizer/BioNTech,50709458
Germany,2021-06-23,Pfizer/BioNTech,51803397
Germany,2021-06-24,Pfizer/BioNTech,52605619
Germany,2021-06-25,Pfizer/BioNTech,53303816
Germany,2021-06-26,Pfizer/BioNTech,53560113
Germany,2021-06-27,Pfizer/BioNTech,53733347
Germany,2021-06-28,Pfizer/BioNTech,54136041
Germany,2021-06-29,Pfizer/BioNTech,54824813
Germany,2021-06-30,Pfizer/BioNTech,55598887
Germany,2021-07-01,Pfizer/BioNTech,56346478
Germany,2021-07-02,Pfizer/BioNTech,57000884
Germany,2021-07-03,Pfizer/BioNTech,57257506
Germany,2021-07-04,Pfizer/BioNTech,57439718
Germany,2021-07-05,Pfizer/BioNTech,57828919
Germany,2021-07-06,Pfizer/BioNTech,58450206
Germany,2021-07-07,Pfizer/BioNTech,59284716
Germany,2021-07-08,Pfizer/BioNTech,59973813
Germany,2021-07-09,Pfizer/BioNTech,60572509
Germany,2021-07-10,Pfizer/BioNTech,60801960
Germany,2021-07-11,Pfizer/BioNTech,60948335
Germany,2021-07-12,Pfizer/BioNTech,61300780
Germany,2021-07-13,Pfizer/BioNTech,61933310
Germany,2021-07-14,Pfizer/BioNTech,62771182
Germany,2021-07-15,Pfizer/BioNTech,63411109
Germany,2021-07-16,Pfizer/BioNTech,63956719
Germany,2021-07-17,Pfizer/BioNTech,64132648
Germany,2021-07-18,Pfizer/BioNTech,64269225
Germany,2021-07-19,Pfizer/BioNTech,64568074
Germany,2021-07-20,Pfizer/BioNTech,65094050
Germany,2021-07-21,Pfizer/BioNTech,65770567
Germany,2021-07-22,Pfizer/BioNTech,66320167
Germany,2021-07-23,Pfizer/BioNTech,66816325
Germany,2021-07-24,Pfizer/BioNTech,66971624
Germany,2021-07-25,Pfizer/BioNTech,67055825
Germany,2021-07-26,Pfizer/BioNTech,67332893
Germany,2021-07-27,Pfizer/BioNTech,67814332
Germany,2021-07-28,Pfizer/BioNTech,68425224
Germany,2021-07-29,Pfizer/BioNTech,68928713
Germany,2021-07-30,Pfizer/BioNTech,69350588
Germany,2021-07-31,Pfizer/BioNTech,69492227
Germany,2021-08-01,Pfizer/BioNTech,69576526
Germany,2021-08-02,Pfizer/BioNTech,69818037
Germany,2021-08-03,Pfizer/BioNTech,70219079
Germany,2021-08-04,Pfizer/BioNTech,70734918
Germany,2021-08-05,Pfizer/BioNTech,71193827
Germany,2021-08-06,Pfizer/BioNTech,71579345
Germany,2021-08-07,Pfizer/BioNTech,71718966
Germany,2021-08-08,Pfizer/BioNTech,71808584
Germany,2021-08-09,Pfizer/BioNTech,72049087
Germany,2021-08-10,Pfizer/BioNTech,72419465
Germany,2021-08-11,Pfizer/BioNTech,72892656
Germany,2021-08-12,Pfizer/BioNTech,73304116
Germany,2021-08-13,Pfizer/BioNTech,73662864
Germany,2021-08-14,Pfizer/BioNTech,73809522
Germany,2021-08-15,Pfizer/BioNTech,73898980
Germany,2021-08-16,Pfizer/BioNTech,74116011
Germany,2021-08-17,Pfizer/BioNTech,74428359
Germany,2021-08-18,Pfizer/BioNTech,74798205
Germany,2021-08-19,Pfizer/BioNTech,75084743
Germany,2021-08-20,Pfizer/BioNTech,75377486
Germany,2021-08-21,Pfizer/BioNTech,75498302
Germany,2021-08-22,Pfizer/BioNTech,75571024
Germany,2021-08-23,Pfizer/BioNTech,75758148
Germany,2021-08-24,Pfizer/BioNTech,76010595
Germany,2021-08-25,Pfizer/BioNTech,76306807
Germany,2021-08-26,Pfizer/BioNTech,76564673
Germany,2021-08-27,Pfizer/BioNTech,76774748
Germany,2021-08-28,Pfizer/BioNTech,76881660
Germany,2021-08-29,Pfizer/BioNTech,76952117
Germany,2021-08-30,Pfizer/BioNTech,77112734
Germany,2021-08-31,Pfizer/BioNTech,77325038
Germany,2021-09-01,Pfizer/BioNTech,77588517
Germany,2021-09-02,Pfizer/BioNTech,77817558
Germany,2021-09-03,Pfizer/BioNTech,78036275
Germany,2021-09-04,Pfizer/BioNTech,78125793
Germany,2021-09-05,Pfizer/BioNTech,78179504
Germany,2021-09-06,Pfizer/BioNTech,78314679
Germany,2021-09-07,Pfizer/BioNTech,78516290
Germany,2021-09-08,Pfizer/BioNTech,78751764
Germany,2021-09-09,Pfizer/BioNTech,78982203
Germany,2021-09-10,Pfizer/BioNTech,79181174
Germany,2021-09-11,Pfizer/BioNTech,79271889
Germany,2021-09-12,Pfizer/BioNTech,79326207
Germany,2021-09-13,Pfizer/BioNTech,79470669
Germany,2021-09-14,Pfizer/BioNTech,79685345
Germany,2021-09-15,Pfizer/BioNTech,79943039
Germany,2021-09-16,Pfizer/BioNTech,80193219
Germany,2021-09-17,Pfizer/BioNTech,80414713
Germany,2021-09-18,Pfizer/BioNTech,80509739
Germany,2021-09-19,Pfizer/BioNTech,80568609
Germany,2021-09-20,Pfizer/BioNTech,80709102
Germany,2021-09-21,Pfizer/BioNTech,80924446
Germany,2021-09-22,Pfizer/BioNTech,81177937
Germany,2021-09-23,Pfizer/BioNTech,81425425
Germany,2021-09-24,Pfizer/BioNTech,81642752
Germany,2021-09-25,Pfizer/BioNTech,81728430
Germany,2021-09-26,Pfizer/BioNTech,81777106
Germany,2021-09-27,Pfizer/BioNTech,81913723
Germany,2021-09-28,Pfizer/BioNTech,82121583
Germany,2021-09-29,Pfizer/BioNTech,82356881
Germany,2021-09-30,Pfizer/BioNTech,82584656
Germany,2021-10-01,Pfizer/BioNTech,82703244
Germany,2021-10-02,Pfizer/BioNTech,82730301
Germany,2021-10-03,Pfizer/BioNTech,82741959
Germany,2021-10-04,Pfizer/BioNTech,82828542
Germany,2021-10-05,Pfizer/BioNTech,83001486
Germany,2021-10-06,Pfizer/BioNTech,83195686
Germany,2021-10-07,Pfizer/BioNTech,83396098
Germany,2021-10-08,Pfizer/BioNTech,83566523
Germany,2021-10-09,Pfizer/BioNTech,83602182
Germany,2021-10-10,Pfizer/BioNTech,83617165
Germany,2021-10-11,Pfizer/BioNTech,83705419
Germany,2021-10-12,Pfizer/BioNTech,83874547
Germany,2021-10-13,Pfizer/BioNTech,84070584
Germany,2021-10-14,Pfizer/BioNTech,84268351
Germany,2021-10-15,Pfizer/BioNTech,84428856
Germany,2021-10-16,Pfizer/BioNTech,84465344
Germany,2021-10-17,Pfizer/BioNTech,84478875
Germany,2021-10-18,Pfizer/BioNTech,84564719
Germany,2021-10-19,Pfizer/BioNTech,84733499
Germany,2021-10-20,Pfizer/BioNTech,84929145
Germany,2021-10-21,Pfizer/BioNTech,85127031
Germany,2021-10-22,Pfizer/BioNTech,85278041
Germany,2021-10-23,Pfizer/BioNTech,85317079
Germany,2021-10-24,Pfizer/BioNTech,85330249
Germany,2021-10-25,Pfizer/BioNTech,85431172
Germany,2021-10-26,Pfizer/BioNTech,85631448
Germany,2021-10-27,Pfizer/BioNTech,85864276
Germany,2021-10-28,Pfizer/BioNTech,86101992
Germany,2021-10-29,Pfizer/BioNTech,86297270
Germany,2021-10-30,Pfizer/BioNTech,86344557
Germany,2021-10-31,Pfizer/BioNTech,86359383
Germany,2021-11-01,Pfizer/BioNTech,86419111
Germany,2021-11-02,Pfizer/BioNTech,86623923
Germany,2021-11-03,Pfizer/BioNTech,86900862
Germany,2021-11-04,Pfizer/BioNTech,87189528
Germany,2021-11-05,Pfizer/BioNTech,87433741
Germany,2021-11-06,Pfizer/BioNTech,87497294
Germany,2021-11-07,Pfizer/BioNTech,87526368
Germany,2021-11-08,Pfizer/BioNTech,87689692
Germany,2021-11-09,Pfizer/BioNTech,88013507
Germany,2021-11-10,Pfizer/BioNTech,88396976
Germany,2021-11-11,Pfizer/BioNTech,88792408
Germany,2021-11-12,Pfizer/BioNTech,89107627
Germany,2021-11-13,Pfizer/BioNTech,89203729
Germany,2021-11-14,Pfizer/BioNTech,89249384
Germany,2021-11-15,Pfizer/BioNTech,89481675
Germany,2021-11-16,Pfizer/BioNTech,89938645
Germany,2021-11-17,Pfizer/BioNTech,90472067
Germany,2021-11-18,Pfizer/BioNTech,91032803
Germany,2021-11-19,Pfizer/BioNTech,91549581
Germany,2021-11-20,Pfizer/BioNTech,91750074
Germany,2021-11-21,Pfizer/BioNTech,91833948
Germany,2021-11-22,Pfizer/BioNTech,92223155
Germany,2021-11-23,Pfizer/BioNTech,92894818
Germany,2021-11-24,Pfizer/BioNTech,93731649
Germany,2021-11-25,Pfizer/BioNTech,94552411
Germany,2021-11-26,Pfizer/BioNTech,95319383
Germany,2021-11-27,Pfizer/BioNTech,95809666
Germany,2021-11-28,Pfizer/BioNTech,95969987
Germany,2021-11-29,Pfizer/BioNTech,96490798
Germany,2021-11-30,Pfizer/BioNTech,97169001
Germany,2021-12-01,Pfizer/BioNTech,97921835
Germany,2021-12-02,Pfizer/BioNTech,98636909
Germany,2021-12-03,Pfizer/BioNTech,99320149
Germany,2021-12-04,Pfizer/BioNTech,99737437
Germany,2021-12-05,Pfizer/BioNTech,99864792
Germany,2021-12-06,Pfizer/BioNTech,100266512
Germany,2021-12-07,Pfizer/BioNTech,100854985
Germany,2021-12-08,Pfizer/BioNTech,101526773
Germany,2021-12-09,Pfizer/BioNTech,102183751
Germany,2021-12-10,Pfizer/BioNTech,102812384
Germany,2021-12-11,Pfizer/BioNTech,103228764
Germany,2021-12-12,Pfizer/BioNTech,103352581
Germany,2021-12-13,Pfizer/BioNTech,103739386
Germany,2021-12-14,Pfizer/BioNTech,104349832
Germany,2021-12-15,Pfizer/BioNTech,105258301
Germany,2021-12-16,Pfizer/BioNTech,106042921
Germany,2021-12-17,Pfizer/BioNTech,106771803
Germany,2021-12-18,Pfizer/BioNTech,107254328
Germany,2021-12-19,Pfizer/BioNTech,107437919
Germany,2021-12-20,Pfizer/BioNTech,107972374
Germany,2021-12-21,Pfizer/BioNTech,108660269
Germany,2021-12-22,Pfizer/BioNTech,109336961
Germany,2021-12-23,Pfizer/BioNTech,109792262
Germany,2021-12-24,Pfizer/BioNTech,109835217
Germany,2021-12-25,Pfizer/BioNTech,109853501
Germany,2021-12-26,Pfizer/BioNTech,109889617
Germany,2021-12-27,Pfizer/BioNTech,110189737
Germany,2021-12-28,Pfizer/BioNTech,110562001
Germany,2021-12-29,Pfizer/BioNTech,110938282
Germany,2021-12-30,Pfizer/BioNTech,111229075
Germany,2021-12-31,Pfizer/BioNTech,111297867
Germany,2022-01-01,Pfizer/BioNTech,111311015
Germany,2022-01-02,Pfizer/BioNTech,111392793
Germany,2022-01-03,Pfizer/BioNTech,111643086
Germany,2022-01-04,Pfizer/BioNTech,112029476
Germany,2022-01-05,Pfizer/BioNTech,112487527
Germany,2022-01-06,Pfizer/BioNTech,112876094
Germany,2022-01-07,Pfizer/BioNTech,113321238
Germany,2022-01-08,Pfizer/BioNTech,113619243
Germany,2022-01-09,Pfizer/BioNTech,113733898
Germany,2022-01-10,Pfizer/BioNTech,114050042
Germany,2022-01-11,Pfizer/BioNTech,114512030
Germany,2022-01-12,Pfizer/BioNTech,115031632
Germany,2022-01-13,Pfizer/BioNTech,115531870
Germany,2022-01-14,Pfizer/BioNTech,116004418
Germany,2022-01-15,Pfizer/BioNTech,116293887
Germany,2022-01-16,Pfizer/BioNTech,116391661
Germany,2022-01-17,Pfizer/BioNTech,116687513
Germany,2022-01-18,Pfizer/BioNTech,117101447
Germany,2022-01-19,Pfizer/BioNTech,117539162
Germany,2022-01-20,Pfizer/BioNTech,117992968
Germany,2022-01-21,Pfizer/BioNTech,118387164
Germany,2022-01-22,Pfizer/BioNTech,118584546
Germany,2022-01-23,Pfizer/BioNTech,118659102
Germany,2022-01-24,Pfizer/BioNTech,118893481
Germany,2022-01-25,Pfizer/BioNTech,119236013
Germany,2022-01-26,Pfizer/BioNTech,119588896
Germany,2022-01-27,Pfizer/BioNTech,119949958
Germany,2022-01-28,Pfizer/BioNTech,120266966
Germany,2022-01-29,Pfizer/BioNTech,120421784
Germany,2022-01-30,Pfizer/BioNTech,120477677
Germany,2022-01-31,Pfizer/BioNTech,120647835
Germany,2022-02-01,Pfizer/BioNTech,120870428
Germany,2022-02-02,Pfizer/BioNTech,121148852
Germany,2022-02-03,Pfizer/BioNTech,121418514
Germany,2022-02-04,Pfizer/BioNTech,121662051
Germany,2022-02-05,Pfizer/BioNTech,121778730
Germany,2022-02-06,Pfizer/BioNTech,121821300
Germany,2022-02-07,Pfizer/BioNTech,121951195
Germany,2022-02-08,Pfizer/BioNTech,122169771
Germany,2022-02-09,Pfizer/BioNTech,122394731
Germany,2022-02-10,Pfizer/BioNTech,122601735
Germany,2022-02-11,Pfizer/BioNTech,122789204
Germany,2022-02-12,Pfizer/BioNTech,122874499
Germany,2022-02-13,Pfizer/BioNTech,122900859
Germany,2022-02-14,Pfizer/BioNTech,122997762
Germany,2022-02-15,Pfizer/BioNTech,123156532
Germany,2022-02-16,Pfizer/BioNTech,123315287
Germany,2022-02-17,Pfizer/BioNTech,123473768
Germany,2022-02-18,Pfizer/BioNTech,123623995
Germany,2022-02-19,Pfizer/BioNTech,123685182
Germany,2022-02-20,Pfizer/BioNTech,123707637
Germany,2022-02-21,Pfizer/BioNTech,123798824
Germany,2022-02-22,Pfizer/BioNTech,123933967
Germany,2022-02-23,Pfizer/BioNTech,124067361
Germany,2022-02-24,Pfizer/BioNTech,124202922
Germany,2022-02-25,Pfizer/BioNTech,124317064
Germany,2022-02-26,Pfizer/BioNTech,124360556
Germany,2022-02-27,Pfizer/BioNTech,124373255
Germany,2022-02-28,Pfizer/BioNTech,124435141
Germany,2022-03-01,Pfizer/BioNTech,124527626
Germany,2022-03-02,Pfizer/BioNTech,124619234
Germany,2022-03-03,Pfizer/BioNTech,124732448
Germany,2022-03-04,Pfizer/BioNTech,124811324
