Country,Year,confirmed_cases,hospital_flow,hospital_stock,icu_flow,icu_stock,confirmed_deaths
United States,274,17.1,,,,27.5,19.3
United States,275,17.2,,,,27.6,19.7
United States,276,17.5,22.5,,,28.1,20.2
United States,277,17.5,22.7,,,28.8,19.5
United States,278,17.6,23.2,,,29.7,20.0
United States,279,17.8,23.5,,,29.9,19.9
United States,280,18.3,24.2,,,29.9,19.4
United States,281,18.8,25.3,,,30.2,19.9
United States,282,19.2,26.0,,,30.2,19.8
United States,283,19.5,26.7,,,30.5,19.7
United States,284,20.1,27.4,,,31.3,19.8
United States,285,20.5,27.9,,,32.6,19.9
United States,286,21.0,28.6,,,32.2,19.8
United States,287,21.3,28.7,,,32.8,20.2
United States,288,21.7,28.7,,,33.0,20.3
United States,289,22.3,29.2,,,32.9,21.0
United States,290,22.3,29.6,,,33.7,21.4
United States,291,22.6,30.3,,,34.9,22.0
United States,292,23.2,30.9,,,35.4,23.0
United States,293,23.7,31.4,,,36.2,23.9
United States,294,24.4,31.9,,,36.9,24.1
United States,295,25.1,32.6,,,37.1,24.6
United States,296,25.9,33.1,,,37.1,24.0
United States,297,27.1,33.9,,,37.6,24.4
United States,298,28.1,34.3,,,38.5,24.7
United States,299,28.5,35.0,,,39.6,24.9
United States,300,29.5,35.2,,,40.4,25.6
United States,301,30.3,35.5,,,40.9,25.5
United States,302,31.3,35.8,,,41.0,26.1
United States,303,32.1,36.7,,,41.1,26.5
United States,304,33.1,37.5,,,42.0,26.7
United States,305,33.6,38.7,,,43.6,27.3
United States,306,34.6,39.2,,,44.7,28.3
United States,307,35.9,40.0,,,45.0,28.8
United States,308,37.6,41.1,,,45.8,30.3
United States,309,39.4,42.2,,,46.2,30.9
United States,310,41.5,43.1,,,46.7,31.6
United States,311,43.6,44.2,,,48.5,32.5
United States,312,45.7,45.4,,,49.9,33.3
United States,313,47.9,47.1,,,51.3,34.2
United States,314,50.7,48.8,,,52.3,34.8
United States,315,52.9,50.3,,,54.0,34.7
United States,316,55.1,52.4,,,54.9,36.3
United States,317,57.6,54.4,,,56.2,36.9
United States,318,59.6,56.2,,,58.2,37.3
United States,319,61.2,57.8,,,60.7,38.9
United States,320,62.8,59.3,,,62.6,40.3
United States,321,63.9,60.9,,,63.4,42.6
United States,322,64.9,62.4,,,64.9,45.6
United States,323,66.5,64.0,,,65.5,46.5
United States,324,67.5,65.4,,,66.1,47.7
United States,325,68.0,66.7,,,68.0,49.4
United States,326,68.7,68.2,,,69.8,50.6
United States,327,69.1,69.4,,,71.2,52.5
United States,328,69.6,70.2,,,72.1,51.5
United States,329,70.9,70.9,,,72.8,50.1
United States,330,68.3,72.0,,,73.8,49.4
United States,331,66.7,73.0,,,74.4,49.2
United States,332,65.0,73.5,,,75.9,49.8
United States,333,64.4,72.3,,,77.9,51.9
United States,334,64.0,73.1,,,79.2,53.9
United States,335,65.0,74.3,,,79.5,58.3
United States,336,65.8,75.0,,,79.8,62.3
United States,337,70.0,75.8,,,80.0,65.8
United States,338,73.4,76.4,,,80.2,67.1
United States,339,77.0,77.4,,,81.1,68.9
United States,340,79.1,79.9,,,82.7,69.5
United States,341,80.8,80.6,,,83.8,72.0
United States,342,82.8,80.6,,,85.2,71.8
United States,343,83.5,81.1,,,85.3,74.2
United States,344,83.0,81.4,,,85.7,74.5
United States,345,84.2,82.4,,,85.3,76.3
United States,346,84.8,83.5,,,86.8,76.3
United States,347,85.0,84.6,,,88.5,77.2
United States,348,85.8,85.5,,,89.3,77.3
United States,349,84.3,86.3,,,89.9,80.1
United States,350,85.4,87.1,,,89.6,79.1
United States,351,87.5,88.3,,,89.8,80.3
United States,352,87.0,88.7,,,89.3,80.5
United States,353,86.2,88.6,,,90.2,81.2
United States,354,86.5,88.6,,,91.5,81.8
United States,355,85.7,88.7,,,92.5,81.0
United States,356,85.6,89.1,,,93.2,79.7
United States,357,84.8,89.6,,,92.5,76.5
United States,358,82.2,90.1,,,91.9,72.2
United States,359,77.8,90.9,,,92.5,71.4
United States,360,74.8,91.4,,,93.7,71.6
United States,361,72.9,90.7,,,95.3,73.5
United States,362,72.6,89.2,,,96.2,75.9
United States,363,73.2,90.3,,,95.9,79.0
United States,364,73.8,90.8,,,96.0,82.3
United States,365,75.4,90.7,,,95.1,85.3
United States,366,79.2,91.0,,,95.6,85.9
United States,367,83.6,91.8,,,96.9,85.3
United States,368,86.5,93.1,,,97.8,85.9
United States,369,86.3,94.6,,,98.7,86.3
United States,370,88.3,95.3,,,99.0,87.1
United States,371,89.5,95.5,,,98.6,90.3
United States,372,91.8,96.7,,,98.2,94.3
United States,373,95.6,97.5,,,97.6,96.5
United States,374,97.2,97.8,,,98.2,98.7
United States,375,98.3,98.6,,,99.5,99.1
United States,376,100.0,100.0,,,100.0,100.0
United States,377,98.5,98.8,,,99.5,98.9
United States,378,96.7,98.0,,,98.7,97.3
United States,379,94.1,96.8,,,98.4,98.1
United States,380,91.1,95.7,,,97.3,98.2
United States,381,88.7,95.0,,,96.5,96.8
United States,382,86.3,94.4,,,96.3,93.2
United States,383,83.3,93.4,,,95.5,92.4
United States,384,79.4,92.4,,,93.5,92.9
United States,385,77.1,91.5,,,91.8,94.1
United States,386,75.1,89.7,,,90.0,91.8
United States,387,72.3,87.7,,,87.8,91.4
United States,388,69.6,85.7,,,87.0,90.8
United States,389,67.3,83.9,,,86.5,94.1
United States,390,66.3,82.0,,,86.2,94.6
United States,391,66.1,80.3,,,84.3,94.7
United States,392,64.5,78.3,,,82.3,93.0
United States,393,62.6,77.3,,,80.0,92.1
United States,394,61.1,75.9,,,78.6,91.3
United States,395,59.6,74.5,,,77.9,91.9
United States,396,57.7,71.9,,,76.9,89.4
United States,397,57.4,70.0,,,75.3,86.7
United States,398,56.0,68.4,,,74.1,83.6
United States,399,53.1,67.2,,,72.2,84.2
United States,400,51.4,65.0,,,70.5,84.2
United States,401,49.1,63.4,,,68.8,82.2
United States,402,47.5,62.1,,,67.1,79.8
United States,403,46.3,61.2,,,66.9,77.6
United States,404,43.6,60.1,,,65.5,75.6
United States,405,41.9,58.9,,,63.4,76.1
United States,406,41.4,57.5,,,61.3,72.3
United States,407,39.9,56.2,,,60.0,69.5
United States,408,38.3,54.6,,,58.4,68.5
United States,409,36.9,52.6,,,56.6,67.2
United States,410,35.5,50.7,,,56.2,63.0
United States,411,34.1,48.8,,,55.1,60.4
United States,412,32.2,47.4,,,53.9,56.2
United States,413,30.2,46.0,,,52.0,55.9
United States,414,28.4,44.2,,,50.2,55.0
United States,415,27.0,43.0,,,48.8,55.0
United States,416,26.0,41.8,,,47.5,55.5
United States,417,25.3,40.8,,,47.3,56.7
United States,418,25.2,40.0,,,46.2,55.9
United States,419,26.0,39.4,,,44.6,58.7
United States,420,26.5,39.3,,,43.1,56.6
United States,421,26.7,39.1,,,42.1,55.4
United States,422,26.7,38.5,,,40.6,53.5
United States,423,26.8,37.9,,,40.0,52.4
United States,424,26.6,37.1,,,39.3,50.9
United States,425,26.3,36.1,,,38.2,49.0
United States,426,25.4,35.4,,,37.2,43.3
United States,427,25.0,34.5,,,36.5,43.4
United States,428,24.6,33.3,,,35.7,42.0
United States,429,24.1,32.3,,,34.7,41.2
United States,430,23.5,31.6,,,34.1,39.4
United States,431,23.0,31.2,,,33.9,38.0
United States,432,22.5,30.8,,,33.3,38.1
United States,433,22.4,30.2,,,32.7,37.1
United States,434,22.2,30.0,,,32.0,34.3
United States,435,21.9,29.7,,,31.6,33.1
United States,436,21.9,29.5,,,30.8,32.0
United States,437,21.6,29.1,,,30.4,31.5
United States,438,21.9,29.1,,,30.4,30.8
United States,439,21.9,28.8,,,30.2,28.7
United States,440,21.8,28.6,,,30.1,26.6
United States,441,21.8,28.5,,,29.5,26.2
United States,442,21.9,28.4,,,29.2,25.1
United States,443,21.8,28.2,,,28.5,24.7
United States,444,22.2,28.2,,,28.1,25.7
United States,445,22.1,27.9,,,28.9,25.2
United States,446,22.3,28.0,,,29.0,25.5
United States,447,22.7,28.0,,,29.4,26.1
United States,448,23.1,28.1,,,28.9,25.6
United States,449,23.2,28.3,,,28.8,26.2
United States,450,24.0,28.6,,,28.4,26.5
United States,451,24.3,28.9,,,28.9,24.9
United States,452,24.7,29.1,,,29.2,24.7
United States,453,25.3,29.3,,,29.7,24.0
United States,454,25.5,29.7,,,29.4,23.3
United States,455,25.7,30.0,,,29.3,22.4
United States,456,26.1,30.1,,,29.3,22.0
United States,457,25.9,30.2,,,29.6,21.5
United States,458,25.9,30.2,,,29.8,20.8
United States,459,25.5,30.4,,,30.6,20.8
United States,460,25.4,30.6,,,31.2,20.2
United States,461,25.5,30.7,,,31.2,20.4
United States,462,25.8,31.0,,,31.8,20.4
United States,463,25.9,31.6,,,31.7,20.4
United States,464,26.3,32.0,,,31.6,20.2
United States,465,26.6,32.3,,,32.0,20.9
United States,466,27.1,32.7,,,32.7,21.0
United States,467,27.4,33.0,,,33.0,20.9
United States,468,27.8,33.3,,,33.2,20.6
United States,469,27.6,33.5,,,32.8,20.5
United States,470,27.4,33.4,,,33.0,20.1
United States,471,27.1,33.4,,,33.1,20.2
United States,472,27.6,33.5,,,33.3,20.0
United States,473,27.4,33.6,,,34.0,19.9
United States,474,25.9,33.9,,,34.3,19.9
United States,475,25.1,33.9,,,34.3,19.8
United States,476,24.7,33.9,,,34.1,20.0
United States,477,24.1,33.8,,,33.6,20.1
United States,478,23.6,33.6,,,33.1,19.8
United States,479,22.1,33.4,,,33.0,19.8
United States,480,21.6,32.8,,,33.8,19.0
United States,481,21.8,32.1,,,33.5,19.2
United States,482,21.4,31.5,,,33.0,19.2
United States,483,20.9,31.0,,,32.4,18.9
United States,484,20.5,30.6,,,32.0,18.8
United States,485,20.1,30.1,,,31.5,19.1
United States,486,19.9,29.7,,,31.4,19.0
United States,487,19.6,29.5,,,31.9,19.6
United States,488,19.2,29.1,,,31.8,19.1
United States,489,18.8,28.7,,,31.0,18.7
United States,490,18.2,28.5,,,30.6,18.8
United States,491,17.4,28.0,,,29.9,18.8
United States,492,16.8,27.6,,,29.3,18.4
United States,493,16.2,27.1,,,28.9,18.2
United States,494,15.6,26.5,,,28.9,17.8
United States,495,15.2,26.2,,,28.7,17.7
United States,496,14.6,25.7,,,28.1,17.4
United States,497,14.1,25.1,,,27.4,16.9
United States,498,13.9,24.5,,,26.4,16.1
United States,499,13.4,24.0,,,25.6,16.3
United States,500,13.0,23.4,,,25.2,16.1
United States,501,12.6,22.9,,,25.3,16.0
United States,502,12.4,22.3,,,24.8,15.6
United States,503,12.0,21.9,,,24.4,15.4
United States,504,11.6,21.4,,,23.7,15.3
United States,505,10.9,21.0,,,23.1,15.1
United States,506,10.4,20.6,,,22.4,14.5
United States,507,10.0,20.2,,,22.2,14.4
United States,508,9.7,19.8,,,22.2,14.0
United States,509,9.4,19.6,,,21.8,13.7
United States,510,9.2,19.4,,,21.3,13.7
United States,511,9.0,19.3,,,20.8,13.9
United States,512,8.7,19.0,,,20.0,13.5
United States,513,8.5,18.5,,,19.4,13.4
United States,514,8.1,18.3,,,19.1,12.8
United States,515,7.9,17.9,,,19.2,12.1
United States,516,7.6,17.4,,,19.0,12.0
United States,517,6.7,16.9,,,18.4,11.7
United States,518,6.3,16.4,,,17.9,11.3
United States,519,6.1,15.6,,,17.3,11.6
United States,520,5.7,15.3,,,16.5,12.3
United States,521,5.7,14.8,,,16.2,12.7
United States,522,5.6,14.5,,,16.2,12.6
United States,523,5.6,14.2,,,15.9,12.1
United States,524,5.9,13.9,,,15.5,11.8
United States,525,6.1,13.7,,,15.2,10.9
United States,526,6.0,13.7,,,14.9,10.1
United States,527,5.7,13.3,,,14.5,9.0
United States,528,5.6,13.1,,,14.0,8.5
United States,529,5.4,12.9,,,14.1,8.5
United States,530,5.3,12.7,,,13.6,8.4
United States,531,5.2,12.6,,,13.4,7.9
United States,532,4.9,12.5,,,13.2,7.4
United States,533,4.7,12.2,,,12.9,7.5
United States,534,4.6,12.1,,,12.7,7.8
United States,535,4.6,11.9,,,12.7,8.1
United States,536,4.6,11.7,,,12.8,8.1
United States,537,4.7,11.5,,,13.0,8.0
United States,538,4.7,11.3,,,12.8,8.2
United States,539,4.7,11.2,,,12.6,8.7
United States,540,4.9,11.2,,,12.5,8.7
United States,541,5.0,11.2,,,12.3,8.5
United States,542,5.1,11.2,,,12.2,8.2
United States,543,5.2,11.1,,,12.5,8.1
United States,544,5.3,11.2,,,12.7,7.7
United States,545,5.4,11.4,,,12.7,7.5
United States,546,5.3,11.5,,,12.5,7.2
United States,547,5.5,11.6,,,13.9,6.8
United States,548,5.6,11.7,,,13.0,6.6
United States,549,5.6,11.8,,,13.1,6.2
United States,550,5.6,12.1,,,13.4,6.3
United States,551,5.5,12.3,,,13.8,6.4
United States,552,5.7,12.4,,,14.3,6.3
United States,553,6.4,12.5,,,14.9,6.3
United States,554,6.9,12.7,,,15.1,6.3
United States,555,7.5,13.2,,,15.4,6.3
United States,556,8.0,13.7,,,16.0,7.1
United States,557,8.3,14.1,,,16.9,7.2
United States,558,9.5,14.6,,,17.6,7.6
United States,559,10.3,15.2,,,18.2,7.8
United States,560,11.2,15.9,,,18.9,8.0
United States,561,11.9,16.8,,,20.0,8.2
United States,562,12.8,17.3,,,20.7,8.3
United States,563,13.4,18.0,,,21.7,8.2
United States,564,14.1,18.8,,,23.2,8.2
United States,565,15.0,19.6,,,24.6,8.4
United States,566,15.9,20.5,,,25.6,8.5
United States,567,17.2,21.4,,,26.6,8.7
United States,568,19.0,22.6,,,28.0,9.0
United States,569,20.6,23.9,,,29.1,9.4
United States,570,21.8,25.4,,,30.7,9.9
United States,571,22.7,26.8,,,32.7,10.7
United States,572,24.2,28.3,,,34.6,11.1
United States,573,26.2,29.8,,,35.9,11.8
United States,574,27.8,31.4,,,37.8,12.2
United States,575,29.3,33.2,,,39.7,12.9
United States,576,31.4,35.1,,,41.9,13.4
United States,577,32.9,36.8,,,44.0,14.4
United States,578,34.0,39.0,,,46.7,15.2
United States,579,35.7,41.1,,,48.6,16.3
United States,580,37.1,42.8,,,50.7,17.4
United States,581,39.3,44.5,,,52.6,18.7
United States,582,41.0,46.7,,,54.5,19.7
United States,583,42.2,48.8,,,55.9,20.4
United States,584,44.5,51.0,,,58.1,20.7
United States,585,46.5,52.9,,,61.3,21.7
United States,586,46.0,54.7,,,63.2,21.1
United States,587,47.4,56.8,,,65.8,22.1
United States,588,48.4,58.7,,,67.6,23.5
United States,589,49.7,60.5,,,69.5,24.5
United States,590,50.9,62.4,,,70.6,25.2
United States,591,52.1,64.2,,,73.0,25.7
United States,592,52.8,65.7,,,75.0,26.7
United States,593,53.8,67.0,,,77.2,30.4
United States,594,54.6,67.8,,,78.6,32.0
United States,595,55.9,68.6,,,79.7,33.5
United States,596,57.2,69.7,,,81.0,34.7
United States,597,58.4,70.7,,,81.9,35.6
United States,598,58.6,71.4,,,83.4,36.8
United States,599,59.6,72.0,,,85.0,38.7
United States,600,60.0,72.6,,,86.7,39.3
United States,601,60.7,73.4,,,86.8,41.0
United States,602,61.3,73.8,,,87.4,42.0
United States,603,61.9,74.0,,,87.8,43.3
United States,604,62.8,74.0,,,88.0,44.4
United States,605,63.3,74.2,,,89.2,44.7
United States,606,62.8,74.3,,,89.7,45.1
United States,607,63.8,74.2,,,89.7,46.5
United States,608,64.5,73.8,,,89.9,47.6
United States,609,65.7,73.6,,,90.1,48.2
United States,610,65.4,73.5,,,89.9,48.3
United States,611,65.5,73.8,,,88.6,48.8
United States,612,65.0,73.6,,,88.7,48.2
United States,613,65.3,73.0,,,89.3,47.0
United States,614,64.0,72.8,,,90.3,47.3
United States,615,60.6,72.7,,,90.0,48.2
United States,616,58.9,72.4,,,89.7,49.6
United States,617,59.1,71.1,,,89.1,50.6
United States,618,58.4,70.6,,,87.7,50.1
United States,619,59.0,70.1,,,87.5,51.0
United States,620,58.5,69.9,,,88.3,55.1
United States,621,58.7,69.1,,,87.3,56.4
United States,622,61.2,68.3,,,86.1,55.7
United States,623,60.8,67.5,,,85.6,55.9
United States,624,59.9,67.3,,,84.6,55.4
United States,625,59.1,66.0,,,83.0,55.5
United States,626,57.3,64.8,,,82.3,55.5
United States,627,56.3,63.5,,,82.0,55.1
United States,628,55.1,62.4,,,81.5,54.7
United States,629,53.5,61.3,,,80.1,54.6
United States,630,51.8,60.0,,,78.2,55.1
United States,631,50.0,58.8,,,76.8,54.4
United States,632,48.5,57.8,,,75.2,53.7
United States,633,47.0,56.5,,,74.6,54.4
United States,634,45.8,55.3,,,73.6,53.6
United States,635,46.4,54.0,,,72.3,53.2
United States,636,45.3,52.9,,,70.6,52.6
United States,637,44.4,51.8,,,68.5,51.6
United States,638,43.6,50.8,,,66.7,51.1
United States,639,42.9,49.5,,,65.6,50.8
United States,640,42.1,48.4,,,65.0,49.8
United States,641,41.5,47.5,,,64.6,49.5
United States,642,40.7,46.5,,,63.2,48.6
United States,643,40.0,45.7,,,62.0,47.7
United States,644,39.5,45.0,,,60.5,48.1
United States,645,38.9,44.1,,,58.9,47.0
United States,646,38.2,43.6,,,61.0,46.1
United States,647,37.5,43.1,,,62.8,44.8
United States,648,37.1,42.5,,,62.6,44.4
United States,649,36.4,42.1,,,62.2,43.5
United States,650,35.5,41.8,,,61.4,42.7
United States,651,35.0,41.3,,,59.8,41.7
United States,652,34.1,40.8,,,58.9,41.1
United States,653,33.1,40.0,,,57.0,40.9
United States,654,32.7,39.3,,,56.3,42.4
United States,655,32.1,38.9,,,57.1,42.0
United States,656,31.8,38.3,,,56.3,41.9
United States,657,31.3,37.8,,,55.3,41.8
United States,658,30.1,37.3,,,54.0,41.3
United States,659,29.6,36.6,,,53.3,40.2
United States,660,29.0,35.8,,,51.8,38.7
United States,661,27.3,35.4,,,51.0,37.6
United States,662,25.9,34.7,,,51.6,38.3
United States,663,27.1,34.1,,,51.4,38.1
United States,664,28.3,33.6,,,50.9,37.0
United States,665,28.7,33.2,,,49.9,36.5
United States,666,28.4,32.7,,,43.1,35.6
United States,667,28.8,32.4,,,42.1,35.4
United States,668,28.7,31.9,,,41.9,36.0
United States,669,28.5,31.6,,,41.9,33.6
United States,670,30.0,31.4,,,41.4,32.5
United States,671,28.4,31.2,,,40.7,32.2
United States,672,28.1,30.7,,,40.0,31.5
United States,673,28.5,30.6,,,39.3,31.6
United States,674,28.6,30.5,,,38.9,31.4
United States,675,28.6,30.4,,,38.8,31.4
United States,676,28.9,30.3,,,39.2,32.1
United States,677,29.3,30.2,,,39.3,31.3
United States,678,29.8,30.4,,,39.1,30.2
United States,679,30.6,30.8,,,39.0,30.8
United States,680,29.7,31.1,,,39.0,31.1
United States,681,31.5,31.2,,,39.1,31.0
United States,682,32.6,31.5,,,39.0,30.5
United States,683,32.7,31.7,,,39.9,29.9
United States,684,33.7,32.1,,,40.2,30.0
United States,685,34.5,32.4,,,40.4,30.5
United States,686,35.3,32.7,,,40.8,30.1
United States,687,37.6,33.2,,,40.9,29.3
United States,688,37.2,33.8,,,40.8,29.2
United States,689,36.7,34.5,,,41.4,29.5
United States,690,37.0,34.9,,,42.6,29.9
United States,691,37.7,35.2,,,42.7,29.7
United States,692,37.8,35.5,,,43.1,27.1
United States,693,37.9,36.2,,,43.2,22.8
United States,694,35.5,36.7,,,43.8,22.2
United States,695,33.7,37.1,,,44.5,22.3
United States,696,34.1,37.1,,,45.4,24.2
United States,697,35.2,36.9,,,46.3,24.5
United States,698,32.1,37.6,,,46.9,25.9
United States,699,33.3,38.1,,,47.3,29.1
United States,700,34.8,38.5,,,47.7,32.9
United States,701,38.9,39.0,,,48.1,34.4
United States,702,42.9,39.7,,,48.3,34.8
United States,703,43.7,40.5,,,49.0,33.3
United States,704,43.7,42.3,,,50.0,34.3
United States,705,48.9,43.1,,,51.1,33.2
United States,706,49.2,43.8,,,51.6,32.8
United States,707,49.0,44.3,,,51.9,34.3
United States,708,48.6,45.1,,,52.7,33.9
United States,709,47.7,45.9,,,53.0,34.1
United States,710,47.5,46.8,,,54.0,34.2
United States,711,47.7,47.3,,,55.1,34.4
United States,712,47.8,47.6,,,55.4,36.0
United States,713,47.7,48.0,,,55.0,35.8
United States,714,48.7,47.9,,,55.1,35.9
United States,715,50.0,47.7,,,55.2,36.3
United States,716,51.6,47.6,,,55.1,36.2
United States,717,53.0,47.4,,,55.3,36.6
United States,718,55.6,47.4,,,56.1,38.1
United States,719,60.1,47.4,,,55.9,37.6
United States,720,64.9,47.4,,,56.2,37.2
United States,721,70.4,47.9,,,56.0,35.2
United States,722,77.1,48.5,,,56.2,33.8
United States,723,81.6,49.4,,,56.6,33.7
United States,724,83.9,50.7,,,57.4,34.7
United States,725,90.1,51.9,,,59.1,34.4
United States,726,101.8,52.9,,,59.8,34.5
United States,727,112.8,54.9,,,61.7,35.8
United States,728,126.8,57.8,,,62.9,35.6
United States,729,145.0,62.1,,,63.6,36.3
United States,730,157.9,67.3,,,65.3,36.7
United States,731,167.2,72.8,,,67.9,36.1
United States,732,178.4,78.8,,,70.4,38.7
United States,733,204.4,84.5,,,72.8,39.0
United States,734,223.3,89.9,,,74.5,42.1
United States,735,236.3,94.9,,,76.6,46.3
United States,736,247.7,99.8,,,79.1,48.2
United States,737,269.6,104.6,,,80.1,49.4
United States,738,277.7,109.1,,,82.4,51.4
United States,739,281.7,113.5,,,84.8,53.1
United States,740,303.0,118.1,,,86.8,55.2
United States,741,307.9,120.9,,,87.7,55.6
United States,742,316.5,123.3,,,88.5,57.5
United States,743,322.2,125.7,,,89.1,59.6
United States,744,321.9,127.8,,,89.3,60.3
United States,745,323.3,129.1,,,89.5,58.2
United States,746,319.4,130.5,,,90.3,55.8
United States,747,301.5,131.5,,,91.3,58.3
United States,748,303.9,131.1,,,91.6,61.3
United States,749,299.2,129.8,,,91.0,65.3
United States,750,292.1,129.2,,,90.1,64.6
United States,751,288.1,128.3,,,88.9,65.0
United States,752,280.5,127.4,,,88.4,70.3
United States,753,274.7,125.4,,,88.5,74.1
United States,754,276.8,123.0,,,87.6,75.2
United States,755,256.0,121.3,,,86.8,75.1
United States,756,242.5,120.2,,,84.7,73.8
United States,757,230.9,119.0,,,83.1,74.9
United States,758,216.5,116.5,,,81.1,74.7
United States,759,210.5,113.6,,,80.3,74.3
United States,760,201.7,110.9,,,79.3,76.9
United States,761,176.5,108.6,,,78.5,77.1
United States,762,165.1,106.0,,,75.8,76.5
United States,763,151.4,102.9,,,73.8,76.0
United States,764,138.8,99.2,,,71.2,74.7
United States,765,124.2,95.6,,,68.0,73.7
United States,766,117.8,91.9,,,66.7,76.1
United States,767,114.4,87.5,,,65.7,74.3
United States,768,98.2,83.5,,,63.5,73.4
United States,769,92.5,80.6,,,61.3,72.7
United States,770,86.3,77.7,,,59.0,70.5
United States,771,75.9,74.0,,,55.8,69.4
United States,772,69.4,70.7,,,53.5,69.4
United States,773,67.4,67.5,,,51.6,68.1
United States,774,64.6,65.1,,,49.9,64.9
United States,775,57.6,62.6,,,47.9,63.5
United States,776,52.6,59.9,,,45.5,62.3
United States,777,47.5,57.2,,,43.4,59.7
United States,778,43.6,54.0,,,41.3,58.6
United States,779,40.8,50.9,,,38.9,57.9
United States,780,39.3,48.2,,,37.3,50.1
United States,781,38.3,45.4,,,36.2,50.8
United States,782,30.9,42.7,,,35.2,50.8
United States,783,31.4,40.7,,,33.3,51.7
United States,784,29.6,38.9,,,32.6,52.0
United States,785,28.4,37.0,,,30.8,51.3
United States,786,26.7,35.1,,,28.7,50.4
United States,787,25.7,33.3,,,27.3,55.2
United States,788,24.9,31.8,,,26.1,49.9
United States,789,26.7,30.6,,,25.4,46.5
United States,790,22.4,29.5,,,24.2,41.8
United States,791,21.2,28.5,,,23.3,38.5
United States,792,19.9,27.3,,,21.6,
United States,793,18.1,26.2,,,,
Spain,349,25.6,26.9,,26.5,,30.3
Spain,350,27.0,27.2,,25.8,,29.5
Spain,351,27.1,27.5,,25.7,,30.5
Spain,352,27.4,28.1,,25.0,,30.7
Spain,353,27.6,28.7,,26.3,,31.9
Spain,354,27.6,28.3,,26.8,,31.5
Spain,355,28.1,27.3,,26.6,,31.6
Spain,356,28.6,27.8,,26.6,,32.5
Spain,357,29.7,28.9,,28.0,,33.3
Spain,358,29.3,29.4,,30.5,,33.6
Spain,359,26.3,29.9,,31.7,,33.9
Spain,360,26.1,30.5,,32.6,,33.8
Spain,361,26.7,31.3,,32.3,,35.8
Spain,362,28.4,32.4,,33.6,,35.3
Spain,363,30.6,33.8,,34.4,,36.5
Spain,364,33.3,34.8,,34.5,,38.3
Spain,365,35.5,37.2,,34.2,,39.4
Spain,366,36.7,39.5,,36.4,,41.0
Spain,367,38.3,40.0,,38.2,,43.5
Spain,368,39.9,43.4,,40.1,,44.6
Spain,369,42.8,47.4,,43.1,,47.5
Spain,370,47.5,48.6,,46.6,,49.7
Spain,371,44.9,50.3,,48.6,,53.6
Spain,372,49.4,52.7,,51.8,,57.2
Spain,373,59.6,55.9,,54.9,,60.4
Spain,374,63.2,61.5,,58.8,,63.7
Spain,375,64.8,66.1,,63.8,,69.1
Spain,376,68.9,70.6,,67.8,,73.5
Spain,377,71.6,75.4,,71.6,,78.0
Spain,378,81.5,79.2,,75.9,,82.6
Spain,379,86.2,84.0,,78.3,,84.9
Spain,380,90.3,89.0,,83.8,,88.9
Spain,381,92.6,92.6,,87.0,,91.9
Spain,382,94.5,95.9,,90.9,,93.5
Spain,383,95.8,98.2,,94.7,,97.1
Spain,384,97.8,99.4,,98.0,,99.3
Spain,385,99.0,99.6,,99.5,,98.4
Spain,386,100.0,100.0,,100.0,,100.0
Spain,387,99.7,99.0,,100.0,,99.2
Spain,388,99.2,97.9,,99.3,,99.6
Spain,389,98.7,96.3,,98.4,,98.1
Spain,390,97.5,95.0,,96.1,,95.4
Spain,391,95.5,93.3,,94.8,,92.4
Spain,392,93.1,91.3,,93.6,,90.6
Spain,393,90.1,88.0,,93.1,,87.8
Spain,394,86.1,85.0,,90.6,,85.0
Spain,395,83.8,81.3,,88.9,,81.6
Spain,396,81.5,77.4,,86.7,,78.7
Spain,397,77.4,73.2,,83.9,,76.5
Spain,398,72.8,69.5,,80.8,,73.7
Spain,399,67.9,66.3,,76.8,,70.5
Spain,400,62.9,63.2,,73.3,,67.4
Spain,401,58.0,59.4,,69.9,,63.8
Spain,402,54.8,55.6,,66.4,,60.5
Spain,403,52.6,51.6,,61.2,,58.1
Spain,404,49.1,48.5,,57.9,,54.3
Spain,405,44.8,45.7,,53.0,,51.3
Spain,406,40.5,43.4,,50.1,,48.3
Spain,407,36.8,39.8,,47.2,,45.6
Spain,408,33.4,36.4,,43.2,,44.0
Spain,409,31.5,34.4,,40.1,,42.4
Spain,410,30.5,32.5,,38.8,,39.6
Spain,411,28.5,30.3,,36.4,,38.2
Spain,412,26.3,29.4,,34.8,,37.0
Spain,413,24.4,28.8,,33.9,,35.7
Spain,414,22.9,27.4,,34.0,,35.1
Spain,415,21.4,26.5,,33.4,,34.3
Spain,416,20.7,25.2,,31.5,,31.8
Spain,417,20.3,24.2,,29.9,,30.9
Spain,418,19.5,23.6,,28.4,,29.2
Spain,419,18.5,23.1,,28.2,,27.6
Spain,420,17.6,22.4,,28.2,,26.4
Spain,421,16.8,21.4,,27.4,,25.5
Spain,422,16.2,20.8,,25.6,,24.1
Spain,423,15.9,20.3,,26.8,,23.7
Spain,424,15.7,20.0,,26.0,,22.8
Spain,425,15.1,19.5,,26.5,,21.7
Spain,426,14.5,19.2,,26.1,,20.7
Spain,427,14.3,19.3,,25.3,,20.1
Spain,428,14.1,19.6,,25.5,,19.0
Spain,429,13.8,19.5,,25.2,,18.5
Spain,430,13.6,19.3,,23.7,,18.0
Spain,431,13.5,19.0,,23.7,,17.8
Spain,432,13.4,18.8,,23.0,,17.7
Spain,433,13.3,18.9,,21.8,,17.0
Spain,434,13.2,18.5,,21.7,,15.9
Spain,435,13.1,18.1,,20.9,,15.5
Spain,436,13.1,17.8,,21.6,,15.2
Spain,437,13.1,18.0,,22.0,,14.5
Spain,438,13.1,17.9,,22.4,,13.9
Spain,439,13.3,17.6,,22.6,,12.8
Spain,440,13.4,17.3,,23.1,,12.7
Spain,441,13.6,17.4,,22.8,,13.2
Spain,442,14.0,17.7,,23.0,,13.2
Spain,443,13.5,18.0,,23.1,,13.3
Spain,444,13.5,18.0,,22.9,,13.7
Spain,445,13.7,18.4,,23.5,,13.5
Spain,446,13.9,19.1,,24.5,,14.1
Spain,447,14.4,19.7,,25.5,,14.3
Spain,448,14.9,19.7,,26.6,,13.9
Spain,449,15.3,20.1,,26.8,,14.2
Spain,450,16.5,20.7,,27.5,,13.9
Spain,451,17.0,21.4,,28.3,,13.5
Spain,452,17.2,21.6,,29.3,,13.3
Spain,453,17.7,21.4,,29.0,,13.8
Spain,454,18.1,21.9,,29.7,,14.0
Spain,455,18.9,22.7,,29.8,,14.3
Spain,456,18.2,23.3,,31.5,,14.6
Spain,457,16.7,24.0,,31.3,,14.4
Spain,458,16.9,24.4,,33.6,,15.0
Spain,459,17.4,25.3,,33.3,,15.0
Spain,460,17.5,26.4,,34.2,,15.0
Spain,461,18.6,26.7,,33.9,,14.7
Spain,462,19.3,26.8,,34.8,,14.7
Spain,463,21.2,27.3,,35.5,,14.4
Spain,464,23.9,27.5,,36.9,,14.5
Spain,465,24.3,28.0,,36.1,,14.3
Spain,466,24.2,28.1,,37.1,,14.3
Spain,467,24.7,28.7,,38.2,,13.6
Spain,468,24.4,28.9,,40.1,,13.5
Spain,469,24.3,29.2,,41.1,,13.5
Spain,470,24.1,29.3,,40.2,,13.4
Spain,471,23.9,29.6,,40.5,,13.5
Spain,472,23.7,29.4,,41.8,,13.1
Spain,473,23.7,29.4,,41.1,,12.7
Spain,474,23.6,28.5,,41.7,,12.8
Spain,475,23.8,28.5,,41.5,,12.4
Spain,476,23.6,28.3,,40.5,,12.1
Spain,477,23.6,28.2,,40.2,,11.6
Spain,478,23.6,27.7,,38.9,,11.3
Spain,479,23.4,27.0,,37.7,,11.4
Spain,480,23.4,26.5,,38.1,,11.5
Spain,481,23.5,26.3,,36.1,,11.5
Spain,482,23.1,25.6,,34.2,,11.5
Spain,483,23.0,25.1,,33.6,,11.6
Spain,484,22.6,23.5,,34.0,,11.6
Spain,485,22.2,22.8,,34.1,,11.5
Spain,486,21.8,22.3,,32.4,,11.0
Spain,487,21.5,21.8,,32.1,,10.5
Spain,488,20.3,21.2,,31.5,,10.2
Spain,489,19.4,20.6,,31.5,,10.0
Spain,490,18.8,20.1,,30.8,,9.4
Spain,491,18.0,19.6,,28.3,,9.1
Spain,492,17.4,18.8,,26.8,,8.9
Spain,493,17.2,18.3,,26.1,,8.4
Spain,494,17.0,17.5,,23.9,,8.0
Spain,495,17.0,16.7,,22.0,,7.8
Spain,496,16.3,16.2,,19.9,,7.3
Spain,497,15.5,15.7,,18.7,,7.2
Spain,498,15.0,15.3,,19.4,,7.0
Spain,499,14.3,14.9,,19.5,,6.8
Spain,500,14.1,14.1,,18.7,,6.8
Spain,501,14.0,13.5,,18.9,,6.5
Spain,502,13.7,13.2,,18.9,,6.3
Spain,503,13.7,12.9,,19.4,,5.8
Spain,504,13.5,12.5,,19.0,,5.2
Spain,505,13.4,12.4,,18.3,,4.9
Spain,506,13.2,12.1,,17.6,,4.8
Spain,507,13.2,11.9,,17.3,,4.8
Spain,508,13.1,11.9,,16.7,,4.9
Spain,509,12.8,11.6,,16.4,,4.7
Spain,510,12.6,11.6,,15.1,,5.1
Spain,511,12.6,11.7,,14.5,,5.3
Spain,512,12.5,11.5,,14.0,,5.4
Spain,513,12.4,11.3,,13.6,,5.4
Spain,514,12.5,11.1,,13.0,,4.9
Spain,515,12.5,10.9,,12.2,,5.0
Spain,516,12.6,10.5,,12.0,,4.6
Spain,517,12.5,10.2,,11.8,,4.5
Spain,518,12.4,10.0,,12.3,,4.0
Spain,519,12.1,9.9,,12.4,,3.9
Spain,520,11.7,9.7,,11.5,,3.7
Spain,521,11.6,9.4,,11.0,,3.6
Spain,522,11.5,9.2,,11.0,,3.5
Spain,523,11.2,9.1,,10.0,,3.6
Spain,524,10.8,8.9,,9.7,,3.5
Spain,525,10.4,8.9,,9.1,,3.6
Spain,526,10.2,8.4,,8.7,,3.2
Spain,527,10.0,8.1,,9.1,,3.1
Spain,528,9.9,8.0,,9.1,,3.2
Spain,529,9.8,7.9,,8.8,,3.1
Spain,530,9.6,7.4,,8.6,,3.0
Spain,531,9.6,7.2,,7.9,,2.8
Spain,532,9.5,6.9,,7.9,,2.7
Spain,533,9.5,6.8,,7.2,,2.8
Spain,534,9.5,6.5,,7.0,,2.9
Spain,535,9.5,6.3,,6.4,,2.8
Spain,536,9.5,6.1,,6.2,,2.7
Spain,537,9.6,6.2,,6.3,,2.6
Spain,538,9.8,6.3,,7.0,,2.6
Spain,539,10.2,6.5,,6.6,,2.5
Spain,540,10.2,6.5,,6.4,,2.5
Spain,541,10.8,6.6,,6.1,,2.3
Spain,542,11.5,6.8,,6.4,,2.3
Spain,543,12.0,7.3,,6.2,,2.3
Spain,544,13.8,7.4,,6.6,,2.1
Spain,545,16.3,7.8,,6.5,,2.0
Spain,546,19.6,8.0,,7.2,,2.2
Spain,547,23.7,8.6,,7.5,,2.2
Spain,548,27.4,9.3,,7.7,,2.3
Spain,549,30.1,10.0,,7.9,,2.5
Spain,550,31.9,10.9,,9.1,,2.6
Spain,551,35.5,11.8,,9.5,,2.9
Spain,552,39.4,12.4,,10.4,,3.2
Spain,553,43.4,13.3,,11.1,,4.0
Spain,554,47.0,14.6,,12.3,,4.0
Spain,555,50.9,15.9,,13.6,,4.2
Spain,556,52.8,17.5,,15.1,,4.7
Spain,557,54.7,18.7,,15.3,,5.4
Spain,558,58.3,20.3,,17.7,,6.2
Spain,559,61.5,21.7,,19.4,,7.0
Spain,560,64.2,23.1,,21.3,,7.2
Spain,561,67.0,24.9,,22.2,,8.8
Spain,562,69.1,27.0,,23.8,,9.7
Spain,563,70.5,28.7,,25.8,,10.4
Spain,564,71.4,30.6,,28.8,,11.2
Spain,565,73.0,32.4,,29.6,,11.7
Spain,566,74.4,33.3,,31.1,,12.4
Spain,567,75.2,34.2,,32.5,,13.6
Spain,568,75.8,35.0,,34.2,,13.8
Spain,569,76.0,35.5,,35.9,,14.3
Spain,570,75.9,35.9,,37.1,,15.1
Spain,571,75.1,35.5,,37.8,,15.5
Spain,572,73.5,35.3,,38.3,,16.8
Spain,573,72.3,35.5,,37.8,,17.4
Spain,574,70.3,34.9,,36.5,,17.6
Spain,575,68.1,33.9,,37.9,,17.6
Spain,576,66.4,33.9,,37.9,,17.6
Spain,577,65.0,33.5,,37.7,,18.1
Spain,578,63.8,33.2,,36.9,,18.4
Spain,579,61.4,32.8,,36.9,,18.0
Spain,580,58.4,32.2,,36.7,,18.8
Spain,581,55.8,31.9,,37.8,,18.9
Spain,582,53.4,32.1,,36.4,,19.6
Spain,583,50.7,31.1,,35.4,,20.6
Spain,584,49.2,30.6,,34.8,,20.6
Spain,585,48.2,30.0,,33.2,,21.3
Spain,586,46.3,28.8,,32.9,,21.4
Spain,587,44.5,28.2,,33.4,,20.6
Spain,588,42.6,27.8,,31.6,,20.2
Spain,589,40.7,26.6,,30.3,,19.5
Spain,590,38.5,25.5,,30.1,,18.4
Spain,591,37.3,24.7,,28.3,,18.2
Spain,592,36.7,23.7,,28.7,,17.0
Spain,593,34.5,23.1,,27.0,,17.0
Spain,594,32.3,22.4,,26.2,,16.7
Spain,595,31.0,21.6,,25.3,,16.5
Spain,596,29.8,21.2,,25.2,,16.2
Spain,597,28.9,20.6,,23.7,,16.2
Spain,598,28.3,19.9,,24.0,,16.1
Spain,599,27.7,19.3,,23.5,,16.1
Spain,600,27.8,18.8,,23.3,,15.6
Spain,601,26.9,18.2,,22.0,,15.3
Spain,602,25.5,17.8,,22.0,,15.0
Spain,603,24.0,17.0,,22.0,,14.5
Spain,604,22.5,16.4,,21.4,,14.0
Spain,605,21.5,15.7,,20.0,,13.3
Spain,606,21.0,15.1,,19.4,,12.7
Spain,607,19.5,14.3,,19.0,,12.1
Spain,608,18.4,13.7,,18.3,,11.9
Spain,609,17.2,13.2,,17.1,,11.4
Spain,610,16.0,12.7,,15.8,,11.1
Spain,611,14.7,12.4,,15.0,,11.0
Spain,612,14.1,11.6,,14.3,,10.4
Spain,613,13.8,10.8,,13.6,,10.3
Spain,614,13.0,10.3,,12.6,,10.1
Spain,615,12.0,9.9,,12.3,,9.7
Spain,616,11.1,9.5,,11.6,,9.4
Spain,617,10.5,8.9,,11.0,,9.5
Spain,618,10.0,8.1,,10.8,,9.2
Spain,619,9.6,7.9,,10.4,,9.1
Spain,620,9.4,7.7,,10.0,,8.8
Spain,621,9.0,7.3,,9.3,,8.0
Spain,622,8.5,7.1,,8.4,,7.4
Spain,623,8.2,6.8,,8.5,,7.2
Spain,624,7.8,6.5,,8.2,,6.8
Spain,625,7.5,6.3,,7.5,,6.2
Spain,626,7.4,5.8,,7.8,,5.6
Spain,627,7.2,5.6,,7.0,,5.0
Spain,628,6.8,5.5,,6.8,,4.9
Spain,629,6.5,5.4,,6.7,,5.0
Spain,630,6.4,5.2,,6.2,,4.7
Spain,631,6.1,4.9,,5.8,,4.8
Spain,632,5.9,4.7,,5.8,,4.8
Spain,633,5.9,4.6,,4.6,,5.0
Spain,634,5.8,4.4,,4.4,,4.7
Spain,635,5.9,4.3,,4.1,,4.7
Spain,636,5.7,4.2,,4.2,,4.6
Spain,637,5.5,4.1,,4.1,,4.3
Spain,638,5.3,4.1,,4.2,,3.9
Spain,639,5.1,4.0,,4.1,,3.8
Spain,640,5.0,3.8,,4.2,,3.6
Spain,641,4.9,3.8,,4.2,,3.7
Spain,642,4.7,3.6,,4.2,,3.7
Spain,643,4.5,3.6,,4.0,,3.4
Spain,644,4.4,3.7,,3.9,,3.4
Spain,645,4.3,3.9,,3.6,,3.4
Spain,646,4.3,3.8,,3.9,,3.4
Spain,647,4.2,4.1,,4.2,,3.2
Spain,648,4.2,4.2,,4.4,,3.3
Spain,649,4.2,4.4,,4.7,,3.3
Spain,650,3.8,4.4,,4.8,,3.4
Spain,651,3.9,4.5,,4.9,,3.3
Spain,652,4.0,4.5,,5.8,,3.3
Spain,653,4.1,4.8,,6.0,,3.2
Spain,654,4.2,4.6,,6.3,,3.2
Spain,655,4.3,4.6,,6.2,,3.2
Spain,656,4.3,4.6,,6.3,,3.0
Spain,657,4.8,4.6,,6.0,,2.9
Spain,658,4.9,4.6,,6.4,,2.7
Spain,659,4.9,4.5,,6.0,,2.8
Spain,660,5.0,4.4,,6.0,,2.8
Spain,661,5.0,4.6,,5.7,,2.8
Spain,662,5.0,4.6,,5.7,,2.5
Spain,663,5.0,4.8,,5.7,,2.6
Spain,664,5.1,4.8,,6.1,,2.4
Spain,665,5.1,4.9,,6.0,,2.5
Spain,666,5.1,4.9,,5.8,,2.4
Spain,667,5.3,5.4,,5.4,,2.6
Spain,668,5.3,5.3,,5.7,,3.0
Spain,669,5.4,5.3,,5.4,,3.5
Spain,670,4.9,5.4,,5.1,,3.6
Spain,671,5.2,5.4,,5.1,,3.8
Spain,672,5.5,5.6,,5.5,,4.2
Spain,673,5.9,6.1,,5.5,,4.4
Spain,674,6.2,6.0,,6.3,,4.4
Spain,675,6.4,6.2,,6.8,,4.2
Spain,676,6.5,6.5,,7.5,,4.1
Spain,677,7.5,6.5,,7.8,,4.1
Spain,678,7.8,6.8,,8.0,,4.2
Spain,679,8.2,7.0,,7.7,,3.8
Spain,680,8.8,7.0,,8.0,,3.9
Spain,681,9.5,7.3,,7.7,,4.0
Spain,682,9.9,7.5,,7.7,,4.2
Spain,683,10.3,7.8,,7.5,,4.2
Spain,684,11.1,8.4,,7.5,,4.2
Spain,685,12.2,8.7,,8.0,,4.2
Spain,686,13.2,9.2,,8.1,,4.7
Spain,687,14.2,9.8,,9.2,,4.9
Spain,688,15.4,10.2,,10.3,,4.7
Spain,689,16.0,10.9,,10.8,,4.9
Spain,690,16.4,11.3,,12.1,,5.4
Spain,691,17.4,11.4,,13.1,,5.7
Spain,692,18.6,11.7,,13.5,,6.0
Spain,693,19.8,11.8,,13.8,,6.3
Spain,694,21.1,11.9,,13.9,,6.5
Spain,695,22.4,12.4,,14.7,,7.0
Spain,696,23.4,12.6,,14.8,,7.4
Spain,697,23.9,13.1,,15.4,,7.4
Spain,698,25.3,13.5,,16.4,,7.8
Spain,699,27.0,13.9,,16.9,,8.1
Spain,700,28.9,14.2,,17.7,,8.3
Spain,701,31.1,14.3,,18.3,,8.6
Spain,702,33.2,14.5,,17.7,,8.6
Spain,703,34.9,14.5,,19.1,,8.9
Spain,704,36.2,15.0,,18.9,,9.3
Spain,705,34.7,15.9,,18.7,,9.4
Spain,706,36.7,16.9,,19.7,,10.2
Spain,707,35.8,17.4,,20.8,,11.0
Spain,708,38.0,18.2,,20.9,,11.4
Spain,709,42.0,18.9,,22.2,,12.2
Spain,710,44.2,20.0,,22.4,,12.8
Spain,711,46.3,20.5,,24.2,,13.1
Spain,712,54.1,21.0,,26.0,,13.8
Spain,713,59.8,21.2,,26.8,,13.6
Spain,714,69.8,21.9,,26.5,,13.5
Spain,715,76.9,23.0,,27.3,,14.0
Spain,716,84.3,24.2,,27.8,,14.1
Spain,717,88.4,25.3,,27.8,,14.4
Spain,718,92.2,26.4,,27.1,,14.7
Spain,719,103.5,27.0,,26.6,,15.4
Spain,720,120.7,27.9,,27.2,,15.9
Spain,721,140.7,29.3,,28.5,,16.4
Spain,722,164.3,31.7,,29.3,,16.9
Spain,723,176.7,34.1,,30.9,,17.5
Spain,724,184.8,36.8,,32.7,,18.4
Spain,725,197.0,39.3,,32.9,,19.6
Spain,726,221.5,40.9,,34.5,,20.2
Spain,727,246.9,42.3,,33.9,,20.6
Spain,728,272.2,43.8,,34.9,,21.4
Spain,729,292.3,45.3,,35.7,,22.2
Spain,730,304.2,47.2,,36.4,,23.2
Spain,731,308.9,48.7,,36.0,,24.2
Spain,732,316.4,48.9,,38.1,,24.6
Spain,733,328.5,51.5,,37.4,,25.6
Spain,734,340.4,53.7,,38.4,,27.4
Spain,735,345.7,54.7,,37.9,,29.1
Spain,736,317.0,56.1,,38.2,,30.1
Spain,737,335.2,57.2,,38.1,,31.9
Spain,738,348.3,58.2,,38.8,,33.0
Spain,739,356.6,60.1,,38.6,,34.4
Spain,740,368.2,60.8,,39.6,,35.9
Spain,741,369.5,61.0,,39.7,,36.6
Spain,742,368.3,60.9,,39.1,,37.3
Spain,743,397.8,61.1,,38.0,,37.6
Spain,744,391.1,60.4,,37.8,,37.2
Spain,745,388.7,60.2,,36.9,,37.8
Spain,746,382.0,60.2,,36.5,,38.7
Spain,747,374.1,59.9,,35.8,,38.9
Spain,748,365.0,59.0,,36.1,,39.1
Spain,749,357.6,58.4,,35.5,,39.3
Spain,750,350.6,57.2,,35.2,,40.6
Spain,751,347.8,55.9,,33.7,,41.0
Spain,752,342.5,54.4,,33.7,,41.1
Spain,753,338.8,52.5,,32.5,,41.0
Spain,754,328.9,50.7,,31.8,,40.8
Spain,755,316.7,49.5,,29.7,,41.2
Spain,756,304.0,48.4,,28.9,,40.6
Spain,757,288.5,46.6,,28.6,,39.5
Spain,758,271.5,45.1,,28.0,,39.3
Spain,759,261.4,43.0,,26.2,,38.0
Spain,760,250.8,41.6,,25.4,,36.8
Spain,761,230.5,40.2,,24.7,,36.3
Spain,762,211.9,38.9,,24.8,,34.6
Spain,763,194.2,37.8,,24.2,,34.2
Spain,764,179.9,36.3,,22.5,,33.1
Spain,765,167.5,34.9,,21.2,,31.7
Spain,766,159.8,33.3,,20.4,,30.3
Spain,767,153.3,31.7,,19.0,,29.9
Spain,768,142.2,29.8,,17.6,,28.3
Spain,769,132.0,28.4,,16.6,,27.2
Spain,770,122.6,27.0,,15.7,,24.6
Spain,771,114.3,25.7,,14.9,,23.1
Spain,772,106.0,24.2,,14.3,,21.5
Spain,773,101.4,23.1,,13.7,,20.2
Spain,774,97.6,22.1,,13.7,,18.4
Spain,775,89.4,21.3,,12.7,,17.1
Spain,776,82.8,20.7,,11.0,,16.2
Spain,777,76.3,19.9,,10.4,,15.5
Spain,778,71.0,18.7,,9.8,,14.4
Spain,779,66.8,17.7,,9.3,,13.1
Spain,780,64.7,17.0,,8.2,,
Spain,781,63.0,15.9,,7.4,,
Spain,782,59.3,14.9,,6.9,,
Spain,783,56.1,14.0,,6.7,,
Spain,784,53.7,13.3,,7.0,,
Spain,785,51.2,,,6.9,,
Spain,786,48.7,,,,,
Spain,787,47.7,,,,,
Spain,788,46.6,,,,,
Israel,319,8.0,,27.7,18.6,,14.0
Israel,320,8.3,,27.0,18.3,,12.5
Israel,321,8.6,,28.1,18.5,,12.3
Israel,322,8.6,,27.4,18.2,,13.5
Israel,323,8.5,,27.6,17.9,,13.5
Israel,324,8.5,,28.0,16.8,,13.7
Israel,325,8.7,,27.4,17.3,,14.2
Israel,326,9.0,,25.7,17.1,,14.5
Israel,327,9.1,,26.4,18.0,,14.0
Israel,328,9.2,,26.4,17.0,,14.2
Israel,329,9.6,,25.1,17.2,,14.7
Israel,330,10.2,,25.0,17.0,,16.6
Israel,331,10.6,,27.1,19.6,,17.3
Israel,332,10.9,,27.2,20.7,,17.8
Israel,333,11.4,,27.9,22.6,,19.3
Israel,334,11.9,,28.3,23.7,,19.5
Israel,335,12.4,,28.9,25.5,,20.5
Israel,336,13.3,,29.8,25.8,,21.2
Israel,337,13.9,,29.7,26.8,,21.7
Israel,338,14.8,,31.2,24.9,,22.7
Israel,339,15.5,,31.0,24.3,,23.9
Israel,340,16.1,,31.1,23.5,,24.8
Israel,341,17.1,,31.3,24.5,,27.0
Israel,342,18.1,,32.3,25.4,,28.2
Israel,343,18.5,,32.6,27.8,,27.7
Israel,344,19.5,,33.1,29.0,,30.1
Israel,345,20.1,,36.7,31.3,,29.6
Israel,346,20.6,,38.0,33.3,,30.8
Israel,347,21.2,,39.0,36.2,,31.6
Israel,348,22.0,,39.0,37.2,,32.3
Israel,349,23.9,,40.2,39.0,,36.1
Israel,350,25.6,,41.5,39.0,,39.0
Israel,351,27.0,,42.3,40.7,,36.9
Israel,352,28.7,,46.1,43.3,,41.9
Israel,353,29.7,,46.7,44.9,,45.1
Israel,354,32.0,,48.4,45.4,,46.0
Israel,355,34.7,,49.1,47.5,,47.2
Israel,356,37.2,,49.6,48.9,,48.7
Israel,357,39.3,,50.8,51.4,,48.2
Israel,358,41.3,,53.2,53.3,,54.7
Israel,359,43.4,,57.9,55.0,,57.6
Israel,360,44.7,,56.7,57.1,,60.5
Israel,361,45.5,,57.8,60.6,,58.8
Israel,362,48.3,,58.6,62.5,,62.9
Israel,363,50.5,,60.4,62.5,,60.5
Israel,364,53.6,,62.6,65.5,,68.2
Israel,365,56.7,,64.1,69.6,,71.6
Israel,366,60.2,,71.9,73.7,,74.2
Israel,367,62.8,,73.1,77.9,,75.7
Israel,368,65.7,,75.7,79.7,,82.2
Israel,369,70.7,,77.0,81.0,,85.3
Israel,370,75.1,,79.0,86.1,,89.6
Israel,371,78.6,,79.7,88.7,,86.7
Israel,372,81.7,,82.6,91.1,,86.5
Israel,373,85.4,,89.6,91.2,,83.6
Israel,374,87.0,,90.5,92.9,,86.7
Israel,375,89.9,,89.7,95.9,,88.0
Israel,376,92.2,,89.9,98.6,,92.5
Israel,377,94.0,,91.7,97.1,,95.9
Israel,378,96.7,,92.8,98.3,,98.3
Israel,379,99.5,,93.4,97.1,,99.5
Israel,380,100.0,,100.0,100.0,,100.0
Israel,381,99.9,,96.7,97.3,,95.2
Israel,382,97.6,,94.9,95.4,,91.8
Israel,383,98.3,,92.8,94.1,,86.0
Israel,384,97.2,,91.3,95.3,,82.7
Israel,385,95.3,,89.3,93.1,,84.6
Israel,386,91.8,,89.4,95.1,,83.6
Israel,387,90.0,,94.3,93.3,,83.4
Israel,388,85.5,,90.6,92.9,,80.7
Israel,389,84.2,,88.1,92.1,,83.9
Israel,390,81.8,,86.0,89.5,,82.2
Israel,391,80.4,,86.0,86.4,,78.3
Israel,392,79.4,,84.8,85.4,,73.7
Israel,393,79.3,,83.3,82.3,,67.7
Israel,394,78.2,,89.0,80.4,,63.4
Israel,395,78.5,,87.2,83.8,,65.1
Israel,396,79.1,,86.8,84.0,,59.8
Israel,397,79.4,,85.4,86.5,,58.1
Israel,398,79.8,,83.1,87.0,,54.7
Israel,399,79.3,,79.2,87.0,,54.7
Israel,400,79.4,,79.0,87.3,,53.5
Israel,401,79.1,,84.4,84.3,,54.7
Israel,402,79.1,,83.0,80.8,,50.1
Israel,403,78.1,,78.7,76.9,,49.4
Israel,404,76.2,,77.1,72.2,,46.5
Israel,405,73.0,,75.1,72.6,,46.3
Israel,406,70.0,,71.9,72.7,,44.6
Israel,407,66.2,,71.5,70.5,,44.6
Israel,408,62.9,,75.6,68.9,,41.7
Israel,409,61.6,,74.0,65.5,,41.7
Israel,410,59.7,,71.7,63.5,,42.7
Israel,411,55.1,,70.8,61.6,,41.7
Israel,412,52.4,,67.9,57.7,,42.4
Israel,413,49.8,,63.3,53.0,,39.0
Israel,414,46.9,,62.9,51.4,,36.6
Israel,415,45.4,,67.0,52.3,,35.2
Israel,416,44.3,,63.3,52.1,,34.2
Israel,417,43.6,,61.7,53.2,,31.8
Israel,418,43.0,,60.0,54.5,,30.6
Israel,419,42.7,,57.5,54.4,,31.3
Israel,420,43.1,,56.5,54.6,,29.9
Israel,421,43.9,,57.6,54.7,,29.9
Israel,422,43.9,,61.0,53.5,,30.1
Israel,423,44.3,,59.5,54.3,,28.7
Israel,424,44.1,,58.0,53.8,,27.7
Israel,425,44.2,,56.5,53.4,,30.1
Israel,426,44.1,,56.0,56.1,,29.2
Israel,427,44.6,,52.2,54.5,,29.4
Israel,428,44.3,,51.5,53.1,,28.7
Israel,429,44.1,,55.6,50.8,,26.5
Israel,430,44.8,,54.2,48.3,,26.5
Israel,431,43.7,,52.0,46.3,,24.3
Israel,432,41.9,,50.5,45.4,,21.4
Israel,433,39.7,,49.4,41.4,,20.7
Israel,434,36.6,,46.6,42.3,,20.2
Israel,435,34.7,,47.0,39.6,,19.3
Israel,436,32.5,,49.6,39.5,,19.3
Israel,437,30.7,,46.2,36.9,,19.0
Israel,438,29.0,,44.3,36.8,,18.8
Israel,439,26.2,,42.6,35.1,,18.6
Israel,440,23.5,,42.0,34.0,,17.8
Israel,441,21.3,,39.3,31.4,,17.6
Israel,442,19.0,,38.8,29.0,,18.6
Israel,443,16.8,,40.6,27.3,,18.3
Israel,444,16.0,,37.2,27.0,,19.3
Israel,445,14.8,,34.5,25.8,,19.5
Israel,446,12.8,,35.2,24.4,,18.3
Israel,447,11.3,,33.9,22.4,,17.1
Israel,448,9.5,,30.3,20.2,,15.9
Israel,449,8.9,,28.5,19.1,,14.7
Israel,450,7.9,,28.6,17.4,,14.9
Israel,451,7.8,,30.2,15.7,,13.7
Israel,452,6.8,,27.7,13.0,,14.2
Israel,453,5.8,,25.8,11.6,,13.7
Israel,454,5.4,,24.7,11.8,,13.7
Israel,455,5.4,,22.8,11.0,,14.9
Israel,456,4.4,,22.7,10.7,,13.5
Israel,457,4.2,,23.2,10.0,,12.0
Israel,458,4.0,,21.9,9.4,,10.8
Israel,459,4.1,,21.8,8.9,,10.4
Israel,460,4.1,,20.9,9.6,,9.9
Israel,461,3.9,,19.6,9.1,,9.2
Israel,462,3.5,,18.5,9.1,,7.0
Israel,463,3.3,,18.2,9.0,,6.7
Israel,464,3.0,,18.2,9.1,,6.5
Israel,465,2.9,,17.3,8.0,,6.5
Israel,466,2.8,,15.9,7.2,,5.8
Israel,467,2.5,,15.0,6.1,,5.1
Israel,468,2.3,,14.0,5.7,,5.1
Israel,469,2.2,,13.9,5.5,,5.5
Israel,470,2.0,,13.7,5.3,,5.1
Israel,471,1.8,,14.2,4.5,,5.1
Israel,472,1.8,,13.3,4.9,,4.3
Israel,473,1.9,,12.2,5.0,,3.9
Israel,474,1.8,,11.6,5.0,,3.9
Israel,475,1.7,,11.1,4.7,,3.9
Israel,476,1.6,,10.3,3.9,,2.9
Israel,477,1.7,,10.1,4.0,,3.4
Israel,478,1.7,,10.5,3.9,,3.4
Israel,479,1.6,,9.8,3.5,,3.4
Israel,480,1.4,,9.2,3.4,,3.1
Israel,481,1.4,,8.8,3.2,,3.1
Israel,482,1.3,,8.3,3.4,,2.9
Israel,483,1.2,,7.8,3.3,,2.7
Israel,484,1.1,,7.8,2.7,,2.4
Israel,485,1.1,,8.1,2.7,,2.4
Israel,486,1.0,,7.8,2.7,,1.9
Israel,487,1.0,,7.6,2.5,,1.9
Israel,488,1.0,,7.4,2.2,,1.9
Israel,489,0.9,,6.7,2.1,,2.2
Israel,490,0.8,,6.8,1.9,,1.9
Israel,491,0.7,,6.7,1.4,,1.9
Israel,492,0.7,,6.8,1.4,,1.4
Israel,493,0.7,,6.3,1.1,,1.9
Israel,494,0.6,,6.1,1.0,,1.7
Israel,495,0.6,,5.9,1.1,,1.7
Israel,496,0.5,,5.7,0.9,,1.2
Israel,497,0.5,,5.4,1.2,,1.4
Israel,498,0.4,,5.3,1.2,,1.2
Israel,499,0.4,,5.3,1.1,,1.7
Israel,500,0.4,,5.1,1.3,,1.4
Israel,501,0.4,,5.4,1.6,,1.4
Israel,502,0.3,,5.2,1.4,,1.2
Israel,503,0.3,,5.4,1.3,,1.0
Israel,504,0.4,,5.0,1.1,,1.2
Israel,505,0.4,,4.8,1.2,,1.2
Israel,506,0.4,,4.7,1.0,,1.0
Israel,507,0.3,,4.6,0.8,,0.7
Israel,508,0.3,,4.7,0.6,,1.0
Israel,509,0.4,,4.5,0.7,,1.0
Israel,510,0.4,,4.2,0.6,,1.2
Israel,511,0.3,,4.1,0.5,,1.0
Israel,512,0.3,,3.9,0.4,,1.2
Israel,513,0.2,,4.0,0.7,,1.0
Israel,514,0.2,,3.8,0.8,,1.0
Israel,515,0.2,,4.0,0.7,,0.7
Israel,516,0.2,,3.6,0.7,,1.0
Israel,517,0.2,,3.5,0.8,,0.7
Israel,518,0.2,,3.4,0.9,,0.5
Israel,519,0.2,,3.4,0.8,,0.5
Israel,520,0.2,,3.6,0.7,,0.5
Israel,521,0.2,,3.3,0.6,,0.5
Israel,522,0.2,,3.2,0.6,,0.7
Israel,523,0.2,,3.1,0.5,,0.5
Israel,524,0.2,,3.2,0.4,,0.5
Israel,525,0.2,,3.0,0.2,,0.5
Israel,526,0.2,,3.0,0.3,,0.2
Israel,527,0.2,,3.2,0.2,,0.2
Israel,528,0.2,,3.0,0.2,,0.5
Israel,529,0.2,,2.8,0.2,,0.2
Israel,530,0.2,,2.8,0.2,,0.2
Israel,531,0.2,,2.8,0.2,,0.2
Israel,532,0.2,,2.7,0.3,,0.2
Israel,533,0.2,,2.7,0.3,,0.2
Israel,534,0.2,,2.9,0.5,,0.2
Israel,535,0.3,,2.9,0.5,,0.0
Israel,536,0.4,,3.0,0.4,,0.0
Israel,537,0.6,,3.0,0.5,,0.0
Israel,538,0.7,,3.0,0.6,,0.0
Israel,539,1.0,,2.7,0.5,,0.0
Israel,540,1.3,,2.9,0.5,,0.2
Israel,541,1.7,,3.3,0.3,,0.7
Israel,542,1.8,,3.1,0.7,,0.7
Israel,543,2.0,,3.4,0.8,,1.2
Israel,544,2.2,,3.2,0.9,,1.9
Israel,545,2.6,,3.4,1.2,,2.4
Israel,546,2.9,,3.5,1.4,,2.4
Israel,547,3.0,,3.8,1.9,,2.9
Israel,548,3.2,,4.2,2.5,,2.7
Israel,549,3.3,,4.5,2.8,,2.9
Israel,550,3.7,,5.1,3.3,,2.9
Israel,551,4.0,,5.1,3.5,,2.9
Israel,552,4.5,,5.3,3.6,,2.9
Israel,553,4.8,,5.1,4.3,,3.4
Israel,554,5.1,,5.2,4.5,,3.4
Israel,555,5.4,,5.7,4.4,,3.4
Israel,556,5.5,,6.3,4.5,,3.1
Israel,557,5.7,,6.5,4.8,,3.4
Israel,558,6.1,,6.9,4.9,,3.6
Israel,559,6.4,,7.7,5.8,,3.4
Israel,560,6.9,,7.7,6.2,,3.1
Israel,561,7.6,,7.9,6.5,,3.9
Israel,562,8.6,,8.8,7.0,,5.1
Israel,563,8.9,,9.1,7.3,,5.5
Israel,564,9.6,,10.1,7.8,,6.0
Israel,565,10.7,,10.3,9.1,,7.2
Israel,566,11.8,,11.1,9.1,,9.2
Israel,567,12.8,,11.4,9.5,,11.3
Israel,568,13.5,,11.5,11.9,,11.1
Israel,569,14.1,,13.4,14.6,,13.5
Israel,570,15.0,,14.8,15.7,,16.4
Israel,571,16.0,,16.4,17.0,,18.1
Israel,572,17.2,,17.3,18.7,,20.5
Israel,573,18.8,,18.1,20.7,,21.0
Israel,574,20.2,,18.0,21.3,,22.7
Israel,575,21.7,,19.9,21.8,,25.3
Israel,576,23.5,,23.0,22.4,,26.0
Israel,577,25.4,,23.8,24.5,,28.4
Israel,578,26.6,,25.3,27.0,,29.9
Israel,579,29.5,,25.8,28.2,,30.1
Israel,580,31.3,,28.0,31.7,,34.2
Israel,581,33.5,,28.9,36.6,,34.9
Israel,582,36.4,,30.7,39.2,,36.4
Israel,583,38.9,,34.4,41.2,,37.6
Israel,584,40.3,,35.3,43.7,,37.6
Israel,585,42.6,,37.3,45.9,,39.3
Israel,586,46.9,,39.7,50.0,,42.4
Israel,587,51.3,,41.1,50.6,,40.5
Israel,588,55.6,,41.5,52.3,,43.1
Israel,589,59.5,,43.7,53.2,,44.6
Israel,590,63.0,,48.7,55.1,,46.5
Israel,591,65.3,,47.5,57.6,,46.7
Israel,592,68.3,,49.6,57.2,,46.3
Israel,593,72.4,,50.8,56.7,,45.3
Israel,594,76.1,,50.7,58.0,,46.7
Israel,595,79.5,,51.0,58.2,,46.7
Israel,596,82.4,,52.4,60.6,,47.5
Israel,597,85.7,,57.4,60.8,,47.2
Israel,598,87.7,,56.5,60.9,,49.4
Israel,599,90.1,,55.7,61.9,,50.1
Israel,600,92.4,,55.0,62.1,,49.4
Israel,601,96.0,,54.1,60.7,,48.7
Israel,602,98.0,,54.1,61.4,,47.7
Israel,603,100.2,,54.4,60.6,,47.2
Israel,604,101.6,,59.6,60.0,,45.1
Israel,605,104.8,,57.9,58.9,,41.0
Israel,606,105.1,,55.6,57.7,,41.2
Israel,607,106.9,,56.9,56.1,,40.2
Israel,608,107.5,,55.3,55.3,,39.5
Israel,609,111.1,,53.9,52.2,,40.0
Israel,610,114.9,,54.8,48.2,,37.8
Israel,611,116.9,,56.4,47.1,,37.6
Israel,612,113.2,,53.5,44.6,,37.6
Israel,613,111.6,,50.9,43.7,,35.2
Israel,614,111.1,,53.4,44.5,,36.6
Israel,615,104.9,,57.6,44.4,,35.4
Israel,616,91.3,,53.7,44.9,,32.5
Israel,617,85.5,,54.0,46.6,,32.3
Israel,618,85.4,,59.7,46.7,,31.8
Israel,619,94.4,,56.2,47.8,,32.8
Israel,620,97.7,,56.4,46.9,,34.5
Israel,621,97.9,,52.3,45.6,,31.1
Israel,622,103.0,,49.8,48.6,,31.6
Israel,623,112.5,,56.5,48.5,,32.5
Israel,624,104.5,,55.9,49.3,,33.5
Israel,625,96.1,,59.6,49.9,,32.3
Israel,626,93.3,,54.0,50.8,,32.5
Israel,627,91.1,,51.5,52.8,,31.1
Israel,628,87.5,,54.8,52.3,,33.3
Israel,629,78.8,,51.9,48.8,,31.8
Israel,630,74.0,,49.0,47.7,,30.4
Israel,631,79.4,,47.0,45.6,,28.4
Israel,632,79.3,,51.0,43.2,,29.2
Israel,633,69.1,,48.1,40.2,,25.3
Israel,634,64.5,,46.1,38.1,,24.3
Israel,635,58.4,,48.3,36.7,,22.2
Israel,636,54.3,,45.3,34.6,,22.7
Israel,637,50.2,,42.9,32.0,,21.4
Israel,638,46.7,,41.9,30.0,,20.5
Israel,639,44.3,,43.1,27.8,,19.8
Israel,640,42.8,,40.5,26.5,,20.7
Israel,641,40.8,,36.9,24.3,,19.5
Israel,642,37.4,,35.0,23.6,,17.6
Israel,643,37.6,,33.6,22.9,,16.6
Israel,644,35.5,,32.1,21.9,,14.9
Israel,645,31.6,,31.8,21.6,,14.2
Israel,646,28.9,,33.0,20.8,,12.5
Israel,647,27.7,,31.3,20.0,,11.1
Israel,648,25.6,,29.8,19.2,,10.8
Israel,649,24.0,,29.0,18.0,,10.8
Israel,650,22.7,,27.7,16.9,,11.3
Israel,651,21.6,,25.9,16.3,,12.8
Israel,652,20.3,,25.6,15.0,,12.0
Israel,653,19.5,,26.7,14.7,,12.0
Israel,654,19.0,,24.7,13.6,,12.5
Israel,655,18.5,,23.4,12.6,,11.3
Israel,656,17.1,,22.7,11.7,,10.4
Israel,657,16.0,,22.0,10.8,,8.7
Israel,658,14.7,,21.1,9.3,,7.2
Israel,659,14.1,,20.5,8.8,,7.2
Israel,660,13.1,,20.5,7.5,,7.0
Israel,661,12.4,,18.9,7.5,,5.8
Israel,662,11.7,,17.2,7.8,,5.3
Israel,663,10.7,,16.5,6.9,,5.8
Israel,664,10.0,,15.8,6.7,,5.5
Israel,665,9.4,,15.2,7.2,,6.3
Israel,666,8.8,,14.9,7.2,,6.3
Israel,667,8.2,,15.6,7.4,,5.5
Israel,668,8.0,,14.9,6.5,,5.8
Israel,669,7.4,,14.1,5.3,,6.0
Israel,670,7.0,,13.2,5.2,,5.1
Israel,671,6.9,,12.6,5.0,,5.5
Israel,672,6.9,,11.9,4.0,,5.1
Israel,673,6.6,,11.9,3.5,,4.1
Israel,674,6.5,,11.9,3.2,,4.1
Israel,675,6.5,,11.7,3.4,,4.3
Israel,676,6.4,,11.6,3.8,,5.3
Israel,677,6.2,,11.0,3.8,,5.5
Israel,678,5.9,,11.0,3.7,,4.8
Israel,679,5.7,,10.5,4.0,,3.9
Israel,680,5.5,,10.7,3.9,,4.3
Israel,681,5.3,,11.2,3.8,,4.3
Israel,682,5.3,,10.4,3.7,,4.1
Israel,683,5.1,,10.2,3.5,,2.9
Israel,684,5.1,,10.1,3.1,,3.4
Israel,685,5.2,,10.5,3.4,,3.6
Israel,686,5.2,,9.9,3.6,,4.3
Israel,687,5.3,,9.6,3.6,,3.9
Israel,688,5.4,,10.1,3.6,,3.6
Israel,689,5.5,,10.2,3.4,,3.4
Israel,690,5.6,,10.1,3.6,,3.6
Israel,691,5.9,,10.0,4.1,,3.1
Israel,692,5.9,,9.7,4.1,,2.9
Israel,693,6.0,,9.6,4.1,,2.9
Israel,694,6.2,,9.6,3.9,,4.1
Israel,695,6.2,,9.8,3.9,,3.9
Israel,696,6.1,,9.8,3.6,,4.1
Israel,697,6.3,,10.3,3.5,,3.9
Israel,698,6.2,,9.9,3.1,,4.1
Israel,699,6.2,,9.7,2.8,,4.6
Israel,700,6.2,,9.7,2.7,,4.1
Israel,701,6.2,,9.8,3.0,,2.9
Israel,702,6.1,,10.3,2.9,,2.9
Israel,703,6.2,,10.4,3.0,,2.9
Israel,704,6.2,,10.2,2.9,,3.1
Israel,705,6.3,,10.1,3.5,,3.1
Israel,706,6.7,,10.2,3.4,,2.7
Israel,707,7.0,,10.2,3.0,,2.4
Israel,708,7.2,,10.7,3.1,,2.2
Israel,709,7.4,,11.0,3.0,,2.2
Israel,710,7.4,,10.6,2.8,,1.9
Israel,711,7.3,,10.9,2.7,,1.4
Israel,712,7.3,,10.9,2.3,,1.4
Israel,713,7.1,,11.2,2.3,,1.7
Israel,714,7.3,,11.5,2.6,,1.9
Israel,715,7.6,,11.7,2.8,,2.4
Israel,716,8.1,,12.3,3.2,,2.2
Israel,717,8.4,,12.8,3.6,,2.2
Israel,718,9.3,,12.7,4.0,,2.7
Israel,719,10.2,,13.3,4.5,,3.4
Israel,720,11.1,,14.1,5.2,,3.6
Israel,721,12.2,,14.7,5.8,,3.6
Israel,722,13.3,,15.1,5.5,,4.1
Israel,723,14.8,,16.5,5.8,,4.6
Israel,724,15.6,,17.1,6.4,,5.1
Israel,725,16.9,,18.3,6.3,,5.8
Israel,726,19.7,,19.4,6.1,,6.3
Israel,727,23.2,,21.2,6.1,,7.5
Israel,728,27.8,,22.9,6.7,,8.9
Israel,729,33.9,,24.0,7.2,,9.6
Israel,730,40.2,,26.6,7.8,,11.8
Israel,731,46.1,,29.5,9.3,,13.7
Israel,732,54.3,,33.4,10.8,,16.6
Israel,733,68.0,,36.9,13.0,,19.5
Israel,734,84.1,,39.9,14.8,,22.9
Israel,735,108.9,,42.5,17.3,,26.0
Israel,736,133.0,,47.4,20.7,,30.1
Israel,737,161.3,,56.0,25.0,,33.5
Israel,738,193.2,,61.5,25.6,,40.0
Israel,739,235.3,,65.1,30.8,,45.5
Israel,740,287.5,,71.5,35.5,,50.8
Israel,741,347.2,,76.8,40.8,,58.6
Israel,742,398.6,,80.3,47.8,,64.3
Israel,743,450.2,,86.4,53.4,,71.1
Israel,744,491.0,,96.8,58.6,,74.0
Israel,745,529.0,,100.1,66.3,,77.1
Israel,746,586.6,,107.0,71.5,,81.0
Israel,747,639.1,,109.1,78.5,,84.3
Israel,748,684.3,,116.0,84.1,,84.8
Israel,749,729.7,,116.1,88.1,,89.9
Israel,750,774.0,,119.4,92.0,,94.9
Israel,751,807.9,,132.2,97.3,,103.1
Israel,752,847.1,,135.1,102.0,,103.4
Israel,753,882.1,,139.0,105.6,,105.3
Israel,754,902.1,,137.6,104.2,,106.7
Israel,755,906.4,,135.7,104.8,,110.4
Israel,756,894.2,,132.7,108.2,,108.9
Israel,757,864.4,,134.8,113.7,,104.8
Israel,758,844.1,,147.9,114.0,,105.8
Israel,759,812.4,,149.6,114.5,,107.5
Israel,760,794.1,,144.4,115.2,,105.3
Israel,761,766.9,,144.2,119.4,,101.7
Israel,762,739.9,,143.0,120.8,,96.1
Israel,763,727.9,,138.2,117.6,,91.3
Israel,764,709.2,,137.3,114.3,,86.7
Israel,765,682.6,,147.5,112.2,,77.3
Israel,766,655.6,,141.2,109.4,,68.7
Israel,767,618.2,,138.6,106.4,,61.7
Israel,768,577.4,,127.9,99.4,,58.3
Israel,769,539.2,,122.7,92.1,,53.0
Israel,770,498.9,,113.1,86.3,,51.3
Israel,771,466.6,,111.9,82.8,,48.9
Israel,772,439.6,,116.4,76.3,,44.6
Israel,773,412.8,,111.8,71.5,,44.3
Israel,774,376.6,,104.7,66.1,,41.9
Israel,775,341.7,,99.7,62.7,,38.1
Israel,776,311.2,,97.4,60.8,,35.2
Israel,777,283.6,,87.8,58.8,,28.7
Israel,778,262.1,,85.9,52.2,,
Israel,779,245.1,,88.3,48.9,,
Israel,780,232.0,,84.6,45.0,,
Israel,781,208.1,,77.5,42.8,,
Israel,782,189.8,,73.2,40.4,,
Israel,783,175.6,,69.6,38.1,,
Israel,784,159.6,,66.3,35.8,,
Israel,785,148.8,,64.3,33.1,,
Israel,786,140.4,,66.3,34.0,,
Israel,787,132.9,,62.9,,,
Israel,788,121.2,,57.8,,,
Israel,789,113.4,,,,,
Israel,790,105.8,,,,,
Germany,274,9.4,8.2,,,12.7,2.8
Germany,275,10.0,9.2,,,13.3,3.1
Germany,276,10.7,10.3,,,14.8,3.4
Germany,277,11.1,11.4,,,15.3,3.9
Germany,278,12.0,12.0,,,16.4,4.4
Germany,279,12.9,12.4,,,17.9,4.6
Germany,280,14.0,13.2,,,19.5,4.9
Germany,281,15.1,13.7,,,20.8,5.5
Germany,282,16.2,14.5,,,22.5,5.8
Germany,283,17.2,15.5,,,23.6,6.5
Germany,284,18.1,16.7,,,25.5,7.0
Germany,285,19.5,17.3,,,27.2,7.5
Germany,286,21.0,18.0,,,29.4,8.1
Germany,287,22.9,19.3,,,31.9,9.0
Germany,288,24.8,21.3,,,33.7,10.2
Germany,289,26.9,23.7,,,35.8,11.8
Germany,290,28.6,26.0,,,38.9,13.9
Germany,291,30.3,28.3,,,41.3,15.6
Germany,292,32.9,30.4,,,44.2,16.6
Germany,293,36.1,31.9,,,46.1,17.8
Germany,294,39.7,34.4,,,47.8,19.7
Germany,295,43.2,37.1,,,49.3,21.0
Germany,296,46.8,39.2,,,50.4,22.5
Germany,297,49.9,41.1,,,52.2,22.9
Germany,298,52.4,43.3,,,53.1,23.7
Germany,299,55.7,44.6,,,54.2,24.5
Germany,300,58.5,45.9,,,55.3,25.5
Germany,301,61.2,47.7,,,57.2,27.1
Germany,302,63.4,49.6,,,57.7,27.9
Germany,303,65.3,50.7,,,58.8,28.2
Germany,304,66.2,52.0,,,59.6,28.8
Germany,305,67.5,52.5,,,61.0,29.2
Germany,306,69.2,52.7,,,61.8,29.5
Germany,307,70.3,52.9,,,62.4,29.3
Germany,308,70.8,52.8,,,62.7,29.7
Germany,309,71.6,52.8,,,63.0,31.0
Germany,310,72.0,53.9,,,64.4,32.9
Germany,311,72.7,55.4,,,64.9,34.8
Germany,312,72.0,56.8,,,65.4,37.5
Germany,313,71.7,58.3,,,65.6,39.2
Germany,314,71.7,58.2,,,66.4,40.4
Germany,315,72.2,59.2,,,66.9,41.7
Germany,316,72.9,61.7,,,67.5,43.3
Germany,317,73.5,62.0,,,67.7,44.9
Germany,318,73.5,62.3,,,68.1,46.5
Germany,319,73.4,62.8,,,68.1,47.2
Germany,320,73.2,62.0,,,68.7,47.3
Germany,321,73.3,62.4,,,69.1,47.7
Germany,322,73.5,63.1,,,69.6,48.4
Germany,323,73.6,62.5,,,70.3,48.7
Germany,324,73.5,63.6,,,71.3,49.7
Germany,325,72.8,63.6,,,72.6,50.6
Germany,326,72.4,63.4,,,73.9,52.2
Germany,327,71.9,64.2,,,74.3,53.8
Germany,328,71.3,64.1,,,75.3,54.5
Germany,329,70.6,64.0,,,76.9,55.9
Germany,330,70.1,64.9,,,78.0,58.6
Germany,331,69.5,65.6,,,79.0,60.7
Germany,332,70.2,67.8,,,81.1,64.0
Germany,333,70.3,69.6,,,82.2,66.5
Germany,334,70.5,69.9,,,83.9,67.9
Germany,335,71.4,70.7,,,84.3,69.8
Germany,336,72.5,72.8,,,85.1,72.5
Germany,337,74.6,75.3,,,85.8,75.5
Germany,338,76.6,77.8,,,87.3,77.2
Germany,339,78.1,80.4,,,89.7,80.6
Germany,340,80.1,82.6,,,90.6,83.1
Germany,341,82.7,85.3,,,91.0,86.7
Germany,342,85.3,86.7,,,92.8,88.4
Germany,343,87.8,88.4,,,93.4,90.7
Germany,344,90.0,90.7,,,96.1,93.1
Germany,345,92.2,92.6,,,96.5,96.3
Germany,346,94.4,93.7,,,97.2,96.9
Germany,347,95.4,95.8,,,98.1,97.5
Germany,348,96.8,96.2,,,98.0,96.9
Germany,349,97.8,96.6,,,97.9,98.1
Germany,350,99.2,97.2,,,97.3,98.7
Germany,351,99.6,98.9,,,99.4,98.9
Germany,352,100.0,100.0,,,100.0,100.0
Germany,353,99.4,93.6,,,99.7,95.1
Germany,354,99.5,85.2,,,98.4,89.2
Germany,355,98.2,83.8,,,96.7,87.7
Germany,356,97.2,84.9,,,95.3,86.0
Germany,357,96.4,85.1,,,95.2,85.8
Germany,358,91.7,86.6,,,94.0,86.5
Germany,359,84.6,85.6,,,92.3,86.2
Germany,360,81.2,86.3,,,91.8,85.2
Germany,361,79.6,85.4,,,90.8,84.0
Germany,362,78.5,85.1,,,90.0,83.0
Germany,363,77.3,84.4,,,89.0,82.5
Germany,364,75.4,83.2,,,88.1,79.8
Germany,365,74.0,80.4,,,87.1,77.6
Germany,366,73.4,77.8,,,86.3,73.9
Germany,367,72.9,81.8,,,86.9,76.1
Germany,368,72.7,88.8,,,85.9,80.7
Germany,369,71.9,88.6,,,83.9,80.2
Germany,370,71.6,86.0,,,83.1,79.6
Germany,371,70.3,84.0,,,82.8,77.6
Germany,372,72.1,81.8,,,80.8,76.0
Germany,373,76.1,80.9,,,80.3,76.2
Germany,374,76.5,79.2,,,80.2,75.5
Germany,375,75.0,77.3,,,79.3,74.4
Germany,376,73.3,76.4,,,78.1,73.6
Germany,377,71.2,76.2,,,77.0,72.8
Germany,378,70.0,74.6,,,76.0,72.4
Germany,379,68.1,73.2,,,75.5,70.8
Germany,380,65.8,72.7,,,75.4,68.4
Germany,381,64.7,71.1,,,75.0,65.7
Germany,382,63.8,69.5,,,74.0,63.4
Germany,383,62.2,69.3,,,73.3,61.9
Germany,384,60.7,68.2,,,72.5,59.7
Germany,385,58.8,67.3,,,70.7,57.3
Germany,386,57.2,65.1,,,68.8,53.7
Germany,387,55.5,63.7,,,68.3,50.6
Germany,388,54.3,61.9,,,68.7,47.8
Germany,389,53.1,60.3,,,66.8,45.1
Germany,390,51.4,58.5,,,64.9,43.7
Germany,391,49.9,57.8,,,63.8,42.4
Germany,392,48.0,56.5,,,61.6,41.0
Germany,393,46.3,55.2,,,60.5,39.1
Germany,394,45.1,53.0,,,59.4,37.8
Germany,395,44.2,52.4,,,59.6,36.6
Germany,396,43.5,50.9,,,58.2,34.9
Germany,397,42.6,50.4,,,56.4,33.4
Germany,398,41.0,49.7,,,55.2,32.7
Germany,399,40.0,48.1,,,54.2,31.1
Germany,400,38.8,45.8,,,53.5,29.7
Germany,401,37.4,44.4,,,53.0,27.7
Germany,402,36.4,42.1,,,53.1,26.3
Germany,403,35.5,41.1,,,52.7,25.2
Germany,404,34.4,39.8,,,51.3,24.5
Germany,405,33.1,40.0,,,50.3,24.1
Germany,406,31.7,39.6,,,49.4,23.9
Germany,407,30.8,39.8,,,49.1,23.4
Germany,408,30.2,39.2,,,49.3,23.2
Germany,409,29.4,39.4,,,49.8,22.7
Germany,410,29.6,38.9,,,49.6,22.4
Germany,411,29.8,39.8,,,49.0,22.3
Germany,412,30.0,39.4,,,48.8,22.3
Germany,413,30.1,39.2,,,48.0,22.0
Germany,414,30.4,38.8,,,47.8,21.1
Germany,415,30.7,38.7,,,48.4,20.0
Germany,416,31.6,38.1,,,49.7,19.3
Germany,417,31.6,37.9,,,48.3,18.6
Germany,418,31.8,37.5,,,47.5,18.3
Germany,419,32.1,37.0,,,47.9,18.0
Germany,420,32.3,36.6,,,47.8,17.4
Germany,421,32.3,36.3,,,47.2,16.8
Germany,422,32.6,35.5,,,48.1,16.2
Germany,423,32.5,34.7,,,49.2,15.7
Germany,424,32.8,34.2,,,49.5,15.6
Germany,425,33.2,34.1,,,49.6,15.6
Germany,426,33.4,33.9,,,50.3,15.7
Germany,427,33.9,33.5,,,51.2,15.7
Germany,428,34.3,33.7,,,51.3,15.6
Germany,429,34.6,33.9,,,53.0,16.0
Germany,430,35.2,35.2,,,54.7,16.6
Germany,431,35.6,35.9,,,55.0,17.0
Germany,432,36.4,36.7,,,55.7,17.0
Germany,433,37.4,37.6,,,56.6,17.2
Germany,434,39.0,38.6,,,57.9,17.3
Germany,435,40.8,39.9,,,58.8,17.9
Germany,436,42.6,41.1,,,60.0,18.2
Germany,437,44.3,41.9,,,62.0,18.6
Germany,438,45.7,43.3,,,62.5,19.1
Germany,439,47.4,43.6,,,63.9,19.5
Germany,440,49.5,44.3,,,64.7,19.8
Germany,441,51.6,45.1,,,66.8,20.0
Germany,442,53.2,46.3,,,68.0,21.1
Germany,443,54.8,48.3,,,70.5,21.7
Germany,444,56.2,49.7,,,72.3,22.4
Germany,445,57.4,51.0,,,75.6,22.8
Germany,446,59.0,52.2,,,77.1,23.2
Germany,447,60.9,52.7,,,77.7,23.5
Germany,448,62.8,53.8,,,78.4,24.3
Germany,449,65.0,54.5,,,78.7,24.0
Germany,450,66.8,55.2,,,79.6,24.0
Germany,451,67.7,55.4,,,80.9,24.2
Germany,452,67.9,53.6,,,81.4,23.6
Germany,453,68.2,52.9,,,81.2,23.9
Germany,454,68.1,53.1,,,81.3,23.9
Germany,455,67.9,51.2,,,82.3,22.9
Germany,456,68.1,50.0,,,83.1,23.2
Germany,457,66.6,51.7,,,84.1,23.1
Germany,458,65.2,53.3,,,85.6,23.1
Germany,459,65.5,56.5,,,86.2,23.5
Germany,460,63.9,57.6,,,86.6,23.8
Germany,461,63.2,58.2,,,87.7,23.5
Germany,462,63.9,60.7,,,87.7,24.3
Germany,463,65.2,63.0,,,87.2,24.0
Germany,464,67.9,61.9,,,87.7,24.0
Germany,465,70.9,60.8,,,88.9,23.6
Germany,466,71.9,60.1,,,87.9,23.8
Germany,467,75.2,60.0,,,87.6,23.4
Germany,468,78.4,59.9,,,87.4,24.0
Germany,469,80.0,60.5,,,87.2,23.7
Germany,470,79.8,61.1,,,86.9,24.1
Germany,471,80.5,60.9,,,87.3,24.1
Germany,472,80.7,61.6,,,86.9,24.2
Germany,473,81.5,61.8,,,86.0,23.9
Germany,474,81.9,61.8,,,84.0,23.8
Germany,475,82.9,61.3,,,82.7,22.9
Germany,476,83.4,60.1,,,81.1,22.4
Germany,477,83.7,58.1,,,80.0,21.1
Germany,478,83.3,56.7,,,79.6,20.6
Germany,479,82.8,54.7,,,79.5,19.6
Germany,480,81.8,53.0,,,77.4,18.9
Germany,481,80.5,52.3,,,75.9,18.1
Germany,482,78.3,51.7,,,73.9,18.0
Germany,483,76.2,50.6,,,72.5,17.3
Germany,484,73.8,49.1,,,71.0,17.2
Germany,485,71.6,47.7,,,70.6,16.2
Germany,486,69.6,46.3,,,69.7,15.5
Germany,487,68.1,44.8,,,67.3,15.2
Germany,488,65.9,43.0,,,64.3,14.1
Germany,489,63.9,42.2,,,62.4,13.6
Germany,490,61.3,40.8,,,60.3,13.2
Germany,491,59.2,39.5,,,58.3,12.1
Germany,492,56.8,37.9,,,57.3,11.5
Germany,493,54.7,34.7,,,56.1,10.8
Germany,494,53.3,31.9,,,55.2,9.5
Germany,495,51.3,31.3,,,52.1,9.4
Germany,496,48.7,31.0,,,49.2,9.0
Germany,497,46.3,29.9,,,46.9,8.2
Germany,498,43.1,27.8,,,45.0,7.5
Germany,499,40.1,25.7,,,43.7,7.0
Germany,500,38.2,25.2,,,42.5,6.8
Germany,501,36.9,24.7,,,39.7,6.4
Germany,502,35.0,22.8,,,37.3,5.9
Germany,503,33.0,21.3,,,35.3,5.6
Germany,504,30.8,18.8,,,34.2,5.0
Germany,505,29.8,16.7,,,32.9,4.7
Germany,506,28.8,15.7,,,32.2,4.4
Germany,507,27.1,14.7,,,31.2,3.8
Germany,508,25.6,13.8,,,29.5,3.7
Germany,509,23.4,13.3,,,27.7,3.3
Germany,510,20.9,13.2,,,26.2,3.1
Germany,511,19.2,13.4,,,24.6,3.0
Germany,512,18.3,13.0,,,23.3,2.7
Germany,513,17.2,11.5,,,23.2,2.4
Germany,514,16.3,10.4,,,22.2,2.1
Germany,515,15.8,9.4,,,21.0,1.8
Germany,516,15.5,8.9,,,19.7,1.9
Germany,517,15.2,8.7,,,18.6,1.8
Germany,518,14.3,8.3,,,17.5,1.7
Germany,519,12.9,7.8,,,16.8,1.4
Germany,520,11.7,7.3,,,16.2,1.2
Germany,521,11.0,7.1,,,15.4,1.2
Germany,522,10.6,7.0,,,14.8,1.1
Germany,523,10.1,6.4,,,14.1,0.8
Germany,524,9.4,6.2,,,13.5,0.8
Germany,525,8.6,5.9,,,12.8,0.8
Germany,526,8.2,5.3,,,12.4,0.8
Germany,527,7.7,4.9,,,12.3,0.8
Germany,528,7.2,4.5,,,12.0,0.7
Germany,529,6.8,4.2,,,11.5,0.8
Germany,530,6.3,4.2,,,10.7,0.7
Germany,531,5.6,4.0,,,10.2,0.7
Germany,532,5.1,3.8,,,9.8,0.5
Germany,533,4.5,3.6,,,9.5,0.5
Germany,534,4.2,3.4,,,9.5,0.5
Germany,535,3.9,3.2,,,9.1,0.5
Germany,536,3.7,3.0,,,8.8,0.3
Germany,537,3.5,2.8,,,8.4,0.3
Germany,538,3.3,2.8,,,8.2,0.3
Germany,539,3.1,2.6,,,7.9,0.3
Germany,540,3.0,2.5,,,7.6,0.3
Germany,541,2.8,2.5,,,7.5,0.3
Germany,542,2.8,2.5,,,7.6,0.4
Germany,543,2.7,2.5,,,7.0,0.3
Germany,544,2.7,2.4,,,6.9,0.4
Germany,545,2.6,2.4,,,6.9,0.4
Germany,546,2.7,2.5,,,6.6,0.3
Germany,547,2.7,2.5,,,6.5,0.4
Germany,548,2.7,2.5,,,6.4,0.4
Germany,549,2.7,2.4,,,6.4,0.4
Germany,550,2.8,2.6,,,6.3,0.4
Germany,551,2.9,2.8,,,6.2,0.4
Germany,552,3.1,2.8,,,6.1,0.5
Germany,553,3.2,2.8,,,6.2,0.5
Germany,554,3.4,2.9,,,6.1,0.5
Germany,555,3.6,3.0,,,6.4,0.5
Germany,556,3.8,3.0,,,6.4,0.5
Germany,557,4.1,3.0,,,6.4,0.5
Germany,558,4.4,3.0,,,6.2,0.5
Germany,559,4.7,3.2,,,6.0,0.5
Germany,560,5.1,3.4,,,6.1,0.4
Germany,561,5.4,3.6,,,6.3,0.5
Germany,562,5.7,3.8,,,6.3,0.5
Germany,563,6.0,4.1,,,6.6,0.5
Germany,564,6.2,4.3,,,6.6,0.5
Germany,565,6.5,4.5,,,6.8,0.6
Germany,566,6.8,4.5,,,6.7,0.6
Germany,567,7.1,4.4,,,6.8,0.7
Germany,568,7.4,4.9,,,7.2,0.9
Germany,569,7.6,5.2,,,7.5,0.9
Germany,570,7.9,5.4,,,7.9,1.0
Germany,571,8.0,5.7,,,7.7,1.1
Germany,572,8.3,5.8,,,7.9,1.1
Germany,573,8.6,6.0,,,8.2,1.2
Germany,574,9.0,6.6,,,8.3,1.3
Germany,575,9.2,6.7,,,8.5,1.3
Germany,576,9.4,6.8,,,9.0,1.4
Germany,577,9.7,7.1,,,9.5,1.4
Germany,578,10.0,7.3,,,10.0,1.4
Germany,579,10.5,7.6,,,10.4,1.6
Germany,580,10.9,7.7,,,10.8,1.7
Germany,581,11.4,8.1,,,11.3,1.7
Germany,582,12.1,8.9,,,11.8,1.9
Germany,583,12.9,9.8,,,12.4,2.0
Germany,584,13.6,10.8,,,13.5,2.1
Germany,585,14.1,11.6,,,14.0,2.4
Germany,586,15.0,12.2,,,14.5,2.6
Germany,587,16.1,12.7,,,15.1,2.6
Germany,588,17.3,13.7,,,16.1,2.6
Germany,589,18.4,14.7,,,16.9,2.7
Germany,590,19.7,15.6,,,17.5,3.0
Germany,591,21.0,16.3,,,18.6,3.2
Germany,592,22.0,16.9,,,19.0,3.3
Germany,593,23.4,17.5,,,19.7,3.3
Germany,594,24.7,18.0,,,20.3,3.5
Germany,595,26.3,19.1,,,21.1,4.0
Germany,596,27.8,20.5,,,21.9,4.2
Germany,597,29.6,21.7,,,22.3,4.5
Germany,598,30.9,22.5,,,22.9,4.8
Germany,599,31.9,23.4,,,23.4,5.0
Germany,600,33.2,24.2,,,24.1,5.4
Germany,601,34.8,24.4,,,24.2,5.4
Germany,602,36.3,24.2,,,24.5,5.5
Germany,603,37.6,24.4,,,24.9,5.8
Germany,604,38.0,24.5,,,25.2,6.3
Germany,605,38.6,24.7,,,26.0,6.3
Germany,606,38.7,25.0,,,26.7,6.6
Germany,607,39.3,24.9,,,26.5,6.5
Germany,608,40.1,24.9,,,26.9,6.7
Germany,609,41.3,25.1,,,26.8,6.8
Germany,610,41.7,25.1,,,26.4,6.6
Germany,611,42.6,25.1,,,26.6,6.4
Germany,612,43.0,25.3,,,26.7,6.4
Germany,613,43.3,25.3,,,26.1,6.3
Germany,614,43.1,25.2,,,26.0,6.4
Germany,615,43.1,25.1,,,25.3,6.3
Germany,616,42.5,24.9,,,24.9,6.3
Germany,617,42.1,24.1,,,24.9,6.3
Germany,618,41.3,23.7,,,24.9,6.2
Germany,619,40.4,22.9,,,24.9,6.1
Germany,620,39.7,22.1,,,24.5,5.9
Germany,621,38.9,21.6,,,23.7,5.5
Germany,622,38.1,21.1,,,23.6,5.4
Germany,623,36.7,20.5,,,23.7,5.2
Germany,624,35.8,20.0,,,23.1,5.1
Germany,625,34.6,19.4,,,23.2,5.0
Germany,626,33.7,19.4,,,23.4,5.3
Germany,627,33.4,19.1,,,23.6,5.2
Germany,628,32.9,18.8,,,23.6,5.4
Germany,629,32.0,18.9,,,23.9,5.5
Germany,630,31.7,19.0,,,23.5,5.8
Germany,631,31.4,19.7,,,23.3,5.8
Germany,632,31.6,20.0,,,23.3,5.9
Germany,633,31.8,19.5,,,23.5,5.9
Germany,634,32.1,19.4,,,24.0,6.2
Germany,635,32.4,19.4,,,24.3,6.3
Germany,636,32.9,19.4,,,24.2,6.3
Germany,637,33.1,19.0,,,24.3,6.5
Germany,638,33.1,18.4,,,24.4,6.7
Germany,639,33.1,18.4,,,24.7,6.9
Germany,640,33.1,18.8,,,25.3,7.2
Germany,641,33.3,19.4,,,25.6,7.5
Germany,642,33.4,19.8,,,25.7,7.6
Germany,643,33.4,20.0,,,26.7,7.7
Germany,644,33.5,20.7,,,26.8,7.8
Germany,645,33.8,21.2,,,27.9,8.2
Germany,646,34.3,21.3,,,28.3,8.4
Germany,647,34.8,22.1,,,29.2,8.4
Germany,648,35.2,22.5,,,29.6,8.8
Germany,649,36.0,22.8,,,30.6,9.3
Germany,650,36.8,23.3,,,31.4,10.0
Germany,651,37.9,25.0,,,32.5,10.9
Germany,652,39.1,27.7,,,33.6,12.0
Germany,653,40.9,30.0,,,34.5,12.8
Germany,654,42.8,31.8,,,35.8,14.2
Germany,655,44.3,34.0,,,37.1,15.1
Germany,656,46.7,35.6,,,38.6,16.1
Germany,657,50.0,36.1,,,40.5,16.5
Germany,658,53.3,37.1,,,42.0,16.7
Germany,659,56.3,37.9,,,42.5,17.1
Germany,660,59.2,40.5,,,44.1,17.9
Germany,661,61.5,42.1,,,45.5,18.3
Germany,662,63.5,43.5,,,46.6,18.8
Germany,663,66.3,44.1,,,47.5,19.1
Germany,664,69.5,45.0,,,49.1,19.7
Germany,665,72.8,44.3,,,49.7,20.5
Germany,666,76.0,46.0,,,51.1,21.8
Germany,667,78.9,47.8,,,52.7,23.2
Germany,668,81.7,49.9,,,55.4,24.1
Germany,669,83.4,51.8,,,57.0,25.3
Germany,670,85.4,52.7,,,58.6,25.9
Germany,671,88.2,53.3,,,59.6,25.9
Germany,672,93.3,56.9,,,61.0,27.4
Germany,673,99.2,59.3,,,61.9,28.8
Germany,674,105.2,60.2,,,63.8,29.3
Germany,675,110.4,62.0,,,66.9,30.8
Germany,676,114.4,63.6,,,69.3,32.0
Germany,677,121.3,65.0,,,70.8,33.0
Germany,678,130.0,66.6,,,73.0,34.0
Germany,679,138.0,68.6,,,75.1,34.8
Germany,680,145.4,71.6,,,76.1,36.0
Germany,681,152.4,73.7,,,77.7,37.4
Germany,682,157.6,75.2,,,79.9,39.0
Germany,683,161.7,77.2,,,80.6,40.2
Germany,684,167.9,77.6,,,81.4,40.8
Germany,685,176.9,78.6,,,83.3,41.0
Germany,686,184.4,80.4,,,83.2,42.2
Germany,687,192.0,81.2,,,83.4,42.8
Germany,688,201.2,82.4,,,83.8,43.6
Germany,689,206.2,83.0,,,85.1,43.1
Germany,690,208.7,83.0,,,85.8,42.8
Germany,691,213.7,83.6,,,85.0,43.2
Germany,692,218.1,82.9,,,85.7,43.0
Germany,693,223.6,82.0,,,85.8,42.3
Germany,694,226.9,80.0,,,85.1,41.6
Germany,695,227.1,80.0,,,85.2,41.5
Germany,696,226.3,79.6,,,85.5,41.1
Germany,697,226.2,79.3,,,85.0,41.1
Germany,698,224.5,79.4,,,83.8,40.6
Germany,699,224.9,79.8,,,82.7,40.9
Germany,700,224.6,80.4,,,81.3,40.7
Germany,701,223.0,80.8,,,80.9,39.5
Germany,702,222.1,79.3,,,80.5,38.2
Germany,703,221.0,78.0,,,80.2,37.1
Germany,704,218.8,76.1,,,79.2,36.2
Germany,705,216.9,75.2,,,77.6,35.2
Germany,706,214.3,73.3,,,76.1,34.1
Germany,707,209.5,70.4,,,74.3,32.2
Germany,708,204.3,68.8,,,74.2,32.0
Germany,709,197.9,66.4,,,73.5,31.2
Germany,710,192.9,64.1,,,73.0,30.1
Germany,711,188.1,62.2,,,71.7,28.2
Germany,712,181.4,60.4,,,69.5,27.3
Germany,713,175.7,59.7,,,67.9,26.6
Germany,714,168.2,58.0,,,66.5,26.0
Germany,715,162.4,55.0,,,66.4,24.2
Germany,716,156.6,52.2,,,66.1,22.5
Germany,717,152.6,49.8,,,66.0,21.2
Germany,718,149.9,45.0,,,63.7,19.8
Germany,719,146.4,41.8,,,61.8,18.5
Germany,720,140.1,41.0,,,59.7,18.0
Germany,721,133.7,40.2,,,58.7,16.9
Germany,722,128.2,39.4,,,57.5,16.0
Germany,723,120.2,39.1,,,56.8,15.1
Germany,724,113.7,39.3,,,56.4,14.6
Germany,725,114.3,39.6,,,54.7,13.9
Germany,726,114.7,39.6,,,52.9,13.5
Germany,727,114.9,39.6,,,51.3,13.2
Germany,728,116.8,39.9,,,49.8,12.6
Germany,729,120.3,39.4,,,48.6,12.3
Germany,730,124.1,38.8,,,47.6,12.1
Germany,731,127.7,37.0,,,47.6,11.2
Germany,732,132.0,38.5,,,46.3,11.4
Germany,733,139.5,39.4,,,44.6,11.4
Germany,734,149.1,38.9,,,42.5,10.9
Germany,735,160.0,38.1,,,42.0,10.3
Germany,736,167.8,36.5,,,41.6,9.4
Germany,737,181.1,36.0,,,42.1,8.8
Germany,738,191.3,36.6,,,42.2,8.7
Germany,739,195.8,37.0,,,41.6,8.5
Germany,740,205.8,37.2,,,41.0,8.7
Germany,741,219.4,37.5,,,39.5,8.7
Germany,742,234.0,38.6,,,39.2,9.1
Germany,743,251.4,40.5,,,38.6,9.4
Germany,744,267.0,42.7,,,39.4,9.5
Germany,745,279.5,44.6,,,40.0,10.1
Germany,746,288.4,47.1,,,39.2,10.4
Germany,747,306.8,47.9,,,40.1,10.4
Germany,748,332.1,49.4,,,39.3,10.7
Germany,749,362.6,51.8,,,40.0,11.0
Germany,750,396.0,54.1,,,40.0,11.6
Germany,751,431.6,55.1,,,40.7,12.5
Germany,752,453.4,56.5,,,41.2,12.7
Germany,753,466.7,57.4,,,41.5,13.0
Germany,754,499.2,58.7,,,41.6,13.3
Germany,755,535.5,58.8,,,41.6,13.4
Germany,756,565.8,59.4,,,41.7,13.9
Germany,757,595.0,61.3,,,41.7,14.5
Germany,758,618.5,64.1,,,42.2,14.9
Germany,759,634.2,67.3,,,43.0,15.6
Germany,760,641.5,69.3,,,43.4,16.0
Germany,761,651.2,70.1,,,42.9,16.2
Germany,762,673.5,70.8,,,43.0,16.5
Germany,763,698.8,72.9,,,42.3,16.9
Germany,764,721.9,74.6,,,42.0,17.1
Germany,765,735.7,74.5,,,41.6,17.0
Germany,766,741.2,73.5,,,41.9,17.1
Germany,767,746.4,73.1,,,41.6,17.2
Germany,768,757.3,72.3,,,41.6,17.0
Germany,769,765.0,71.7,,,39.6,16.9
Germany,770,767.3,70.9,,,39.7,16.5
Germany,771,761.5,70.1,,,39.1,16.0
Germany,772,757.8,69.8,,,38.9,15.9
Germany,773,750.9,69.8,,,39.6,15.5
Germany,774,744.9,69.1,,,39.7,14.7
Germany,775,733.8,69.4,,,38.2,14.3
Germany,776,722.9,69.5,,,37.4,13.8
Germany,777,714.5,69.3,,,36.6,13.1
Germany,778,706.7,67.7,,,,12.0
Germany,779,692.2,66.6,,,,10.8
Germany,780,690.9,64.8,,,,9.9
Germany,781,685.0,63.6,,,,8.9
Germany,782,671.4,62.8,,,,8.2
Germany,783,665.0,61.4,,,,7.7
Germany,784,651.7,58.9,,,,6.9
Germany,785,638.2,56.2,,,,6.1
Germany,786,632.6,53.9,,,,5.3
Germany,787,625.0,51.7,,,,4.3
Germany,788,618.5,,,,,3.7
Germany,789,610.5,,,,,
Germany,790,596.4,,,,,
Germany,791,593.6,,,,,
Germany,792,601.8,,,,,
Germany,793,606.9,,,,,
