date,people_fully_vaccinated,people_vaccinated,total_vaccinations,location,vaccine,source_url
2020-12-27,0,191,191,Estonia,Pfizer/BioNTech,https://opendata.digilugu.ee
2020-12-28,1,509,509,Estonia,Pfizer/BioNTech,https://opendata.digilugu.ee
2020-12-29,2,876,876,Estonia,Pfizer/BioNTech,https://opendata.digilugu.ee
2020-12-30,3,1889,1889,Estonia,Pfizer/BioNTech,https://opendata.digilugu.ee
2020-12-31,3,2475,2475,Estonia,Pfizer/BioNTech,https://opendata.digilugu.ee
2021-01-01,3,2475,2475,Estonia,Pfizer/BioNTech,https://opendata.digilugu.ee
2021-01-02,3,2505,2505,Estonia,Pfizer/BioNTech,https://opendata.digilugu.ee
2021-01-03,3,2523,2523,Estonia,Pfizer/BioNTech,https://opendata.digilugu.ee
2021-01-04,3,3165,3165,Estonia,Pfizer/BioNTech,https://opendata.digilugu.ee
2021-01-05,10,4975,4977,Estonia,Pfizer/BioNTech,https://opendata.digilugu.ee
2021-01-06,11,6586,6589,Estonia,Pfizer/BioNTech,https://opendata.digilugu.ee
2021-01-07,12,7928,7931,Estonia,Pfizer/BioNTech,https://opendata.digilugu.ee
2021-01-08,14,10142,10145,Estonia,Pfizer/BioNTech,https://opendata.digilugu.ee
2021-01-09,14,10693,10696,Estonia,Pfizer/BioNTech,https://opendata.digilugu.ee
2021-01-10,14,10916,10919,Estonia,Pfizer/BioNTech,https://opendata.digilugu.ee
2021-01-11,15,11765,11768,Estonia,Pfizer/BioNTech,https://opendata.digilugu.ee
2021-01-12,18,13345,13348,Estonia,Pfizer/BioNTech,https://opendata.digilugu.ee
2021-01-13,22,14739,14742,Estonia,Pfizer/BioNTech,https://opendata.digilugu.ee
2021-01-14,30,16519,16522,Estonia,"Moderna, Pfizer/BioNTech",https://opendata.digilugu.ee
2021-01-15,41,17800,17803,Estonia,"Moderna, Pfizer/BioNTech",https://opendata.digilugu.ee
2021-01-16,44,18020,18023,Estonia,"Moderna, Pfizer/BioNTech",https://opendata.digilugu.ee
2021-01-17,110,18050,18119,Estonia,"Moderna, Pfizer/BioNTech",https://opendata.digilugu.ee
2021-01-18,487,18708,19152,Estonia,"Moderna, Pfizer/BioNTech",https://opendata.digilugu.ee
2021-01-19,894,19466,20313,Estonia,"Moderna, Pfizer/BioNTech",https://opendata.digilugu.ee
2021-01-20,1528,20318,21795,Estonia,"Moderna, Pfizer/BioNTech",https://opendata.digilugu.ee
2021-01-21,2209,21834,23976,Estonia,"Moderna, Pfizer/BioNTech",https://opendata.digilugu.ee
2021-01-22,2486,23066,25477,Estonia,"Moderna, Pfizer/BioNTech",https://opendata.digilugu.ee
2021-01-23,2498,23321,25735,Estonia,"Moderna, Pfizer/BioNTech",https://opendata.digilugu.ee
2021-01-24,2498,23482,25896,Estonia,"Moderna, Pfizer/BioNTech",https://opendata.digilugu.ee
2021-01-25,3187,23856,26958,Estonia,"Moderna, Pfizer/BioNTech",https://opendata.digilugu.ee
2021-01-26,4836,24598,29349,Estonia,"Moderna, Pfizer/BioNTech",https://opendata.digilugu.ee
2021-01-27,6333,25237,31484,Estonia,"Moderna, Pfizer/BioNTech",https://opendata.digilugu.ee
2021-01-28,7735,26308,33955,Estonia,"Moderna, Pfizer/BioNTech",https://opendata.digilugu.ee
2021-01-29,9728,27528,37161,Estonia,"Moderna, Pfizer/BioNTech",https://opendata.digilugu.ee
2021-01-30,10293,27794,37992,Estonia,"Moderna, Pfizer/BioNTech",https://opendata.digilugu.ee
2021-01-31,10550,28079,38530,Estonia,"Moderna, Pfizer/BioNTech",https://opendata.digilugu.ee
2021-02-01,11444,28798,40138,Estonia,"Moderna, Pfizer/BioNTech",https://opendata.digilugu.ee
2021-02-02,12974,30043,42907,Estonia,"Moderna, Pfizer/BioNTech",https://opendata.digilugu.ee
2021-02-03,14516,31703,46101,Estonia,"Moderna, Pfizer/BioNTech",https://opendata.digilugu.ee
2021-02-04,16119,33746,49701,Estonia,"Moderna, Pfizer/BioNTech",https://opendata.digilugu.ee
2021-02-05,17646,35295,52767,Estonia,"Moderna, Pfizer/BioNTech",https://opendata.digilugu.ee
2021-02-06,17795,35702,53319,Estonia,"Moderna, Pfizer/BioNTech",https://opendata.digilugu.ee
2021-02-07,17844,35712,53377,Estonia,"Moderna, Pfizer/BioNTech",https://opendata.digilugu.ee
2021-02-08,18476,36709,55002,Estonia,"Moderna, Pfizer/BioNTech",https://opendata.digilugu.ee
2021-02-09,19357,38986,58152,Estonia,"Moderna, Oxford/AstraZeneca, Pfizer/BioNTech",https://opendata.digilugu.ee
2021-02-10,20274,41576,61649,Estonia,"Moderna, Oxford/AstraZeneca, Pfizer/BioNTech",https://opendata.digilugu.ee
2021-02-11,21593,44332,65701,Estonia,"Moderna, Oxford/AstraZeneca, Pfizer/BioNTech",https://opendata.digilugu.ee
2021-02-12,22414,45864,68039,Estonia,"Moderna, Oxford/AstraZeneca, Pfizer/BioNTech",https://opendata.digilugu.ee
2021-02-13,22575,45996,68330,Estonia,"Moderna, Oxford/AstraZeneca, Pfizer/BioNTech",https://opendata.digilugu.ee
2021-02-14,22634,45998,68391,Estonia,"Moderna, Oxford/AstraZeneca, Pfizer/BioNTech",https://opendata.digilugu.ee
2021-02-15,22875,46616,69237,Estonia,"Moderna, Oxford/AstraZeneca, Pfizer/BioNTech",https://opendata.digilugu.ee
2021-02-16,23468,48445,71639,Estonia,"Moderna, Oxford/AstraZeneca, Pfizer/BioNTech",https://opendata.digilugu.ee
2021-02-17,24184,52110,75966,Estonia,"Moderna, Oxford/AstraZeneca, Pfizer/BioNTech",https://opendata.digilugu.ee
2021-02-18,25303,57393,82263,Estonia,"Moderna, Oxford/AstraZeneca, Pfizer/BioNTech",https://opendata.digilugu.ee
2021-02-19,26368,61165,87037,Estonia,"Moderna, Oxford/AstraZeneca, Pfizer/BioNTech",https://opendata.digilugu.ee
2021-02-20,26608,61752,87847,Estonia,"Moderna, Oxford/AstraZeneca, Pfizer/BioNTech",https://opendata.digilugu.ee
2021-02-21,26940,62264,88680,Estonia,"Moderna, Oxford/AstraZeneca, Pfizer/BioNTech",https://opendata.digilugu.ee
2021-02-22,27897,64358,91671,Estonia,"Moderna, Oxford/AstraZeneca, Pfizer/BioNTech",https://opendata.digilugu.ee
2021-02-23,28907,68143,96375,Estonia,"Moderna, Oxford/AstraZeneca, Pfizer/BioNTech",https://opendata.digilugu.ee
2021-02-24,29049,68474,96837,Estonia,"Moderna, Oxford/AstraZeneca, Pfizer/BioNTech",https://opendata.digilugu.ee
2021-02-25,31940,72198,103372,Estonia,"Moderna, Oxford/AstraZeneca, Pfizer/BioNTech",https://opendata.digilugu.ee
2021-02-26,34375,77377,110906,Estonia,"Moderna, Oxford/AstraZeneca, Pfizer/BioNTech",https://opendata.digilugu.ee
2021-02-27,34817,78412,112363,Estonia,"Moderna, Oxford/AstraZeneca, Pfizer/BioNTech",https://opendata.digilugu.ee
2021-02-28,34945,78596,112673,Estonia,"Moderna, Oxford/AstraZeneca, Pfizer/BioNTech",https://opendata.digilugu.ee
2021-03-01,36008,81040,116139,Estonia,"Moderna, Oxford/AstraZeneca, Pfizer/BioNTech",https://opendata.digilugu.ee
2021-03-02,38386,84003,121410,Estonia,"Moderna, Oxford/AstraZeneca, Pfizer/BioNTech",https://opendata.digilugu.ee
2021-03-03,40821,86911,126712,Estonia,"Moderna, Oxford/AstraZeneca, Pfizer/BioNTech",https://opendata.digilugu.ee
2021-03-04,43396,92044,134343,Estonia,"Moderna, Oxford/AstraZeneca, Pfizer/BioNTech",https://opendata.digilugu.ee
2021-03-05,45028,97613,141437,Estonia,"Moderna, Oxford/AstraZeneca, Pfizer/BioNTech",https://opendata.digilugu.ee
2021-03-06,45248,101199,145186,Estonia,"Moderna, Oxford/AstraZeneca, Pfizer/BioNTech",https://opendata.digilugu.ee
2021-03-07,45260,102193,146185,Estonia,"Moderna, Oxford/AstraZeneca, Pfizer/BioNTech",https://opendata.digilugu.ee
2021-03-08,45561,105608,149847,Estonia,"Moderna, Oxford/AstraZeneca, Pfizer/BioNTech",https://opendata.digilugu.ee
2021-03-09,46707,109643,154955,Estonia,"Moderna, Oxford/AstraZeneca, Pfizer/BioNTech",https://opendata.digilugu.ee
2021-03-10,49232,113643,161398,Estonia,"Moderna, Oxford/AstraZeneca, Pfizer/BioNTech",https://opendata.digilugu.ee
2021-03-11,52279,121813,172494,Estonia,"Moderna, Oxford/AstraZeneca, Pfizer/BioNTech",https://opendata.digilugu.ee
2021-03-12,54344,127541,180154,Estonia,"Moderna, Oxford/AstraZeneca, Pfizer/BioNTech",https://opendata.digilugu.ee
2021-03-13,54495,132964,185656,Estonia,"Moderna, Oxford/AstraZeneca, Pfizer/BioNTech",https://opendata.digilugu.ee
2021-03-14,54549,138230,190937,Estonia,"Moderna, Oxford/AstraZeneca, Pfizer/BioNTech",https://opendata.digilugu.ee
2021-03-15,54882,141580,194557,Estonia,"Moderna, Oxford/AstraZeneca, Pfizer/BioNTech",https://opendata.digilugu.ee
2021-03-16,55764,145323,199101,Estonia,"Moderna, Oxford/AstraZeneca, Pfizer/BioNTech",https://opendata.digilugu.ee
2021-03-17,56169,150490,204524,Estonia,"Moderna, Oxford/AstraZeneca, Pfizer/BioNTech",https://opendata.digilugu.ee
2021-03-18,57115,157125,211944,Estonia,"Moderna, Oxford/AstraZeneca, Pfizer/BioNTech",https://opendata.digilugu.ee
2021-03-19,59497,163569,220563,Estonia,"Moderna, Oxford/AstraZeneca, Pfizer/BioNTech",https://opendata.digilugu.ee
2021-03-20,59595,165790,222841,Estonia,"Moderna, Oxford/AstraZeneca, Pfizer/BioNTech",https://opendata.digilugu.ee
2021-03-21,59632,167112,224185,Estonia,"Moderna, Oxford/AstraZeneca, Pfizer/BioNTech",https://opendata.digilugu.ee
2021-03-22,60234,169063,226674,Estonia,"Moderna, Oxford/AstraZeneca, Pfizer/BioNTech",https://opendata.digilugu.ee
2021-03-23,60498,171807,229600,Estonia,"Moderna, Oxford/AstraZeneca, Pfizer/BioNTech",https://opendata.digilugu.ee
2021-03-24,60978,177054,235252,Estonia,"Moderna, Oxford/AstraZeneca, Pfizer/BioNTech",https://opendata.digilugu.ee
2021-03-25,62669,185538,245287,Estonia,"Moderna, Oxford/AstraZeneca, Pfizer/BioNTech",https://opendata.digilugu.ee
2021-03-26,63622,191348,251963,Estonia,"Moderna, Oxford/AstraZeneca, Pfizer/BioNTech",https://opendata.digilugu.ee
2021-03-27,63900,193478,254351,Estonia,"Moderna, Oxford/AstraZeneca, Pfizer/BioNTech",https://opendata.digilugu.ee
2021-03-28,63984,193964,254886,Estonia,"Moderna, Oxford/AstraZeneca, Pfizer/BioNTech",https://opendata.digilugu.ee
2021-03-29,64411,195907,257170,Estonia,"Moderna, Oxford/AstraZeneca, Pfizer/BioNTech",https://opendata.digilugu.ee
2021-03-30,65519,198494,260729,Estonia,"Moderna, Oxford/AstraZeneca, Pfizer/BioNTech",https://opendata.digilugu.ee
2021-03-31,67180,202953,266704,Estonia,"Moderna, Oxford/AstraZeneca, Pfizer/BioNTech",https://opendata.digilugu.ee
2021-04-01,71318,210938,278647,Estonia,"Moderna, Oxford/AstraZeneca, Pfizer/BioNTech",https://opendata.digilugu.ee
2021-04-02,71768,214490,282581,Estonia,"Moderna, Oxford/AstraZeneca, Pfizer/BioNTech",https://opendata.digilugu.ee
2021-04-03,72592,222286,291004,Estonia,"Moderna, Oxford/AstraZeneca, Pfizer/BioNTech",https://opendata.digilugu.ee
2021-04-04,72792,226295,295152,Estonia,"Moderna, Oxford/AstraZeneca, Pfizer/BioNTech",https://opendata.digilugu.ee
2021-04-05,73907,228801,298645,Estonia,"Moderna, Oxford/AstraZeneca, Pfizer/BioNTech",https://opendata.digilugu.ee
2021-04-06,75129,231275,302253,Estonia,"Moderna, Oxford/AstraZeneca, Pfizer/BioNTech",https://opendata.digilugu.ee
2021-04-07,76357,236168,308259,Estonia,"Moderna, Oxford/AstraZeneca, Pfizer/BioNTech",https://opendata.digilugu.ee
2021-04-08,77893,247798,321156,Estonia,"Moderna, Oxford/AstraZeneca, Pfizer/BioNTech",https://opendata.digilugu.ee
2021-04-09,79162,257369,331796,Estonia,"Moderna, Oxford/AstraZeneca, Pfizer/BioNTech",https://opendata.digilugu.ee
2021-04-10,79617,258593,333425,Estonia,"Moderna, Oxford/AstraZeneca, Pfizer/BioNTech",https://opendata.digilugu.ee
2021-04-11,79668,258878,333755,Estonia,"Moderna, Oxford/AstraZeneca, Pfizer/BioNTech",https://opendata.digilugu.ee
2021-04-12,80173,260346,335673,Estonia,"Moderna, Oxford/AstraZeneca, Pfizer/BioNTech",https://opendata.digilugu.ee
2021-04-13,80809,262626,338531,Estonia,"Moderna, Oxford/AstraZeneca, Pfizer/BioNTech",https://opendata.digilugu.ee
2021-04-14,82849,267969,345747,Estonia,"Johnson&Johnson, Moderna, Oxford/AstraZeneca, Pfizer/BioNTech",https://opendata.digilugu.ee
2021-04-15,86313,277277,358267,Estonia,"Johnson&Johnson, Moderna, Oxford/AstraZeneca, Pfizer/BioNTech",https://opendata.digilugu.ee
2021-04-16,89899,285498,369790,Estonia,"Johnson&Johnson, Moderna, Oxford/AstraZeneca, Pfizer/BioNTech",https://opendata.digilugu.ee
2021-04-17,90692,286822,371849,Estonia,"Johnson&Johnson, Moderna, Oxford/AstraZeneca, Pfizer/BioNTech",https://opendata.digilugu.ee
2021-04-18,91169,287797,373256,Estonia,"Johnson&Johnson, Moderna, Oxford/AstraZeneca, Pfizer/BioNTech",https://opendata.digilugu.ee
2021-04-19,92591,289037,375867,Estonia,"Johnson&Johnson, Moderna, Oxford/AstraZeneca, Pfizer/BioNTech",https://opendata.digilugu.ee
2021-04-20,95010,290975,380090,Estonia,"Johnson&Johnson, Moderna, Oxford/AstraZeneca, Pfizer/BioNTech",https://opendata.digilugu.ee
2021-04-21,96007,295259,385190,Estonia,"Johnson&Johnson, Moderna, Oxford/AstraZeneca, Pfizer/BioNTech",https://opendata.digilugu.ee
2021-04-22,99701,303461,396773,Estonia,"Johnson&Johnson, Moderna, Oxford/AstraZeneca, Pfizer/BioNTech",https://opendata.digilugu.ee
2021-04-23,103133,309153,405676,Estonia,"Johnson&Johnson, Moderna, Oxford/AstraZeneca, Pfizer/BioNTech",https://opendata.digilugu.ee
2021-04-24,105421,310018,408744,Estonia,"Johnson&Johnson, Moderna, Oxford/AstraZeneca, Pfizer/BioNTech",https://opendata.digilugu.ee
2021-04-25,106661,311226,411135,Estonia,"Johnson&Johnson, Moderna, Oxford/AstraZeneca, Pfizer/BioNTech",https://opendata.digilugu.ee
2021-04-26,108528,312679,414365,Estonia,"Johnson&Johnson, Moderna, Oxford/AstraZeneca, Pfizer/BioNTech",https://opendata.digilugu.ee
2021-04-27,112018,316162,421201,Estonia,"Johnson&Johnson, Moderna, Oxford/AstraZeneca, Pfizer/BioNTech",https://opendata.digilugu.ee
2021-04-28,116905,322807,432409,Estonia,"Johnson&Johnson, Moderna, Oxford/AstraZeneca, Pfizer/BioNTech",https://opendata.digilugu.ee
2021-04-29,124008,331024,447179,Estonia,"Johnson&Johnson, Moderna, Oxford/AstraZeneca, Pfizer/BioNTech",https://opendata.digilugu.ee
2021-04-30,130697,336643,459038,Estonia,"Johnson&Johnson, Moderna, Oxford/AstraZeneca, Pfizer/BioNTech",https://opendata.digilugu.ee
2021-05-01,132828,337594,462052,Estonia,"Johnson&Johnson, Moderna, Oxford/AstraZeneca, Pfizer/BioNTech",https://opendata.digilugu.ee
2021-05-02,133827,339154,464493,Estonia,"Johnson&Johnson, Moderna, Oxford/AstraZeneca, Pfizer/BioNTech",https://opendata.digilugu.ee
2021-05-03,137405,341479,470232,Estonia,"Johnson&Johnson, Moderna, Oxford/AstraZeneca, Pfizer/BioNTech",https://opendata.digilugu.ee
2021-05-04,141413,346438,478924,Estonia,"Johnson&Johnson, Moderna, Oxford/AstraZeneca, Pfizer/BioNTech",https://opendata.digilugu.ee
2021-05-05,147683,353702,492019,Estonia,"Johnson&Johnson, Moderna, Oxford/AstraZeneca, Pfizer/BioNTech",https://opendata.digilugu.ee
2021-05-06,157336,362312,509579,Estonia,"Johnson&Johnson, Moderna, Oxford/AstraZeneca, Pfizer/BioNTech",https://opendata.digilugu.ee
2021-05-07,165406,368586,523339,Estonia,"Johnson&Johnson, Moderna, Oxford/AstraZeneca, Pfizer/BioNTech",https://opendata.digilugu.ee
2021-05-08,168010,371645,528845,Estonia,"Johnson&Johnson, Moderna, Oxford/AstraZeneca, Pfizer/BioNTech",https://opendata.digilugu.ee
2021-05-09,170137,372811,532041,Estonia,"Johnson&Johnson, Moderna, Oxford/AstraZeneca, Pfizer/BioNTech",https://opendata.digilugu.ee
2021-05-10,172492,375001,536358,Estonia,"Johnson&Johnson, Moderna, Oxford/AstraZeneca, Pfizer/BioNTech",https://opendata.digilugu.ee
2021-05-11,175217,378740,542555,Estonia,"Johnson&Johnson, Moderna, Oxford/AstraZeneca, Pfizer/BioNTech",https://opendata.digilugu.ee
2021-05-12,179856,384739,552667,Estonia,"Johnson&Johnson, Moderna, Oxford/AstraZeneca, Pfizer/BioNTech",https://opendata.digilugu.ee
2021-05-13,187621,390557,565594,Estonia,"Johnson&Johnson, Moderna, Oxford/AstraZeneca, Pfizer/BioNTech",https://opendata.digilugu.ee
2021-05-14,190911,396674,574360,Estonia,"Johnson&Johnson, Moderna, Oxford/AstraZeneca, Pfizer/BioNTech",https://opendata.digilugu.ee
2021-05-15,191406,399806,577813,Estonia,"Johnson&Johnson, Moderna, Oxford/AstraZeneca, Pfizer/BioNTech",https://opendata.digilugu.ee
2021-05-16,191540,400738,578776,Estonia,"Johnson&Johnson, Moderna, Oxford/AstraZeneca, Pfizer/BioNTech",https://opendata.digilugu.ee
2021-05-17,193489,406625,585717,Estonia,"Johnson&Johnson, Moderna, Oxford/AstraZeneca, Pfizer/BioNTech",https://opendata.digilugu.ee
2021-05-18,196381,412480,593630,Estonia,"Johnson&Johnson, Moderna, Oxford/AstraZeneca, Pfizer/BioNTech",https://opendata.digilugu.ee
2021-05-19,201359,417704,602607,Estonia,"Johnson&Johnson, Moderna, Oxford/AstraZeneca, Pfizer/BioNTech",https://opendata.digilugu.ee
2021-05-20,212210,423024,617311,Estonia,"Johnson&Johnson, Moderna, Oxford/AstraZeneca, Pfizer/BioNTech",https://opendata.digilugu.ee
2021-05-21,221438,429639,631586,Estonia,"Johnson&Johnson, Moderna, Oxford/AstraZeneca, Pfizer/BioNTech",https://opendata.digilugu.ee
2021-05-22,222886,433738,636445,Estonia,"Johnson&Johnson, Moderna, Oxford/AstraZeneca, Pfizer/BioNTech",https://opendata.digilugu.ee
2021-05-23,223633,437070,640173,Estonia,"Johnson&Johnson, Moderna, Oxford/AstraZeneca, Pfizer/BioNTech",https://opendata.digilugu.ee
2021-05-24,225821,441452,645670,Estonia,"Johnson&Johnson, Moderna, Oxford/AstraZeneca, Pfizer/BioNTech",https://opendata.digilugu.ee
2021-05-25,228530,446431,652678,Estonia,"Johnson&Johnson, Moderna, Oxford/AstraZeneca, Pfizer/BioNTech",https://opendata.digilugu.ee
2021-05-26,235082,452216,664086,Estonia,"Johnson&Johnson, Moderna, Oxford/AstraZeneca, Pfizer/BioNTech",https://opendata.digilugu.ee
2021-05-27,246692,457948,680241,Estonia,"Johnson&Johnson, Moderna, Oxford/AstraZeneca, Pfizer/BioNTech",https://opendata.digilugu.ee
2021-05-28,256476,462676,692729,Estonia,"Johnson&Johnson, Moderna, Oxford/AstraZeneca, Pfizer/BioNTech",https://opendata.digilugu.ee
2021-05-29,258867,466510,697935,Estonia,"Johnson&Johnson, Moderna, Oxford/AstraZeneca, Pfizer/BioNTech",https://opendata.digilugu.ee
2021-05-30,260355,470041,702472,Estonia,"Johnson&Johnson, Moderna, Oxford/AstraZeneca, Pfizer/BioNTech",https://opendata.digilugu.ee
2021-05-31,262315,472341,706187,Estonia,"Johnson&Johnson, Moderna, Oxford/AstraZeneca, Pfizer/BioNTech",https://opendata.digilugu.ee
2021-06-01,266559,478086,714754,Estonia,"Johnson&Johnson, Moderna, Oxford/AstraZeneca, Pfizer/BioNTech",https://opendata.digilugu.ee
2021-06-02,272535,483844,725728,Estonia,"Johnson&Johnson, Moderna, Oxford/AstraZeneca, Pfizer/BioNTech",https://opendata.digilugu.ee
2021-06-03,281159,489958,739733,Estonia,"Johnson&Johnson, Moderna, Oxford/AstraZeneca, Pfizer/BioNTech",https://opendata.digilugu.ee
2021-06-04,288632,494979,751357,Estonia,"Johnson&Johnson, Moderna, Oxford/AstraZeneca, Pfizer/BioNTech",https://opendata.digilugu.ee
2021-06-05,291858,498433,756557,Estonia,"Johnson&Johnson, Moderna, Oxford/AstraZeneca, Pfizer/BioNTech",https://opendata.digilugu.ee
2021-06-06,295604,500050,761772,Estonia,"Johnson&Johnson, Moderna, Oxford/AstraZeneca, Pfizer/BioNTech",https://opendata.digilugu.ee
2021-06-07,299528,503027,768049,Estonia,"Johnson&Johnson, Moderna, Oxford/AstraZeneca, Pfizer/BioNTech",https://opendata.digilugu.ee
2021-06-08,305547,507247,777614,Estonia,"Johnson&Johnson, Moderna, Oxford/AstraZeneca, Pfizer/BioNTech",https://opendata.digilugu.ee
2021-06-09,315334,511588,791076,Estonia,"Johnson&Johnson, Moderna, Oxford/AstraZeneca, Pfizer/BioNTech",https://opendata.digilugu.ee
2021-06-10,326549,515912,805996,Estonia,"Johnson&Johnson, Moderna, Oxford/AstraZeneca, Pfizer/BioNTech",https://opendata.digilugu.ee
2021-06-11,335528,519331,817859,Estonia,"Johnson&Johnson, Moderna, Oxford/AstraZeneca, Pfizer/BioNTech",https://opendata.digilugu.ee
2021-06-12,340308,521532,824689,Estonia,"Johnson&Johnson, Moderna, Oxford/AstraZeneca, Pfizer/BioNTech",https://opendata.digilugu.ee
2021-06-13,343326,523221,829265,Estonia,"Johnson&Johnson, Moderna, Oxford/AstraZeneca, Pfizer/BioNTech",https://opendata.digilugu.ee
2021-06-14,348510,526375,837022,Estonia,"Johnson&Johnson, Moderna, Oxford/AstraZeneca, Pfizer/BioNTech",https://opendata.digilugu.ee
2021-06-15,356031,529819,847569,Estonia,"Johnson&Johnson, Moderna, Oxford/AstraZeneca, Pfizer/BioNTech",https://opendata.digilugu.ee
2021-06-16,366898,532736,860798,Estonia,"Johnson&Johnson, Moderna, Oxford/AstraZeneca, Pfizer/BioNTech",https://opendata.digilugu.ee
2021-06-17,378658,535646,874911,Estonia,"Johnson&Johnson, Moderna, Oxford/AstraZeneca, Pfizer/BioNTech",https://opendata.digilugu.ee
2021-06-18,390118,540126,888945,Estonia,"Johnson&Johnson, Moderna, Oxford/AstraZeneca, Pfizer/BioNTech",https://opendata.digilugu.ee
2021-06-19,395027,541747,895204,Estonia,"Johnson&Johnson, Moderna, Oxford/AstraZeneca, Pfizer/BioNTech",https://opendata.digilugu.ee
2021-06-20,397677,543520,899243,Estonia,"Johnson&Johnson, Moderna, Oxford/AstraZeneca, Pfizer/BioNTech",https://opendata.digilugu.ee
2021-06-21,404251,546411,907857,Estonia,"Johnson&Johnson, Moderna, Oxford/AstraZeneca, Pfizer/BioNTech",https://opendata.digilugu.ee
2021-06-22,408642,548233,913717,Estonia,"Johnson&Johnson, Moderna, Oxford/AstraZeneca, Pfizer/BioNTech",https://opendata.digilugu.ee
2021-06-23,408765,548236,913843,Estonia,"Johnson&Johnson, Moderna, Oxford/AstraZeneca, Pfizer/BioNTech",https://opendata.digilugu.ee
2021-06-24,408924,548272,914019,Estonia,"Johnson&Johnson, Moderna, Oxford/AstraZeneca, Pfizer/BioNTech",https://opendata.digilugu.ee
2021-06-25,414969,550282,921659,Estonia,"Johnson&Johnson, Moderna, Oxford/AstraZeneca, Pfizer/BioNTech",https://opendata.digilugu.ee
2021-06-26,418638,551430,926112,Estonia,"Johnson&Johnson, Moderna, Oxford/AstraZeneca, Pfizer/BioNTech",https://opendata.digilugu.ee
2021-06-27,422189,552653,930537,Estonia,"Johnson&Johnson, Moderna, Oxford/AstraZeneca, Pfizer/BioNTech",https://opendata.digilugu.ee
2021-06-28,428382,554574,938012,Estonia,"Johnson&Johnson, Moderna, Oxford/AstraZeneca, Pfizer/BioNTech",https://opendata.digilugu.ee
2021-06-29,435034,556752,946412,Estonia,"Johnson&Johnson, Moderna, Oxford/AstraZeneca, Pfizer/BioNTech",https://opendata.digilugu.ee
2021-06-30,442104,559180,955265,Estonia,"Johnson&Johnson, Moderna, Oxford/AstraZeneca, Pfizer/BioNTech",https://opendata.digilugu.ee
2021-07-01,447654,561570,962646,Estonia,"Johnson&Johnson, Moderna, Oxford/AstraZeneca, Pfizer/BioNTech",https://opendata.digilugu.ee
2021-07-02,453456,563914,970046,Estonia,"Johnson&Johnson, Moderna, Oxford/AstraZeneca, Pfizer/BioNTech",https://opendata.digilugu.ee
2021-07-03,457748,565254,975077,Estonia,"Johnson&Johnson, Moderna, Oxford/AstraZeneca, Pfizer/BioNTech",https://opendata.digilugu.ee
2021-07-04,462678,566605,980597,Estonia,"Johnson&Johnson, Moderna, Oxford/AstraZeneca, Pfizer/BioNTech",https://opendata.digilugu.ee
2021-07-05,465320,569133,985208,Estonia,"Johnson&Johnson, Moderna, Oxford/AstraZeneca, Pfizer/BioNTech",https://opendata.digilugu.ee
2021-07-06,471709,571701,993549,Estonia,"Johnson&Johnson, Moderna, Oxford/AstraZeneca, Pfizer/BioNTech",https://opendata.digilugu.ee
2021-07-07,476541,574204,1000144,Estonia,"Johnson&Johnson, Moderna, Oxford/AstraZeneca, Pfizer/BioNTech",https://opendata.digilugu.ee
2021-07-08,482683,576859,1008245,Estonia,"Johnson&Johnson, Moderna, Oxford/AstraZeneca, Pfizer/BioNTech",https://opendata.digilugu.ee
2021-07-09,487225,579731,1014873,Estonia,"Johnson&Johnson, Moderna, Oxford/AstraZeneca, Pfizer/BioNTech",https://opendata.digilugu.ee
2021-07-10,489450,581285,1018146,Estonia,"Johnson&Johnson, Moderna, Oxford/AstraZeneca, Pfizer/BioNTech",https://opendata.digilugu.ee
2021-07-11,492875,582853,1022891,Estonia,"Johnson&Johnson, Moderna, Oxford/AstraZeneca, Pfizer/BioNTech",https://opendata.digilugu.ee
2021-07-12,496094,584694,1027350,Estonia,"Johnson&Johnson, Moderna, Oxford/AstraZeneca, Pfizer/BioNTech",https://opendata.digilugu.ee
2021-07-13,501057,587136,1033986,Estonia,"Johnson&Johnson, Moderna, Oxford/AstraZeneca, Pfizer/BioNTech",https://opendata.digilugu.ee
2021-07-14,506582,589394,1041114,Estonia,"Johnson&Johnson, Moderna, Oxford/AstraZeneca, Pfizer/BioNTech",https://opendata.digilugu.ee
2021-07-15,512388,592369,1048603,Estonia,"Johnson&Johnson, Moderna, Oxford/AstraZeneca, Pfizer/BioNTech",https://opendata.digilugu.ee
2021-07-16,516285,594364,1053592,Estonia,"Johnson&Johnson, Moderna, Oxford/AstraZeneca, Pfizer/BioNTech",https://opendata.digilugu.ee
2021-07-17,517409,595634,1055471,Estonia,"Johnson&Johnson, Moderna, Oxford/AstraZeneca, Pfizer/BioNTech",https://opendata.digilugu.ee
2021-07-18,519539,598678,1059805,Estonia,"Johnson&Johnson, Moderna, Oxford/AstraZeneca, Pfizer/BioNTech",https://opendata.digilugu.ee
2021-07-19,523329,601788,1065647,Estonia,"Johnson&Johnson, Moderna, Oxford/AstraZeneca, Pfizer/BioNTech",https://opendata.digilugu.ee
2021-07-20,529142,605089,1073803,Estonia,"Johnson&Johnson, Moderna, Oxford/AstraZeneca, Pfizer/BioNTech",https://opendata.digilugu.ee
2021-07-21,533762,608142,1080696,Estonia,"Johnson&Johnson, Moderna, Oxford/AstraZeneca, Pfizer/BioNTech",https://opendata.digilugu.ee
2021-07-22,539102,611916,1088438,Estonia,"Johnson&Johnson, Moderna, Oxford/AstraZeneca, Pfizer/BioNTech",https://opendata.digilugu.ee
2021-07-23,543411,616094,1095854,Estonia,"Johnson&Johnson, Moderna, Oxford/AstraZeneca, Pfizer/BioNTech",https://opendata.digilugu.ee
2021-07-24,545126,618441,1099197,Estonia,"Johnson&Johnson, Moderna, Oxford/AstraZeneca, Pfizer/BioNTech",https://opendata.digilugu.ee
2021-07-25,546844,620702,1102408,Estonia,"Johnson&Johnson, Moderna, Oxford/AstraZeneca, Pfizer/BioNTech",https://opendata.digilugu.ee
2021-07-26,550149,623927,1107991,Estonia,"Johnson&Johnson, Moderna, Oxford/AstraZeneca, Pfizer/BioNTech",https://opendata.digilugu.ee
2021-07-27,554327,626582,1114114,Estonia,"Johnson&Johnson, Moderna, Oxford/AstraZeneca, Pfizer/BioNTech",https://opendata.digilugu.ee
2021-07-28,557648,629648,1119624,Estonia,"Johnson&Johnson, Moderna, Oxford/AstraZeneca, Pfizer/BioNTech",https://opendata.digilugu.ee
2021-07-29,560145,633051,1124837,Estonia,"Johnson&Johnson, Moderna, Oxford/AstraZeneca, Pfizer/BioNTech",https://opendata.digilugu.ee
2021-07-30,562777,636269,1129966,Estonia,"Johnson&Johnson, Moderna, Oxford/AstraZeneca, Pfizer/BioNTech",https://opendata.digilugu.ee
2021-07-31,564315,638323,1132924,Estonia,"Johnson&Johnson, Moderna, Oxford/AstraZeneca, Pfizer/BioNTech",https://opendata.digilugu.ee
2021-08-01,565716,640301,1135709,Estonia,"Johnson&Johnson, Moderna, Oxford/AstraZeneca, Pfizer/BioNTech",https://opendata.digilugu.ee
2021-08-02,568528,644130,1141613,Estonia,"Johnson&Johnson, Moderna, Oxford/AstraZeneca, Pfizer/BioNTech",https://opendata.digilugu.ee
2021-08-03,571442,648422,1147851,Estonia,"Johnson&Johnson, Moderna, Oxford/AstraZeneca, Pfizer/BioNTech",https://opendata.digilugu.ee
2021-08-04,574374,653138,1153999,Estonia,"Johnson&Johnson, Moderna, Oxford/AstraZeneca, Pfizer/BioNTech",https://opendata.digilugu.ee
2021-08-05,576945,657079,1159388,Estonia,"Johnson&Johnson, Moderna, Oxford/AstraZeneca, Pfizer/BioNTech",https://opendata.digilugu.ee
2021-08-06,580083,662036,1166114,Estonia,"Johnson&Johnson, Moderna, Oxford/AstraZeneca, Pfizer/BioNTech",https://opendata.digilugu.ee
2021-08-07,581755,664663,1169645,Estonia,"Johnson&Johnson, Moderna, Oxford/AstraZeneca, Pfizer/BioNTech",https://opendata.digilugu.ee
2021-08-08,582556,666381,1171709,Estonia,"Johnson&Johnson, Moderna, Oxford/AstraZeneca, Pfizer/BioNTech",https://opendata.digilugu.ee
2021-08-09,585399,670268,1177203,Estonia,"Johnson&Johnson, Moderna, Oxford/AstraZeneca, Pfizer/BioNTech",https://opendata.digilugu.ee
2021-08-10,588592,674481,1183337,Estonia,"Johnson&Johnson, Moderna, Oxford/AstraZeneca, Pfizer/BioNTech",https://opendata.digilugu.ee
2021-08-11,591402,678414,1189046,Estonia,"Johnson&Johnson, Moderna, Oxford/AstraZeneca, Pfizer/BioNTech",https://opendata.digilugu.ee
2021-08-12,594149,682176,1194718,Estonia,"Johnson&Johnson, Moderna, Oxford/AstraZeneca, Pfizer/BioNTech",https://opendata.digilugu.ee
2021-08-13,597201,686142,1200620,Estonia,"Johnson&Johnson, Moderna, Oxford/AstraZeneca, Pfizer/BioNTech",https://opendata.digilugu.ee
2021-08-14,599721,688955,1205192,Estonia,"Johnson&Johnson, Moderna, Oxford/AstraZeneca, Pfizer/BioNTech",https://opendata.digilugu.ee
2021-08-15,600869,690519,1207550,Estonia,"Johnson&Johnson, Moderna, Oxford/AstraZeneca, Pfizer/BioNTech",https://opendata.digilugu.ee
2021-08-16,603849,693752,1212918,Estonia,"Johnson&Johnson, Moderna, Oxford/AstraZeneca, Pfizer/BioNTech",https://opendata.digilugu.ee
2021-08-17,606475,696633,1217794,Estonia,"Johnson&Johnson, Moderna, Oxford/AstraZeneca, Pfizer/BioNTech",https://opendata.digilugu.ee
2021-08-18,609164,699886,1223059,Estonia,"Johnson&Johnson, Moderna, Oxford/AstraZeneca, Pfizer/BioNTech",https://opendata.digilugu.ee
2021-08-19,612524,703148,1228816,Estonia,"Johnson&Johnson, Moderna, Oxford/AstraZeneca, Pfizer/BioNTech",https://opendata.digilugu.ee
2021-08-20,613278,703984,1230232,Estonia,"Johnson&Johnson, Moderna, Oxford/AstraZeneca, Pfizer/BioNTech",https://opendata.digilugu.ee
2021-08-21,614553,705826,1233017,Estonia,"Johnson&Johnson, Moderna, Oxford/AstraZeneca, Pfizer/BioNTech",https://opendata.digilugu.ee
2021-08-22,614984,707008,1234409,Estonia,"Johnson&Johnson, Moderna, Oxford/AstraZeneca, Pfizer/BioNTech",https://opendata.digilugu.ee
2021-08-23,617192,709392,1238505,Estonia,"Johnson&Johnson, Moderna, Oxford/AstraZeneca, Pfizer/BioNTech",https://opendata.digilugu.ee
2021-08-24,619531,711677,1242643,Estonia,"Johnson&Johnson, Moderna, Oxford/AstraZeneca, Pfizer/BioNTech",https://opendata.digilugu.ee
2021-08-25,622139,714253,1247148,Estonia,"Johnson&Johnson, Moderna, Oxford/AstraZeneca, Pfizer/BioNTech",https://opendata.digilugu.ee
2021-08-26,624257,716329,1250860,Estonia,"Johnson&Johnson, Moderna, Oxford/AstraZeneca, Pfizer/BioNTech",https://opendata.digilugu.ee
2021-08-27,626858,719203,1255642,Estonia,"Johnson&Johnson, Moderna, Oxford/AstraZeneca, Pfizer/BioNTech",https://opendata.digilugu.ee
2021-08-28,628804,721468,1259286,Estonia,"Johnson&Johnson, Moderna, Oxford/AstraZeneca, Pfizer/BioNTech",https://opendata.digilugu.ee
2021-08-29,630993,723335,1263012,Estonia,"Johnson&Johnson, Moderna, Oxford/AstraZeneca, Pfizer/BioNTech",https://opendata.digilugu.ee
2021-08-30,633465,725135,1266834,Estonia,"Johnson&Johnson, Moderna, Oxford/AstraZeneca, Pfizer/BioNTech",https://opendata.digilugu.ee
2021-08-31,637140,726935,1271859,Estonia,"Johnson&Johnson, Moderna, Oxford/AstraZeneca, Pfizer/BioNTech",https://opendata.digilugu.ee
2021-09-01,638688,727951,1274204,Estonia,"Johnson&Johnson, Moderna, Oxford/AstraZeneca, Pfizer/BioNTech",https://opendata.digilugu.ee
2021-09-02,641055,729593,1277680,Estonia,"Johnson&Johnson, Moderna, Oxford/AstraZeneca, Pfizer/BioNTech",https://opendata.digilugu.ee
2021-09-03,643302,731074,1280964,Estonia,"Johnson&Johnson, Moderna, Oxford/AstraZeneca, Pfizer/BioNTech",https://opendata.digilugu.ee
2021-09-04,645687,732208,1284136,Estonia,"Johnson&Johnson, Moderna, Oxford/AstraZeneca, Pfizer/BioNTech",https://opendata.digilugu.ee
2021-09-05,647734,732665,1286472,Estonia,"Johnson&Johnson, Moderna, Oxford/AstraZeneca, Pfizer/BioNTech",https://opendata.digilugu.ee
2021-09-06,650532,733956,1290157,Estonia,"Johnson&Johnson, Moderna, Oxford/AstraZeneca, Pfizer/BioNTech",https://opendata.digilugu.ee
2021-09-07,653207,735288,1293733,Estonia,"Johnson&Johnson, Moderna, Oxford/AstraZeneca, Pfizer/BioNTech",https://opendata.digilugu.ee
2021-09-08,655765,736434,1297082,Estonia,"Johnson&Johnson, Moderna, Oxford/AstraZeneca, Pfizer/BioNTech",https://opendata.digilugu.ee
2021-09-09,658421,737567,1300504,Estonia,"Johnson&Johnson, Moderna, Oxford/AstraZeneca, Pfizer/BioNTech",https://opendata.digilugu.ee
2021-09-10,661200,738707,1304077,Estonia,"Johnson&Johnson, Moderna, Oxford/AstraZeneca, Pfizer/BioNTech",https://opendata.digilugu.ee
2021-09-11,663286,739567,1306795,Estonia,"Johnson&Johnson, Moderna, Oxford/AstraZeneca, Pfizer/BioNTech",https://opendata.digilugu.ee
2021-09-12,665082,740013,1308919,Estonia,"Johnson&Johnson, Moderna, Oxford/AstraZeneca, Pfizer/BioNTech",https://opendata.digilugu.ee
2021-09-13,668115,740957,1312623,Estonia,"Johnson&Johnson, Moderna, Oxford/AstraZeneca, Pfizer/BioNTech",https://opendata.digilugu.ee
2021-09-14,671414,742088,1316702,Estonia,"Johnson&Johnson, Moderna, Oxford/AstraZeneca, Pfizer/BioNTech",https://opendata.digilugu.ee
2021-09-15,674533,743163,1320576,Estonia,"Johnson&Johnson, Moderna, Oxford/AstraZeneca, Pfizer/BioNTech",https://opendata.digilugu.ee
2021-09-16,677617,744338,1324342,Estonia,"Johnson&Johnson, Moderna, Oxford/AstraZeneca, Pfizer/BioNTech",https://opendata.digilugu.ee
2021-09-17,680854,745767,1328298,Estonia,"Johnson&Johnson, Moderna, Oxford/AstraZeneca, Pfizer/BioNTech",https://opendata.digilugu.ee
2021-09-18,683361,746797,1331283,Estonia,"Johnson&Johnson, Moderna, Oxford/AstraZeneca, Pfizer/BioNTech",https://opendata.digilugu.ee
2021-09-19,684836,747494,1333012,Estonia,"Johnson&Johnson, Moderna, Oxford/AstraZeneca, Pfizer/BioNTech",https://opendata.digilugu.ee
2021-09-20,687527,748331,1336124,Estonia,"Johnson&Johnson, Moderna, Oxford/AstraZeneca, Pfizer/BioNTech",https://opendata.digilugu.ee
2021-09-21,690933,749160,1340069,Estonia,"Johnson&Johnson, Moderna, Oxford/AstraZeneca, Pfizer/BioNTech",https://opendata.digilugu.ee
2021-09-22,694312,750183,1344052,Estonia,"Johnson&Johnson, Moderna, Oxford/AstraZeneca, Pfizer/BioNTech",https://opendata.digilugu.ee
2021-09-23,697735,751608,1348120,Estonia,"Johnson&Johnson, Moderna, Oxford/AstraZeneca, Pfizer/BioNTech",https://opendata.digilugu.ee
2021-09-24,701501,753032,1352520,Estonia,"Johnson&Johnson, Moderna, Oxford/AstraZeneca, Pfizer/BioNTech",https://opendata.digilugu.ee
2021-09-25,704594,754043,1355970,Estonia,"Johnson&Johnson, Moderna, Oxford/AstraZeneca, Pfizer/BioNTech",https://opendata.digilugu.ee
2021-09-26,706420,754582,1357977,Estonia,"Johnson&Johnson, Moderna, Oxford/AstraZeneca, Pfizer/BioNTech",https://opendata.digilugu.ee
2021-09-27,707824,755075,1359614,Estonia,"Johnson&Johnson, Moderna, Oxford/AstraZeneca, Pfizer/BioNTech",https://opendata.digilugu.ee
2021-09-28,710642,756296,1363024,Estonia,"Johnson&Johnson, Moderna, Oxford/AstraZeneca, Pfizer/BioNTech",https://opendata.digilugu.ee
2021-09-29,712849,757324,1365704,Estonia,"Johnson&Johnson, Moderna, Oxford/AstraZeneca, Pfizer/BioNTech",https://opendata.digilugu.ee
2021-09-30,715179,758259,1368502,Estonia,"Johnson&Johnson, Moderna, Oxford/AstraZeneca, Pfizer/BioNTech",https://opendata.digilugu.ee
2021-10-01,717077,759234,1370758,Estonia,"Johnson&Johnson, Moderna, Oxford/AstraZeneca, Pfizer/BioNTech",https://opendata.digilugu.ee
2021-10-02,718987,759814,1372917,Estonia,"Johnson&Johnson, Moderna, Oxford/AstraZeneca, Pfizer/BioNTech",https://opendata.digilugu.ee
2021-10-03,719517,760096,1373581,Estonia,"Johnson&Johnson, Moderna, Oxford/AstraZeneca, Pfizer/BioNTech",https://opendata.digilugu.ee
2021-10-04,720958,760744,1375301,Estonia,"Johnson&Johnson, Moderna, Oxford/AstraZeneca, Pfizer/BioNTech",https://opendata.digilugu.ee
2021-10-05,722722,761531,1377453,Estonia,"Johnson&Johnson, Moderna, Oxford/AstraZeneca, Pfizer/BioNTech",https://opendata.digilugu.ee
2021-10-06,724366,762263,1379456,Estonia,"Johnson&Johnson, Moderna, Oxford/AstraZeneca, Pfizer/BioNTech",https://opendata.digilugu.ee
2021-10-07,725908,763053,1381360,Estonia,"Johnson&Johnson, Moderna, Oxford/AstraZeneca, Pfizer/BioNTech",https://opendata.digilugu.ee
2021-10-08,727612,764015,1383562,Estonia,"Johnson&Johnson, Moderna, Oxford/AstraZeneca, Pfizer/BioNTech",https://opendata.digilugu.ee
2021-10-09,729343,764641,1385588,Estonia,"Johnson&Johnson, Moderna, Oxford/AstraZeneca, Pfizer/BioNTech",https://opendata.digilugu.ee
2021-10-10,730351,764992,1386790,Estonia,"Johnson&Johnson, Moderna, Oxford/AstraZeneca, Pfizer/BioNTech",https://opendata.digilugu.ee
2021-10-11,731698,765603,1388406,Estonia,"Johnson&Johnson, Moderna, Oxford/AstraZeneca, Pfizer/BioNTech",https://opendata.digilugu.ee
2021-10-12,733260,766369,1390362,Estonia,"Johnson&Johnson, Moderna, Oxford/AstraZeneca, Pfizer/BioNTech",https://opendata.digilugu.ee
2021-10-13,734538,767171,1392019,Estonia,"Johnson&Johnson, Moderna, Oxford/AstraZeneca, Pfizer/BioNTech",https://opendata.digilugu.ee
2021-10-14,735985,768196,1393993,Estonia,"Johnson&Johnson, Moderna, Oxford/AstraZeneca, Pfizer/BioNTech",https://opendata.digilugu.ee
2021-10-15,737763,769479,1396398,Estonia,"Johnson&Johnson, Moderna, Oxford/AstraZeneca, Pfizer/BioNTech",https://opendata.digilugu.ee
2021-10-16,738553,770101,1397512,Estonia,"Johnson&Johnson, Moderna, Oxford/AstraZeneca, Pfizer/BioNTech",https://opendata.digilugu.ee
2021-10-17,739370,770834,1398680,Estonia,"Johnson&Johnson, Moderna, Oxford/AstraZeneca, Pfizer/BioNTech",https://opendata.digilugu.ee
2021-10-18,740663,771800,1400459,Estonia,"Johnson&Johnson, Moderna, Oxford/AstraZeneca, Pfizer/BioNTech",https://opendata.digilugu.ee
2021-10-19,741967,772763,1402237,Estonia,"Johnson&Johnson, Moderna, Oxford/AstraZeneca, Pfizer/BioNTech",https://opendata.digilugu.ee
2021-10-20,743616,774344,1404651,Estonia,"Johnson&Johnson, Moderna, Oxford/AstraZeneca, Pfizer/BioNTech",https://opendata.digilugu.ee
2021-10-21,745321,776089,1407213,Estonia,"Johnson&Johnson, Moderna, Oxford/AstraZeneca, Pfizer/BioNTech",https://opendata.digilugu.ee
2021-10-22,747836,778814,1411087,Estonia,"Johnson&Johnson, Moderna, Oxford/AstraZeneca, Pfizer/BioNTech",https://opendata.digilugu.ee
2021-10-23,749155,780416,1413143,Estonia,"Johnson&Johnson, Moderna, Oxford/AstraZeneca, Pfizer/BioNTech",https://opendata.digilugu.ee
2021-10-24,750071,781510,1414488,Estonia,"Johnson&Johnson, Moderna, Oxford/AstraZeneca, Pfizer/BioNTech",https://opendata.digilugu.ee
2021-10-25,751676,783488,1417038,Estonia,"Johnson&Johnson, Moderna, Oxford/AstraZeneca, Pfizer/BioNTech",https://opendata.digilugu.ee
2021-10-26,753634,785949,1420402,Estonia,"Johnson&Johnson, Moderna, Oxford/AstraZeneca, Pfizer/BioNTech",https://opendata.digilugu.ee
2021-10-27,755305,788267,1423456,Estonia,"Johnson&Johnson, Moderna, Oxford/AstraZeneca, Pfizer/BioNTech",https://opendata.digilugu.ee
2021-10-28,756904,790483,1426392,Estonia,"Johnson&Johnson, Moderna, Oxford/AstraZeneca, Pfizer/BioNTech",https://opendata.digilugu.ee
2021-10-29,758778,793423,1430078,Estonia,"Johnson&Johnson, Moderna, Oxford/AstraZeneca, Pfizer/BioNTech",https://opendata.digilugu.ee
2021-10-30,759771,794726,1431756,Estonia,"Johnson&Johnson, Moderna, Oxford/AstraZeneca, Pfizer/BioNTech",https://opendata.digilugu.ee
2021-10-31,760455,795624,1432848,Estonia,"Johnson&Johnson, Moderna, Oxford/AstraZeneca, Pfizer/BioNTech",https://opendata.digilugu.ee
2021-11-01,761680,797441,1435143,Estonia,"Johnson&Johnson, Moderna, Oxford/AstraZeneca, Pfizer/BioNTech",https://opendata.digilugu.ee
2021-11-02,763038,799521,1437847,Estonia,"Johnson&Johnson, Moderna, Oxford/AstraZeneca, Pfizer/BioNTech",https://opendata.digilugu.ee
2021-11-03,764363,801650,1440603,Estonia,"Johnson&Johnson, Moderna, Oxford/AstraZeneca, Pfizer/BioNTech",https://opendata.digilugu.ee
2021-11-04,765661,803718,1443184,Estonia,"Johnson&Johnson, Moderna, Oxford/AstraZeneca, Pfizer/BioNTech",https://opendata.digilugu.ee
2021-11-05,767370,806242,1446420,Estonia,"Johnson&Johnson, Moderna, Oxford/AstraZeneca, Pfizer/BioNTech",https://opendata.digilugu.ee
2021-11-06,768069,807270,1447692,Estonia,"Johnson&Johnson, Moderna, Oxford/AstraZeneca, Pfizer/BioNTech",https://opendata.digilugu.ee
2021-11-07,768561,807949,1448516,Estonia,"Johnson&Johnson, Moderna, Oxford/AstraZeneca, Pfizer/BioNTech",https://opendata.digilugu.ee
2021-11-08,769530,809294,1450282,Estonia,"Johnson&Johnson, Moderna, Oxford/AstraZeneca, Pfizer/BioNTech",https://opendata.digilugu.ee
2021-11-09,770570,810757,1452289,Estonia,"Johnson&Johnson, Moderna, Oxford/AstraZeneca, Pfizer/BioNTech",https://opendata.digilugu.ee
2021-11-10,771554,812125,1454131,Estonia,"Johnson&Johnson, Moderna, Oxford/AstraZeneca, Pfizer/BioNTech",https://opendata.digilugu.ee
2021-11-11,772434,813303,1455777,Estonia,"Johnson&Johnson, Moderna, Oxford/AstraZeneca, Pfizer/BioNTech",https://opendata.digilugu.ee
2021-11-12,773516,814825,1457815,Estonia,"Johnson&Johnson, Moderna, Oxford/AstraZeneca, Pfizer/BioNTech",https://opendata.digilugu.ee
2021-11-13,773978,815384,1458591,Estonia,"Johnson&Johnson, Moderna, Oxford/AstraZeneca, Pfizer/BioNTech",https://opendata.digilugu.ee
2021-11-14,774268,815660,1459046,Estonia,"Johnson&Johnson, Moderna, Oxford/AstraZeneca, Pfizer/BioNTech",https://opendata.digilugu.ee
2021-11-15,775165,816705,1460566,Estonia,"Johnson&Johnson, Moderna, Oxford/AstraZeneca, Pfizer/BioNTech",https://opendata.digilugu.ee
2021-11-16,776029,817701,1462093,Estonia,"Johnson&Johnson, Moderna, Oxford/AstraZeneca, Pfizer/BioNTech",https://opendata.digilugu.ee
2021-11-17,776901,818697,1463596,Estonia,"Johnson&Johnson, Moderna, Oxford/AstraZeneca, Pfizer/BioNTech",https://opendata.digilugu.ee
2021-11-18,777848,819667,1465164,Estonia,"Johnson&Johnson, Moderna, Oxford/AstraZeneca, Pfizer/BioNTech",https://opendata.digilugu.ee
2021-11-19,779063,820866,1467119,Estonia,"Johnson&Johnson, Moderna, Oxford/AstraZeneca, Pfizer/BioNTech",https://opendata.digilugu.ee
2021-11-20,779544,821353,1467875,Estonia,"Johnson&Johnson, Moderna, Oxford/AstraZeneca, Pfizer/BioNTech",https://opendata.digilugu.ee
2021-11-21,780054,821747,1468571,Estonia,"Johnson&Johnson, Moderna, Oxford/AstraZeneca, Pfizer/BioNTech",https://opendata.digilugu.ee
2021-11-22,780894,822455,1469813,Estonia,"Johnson&Johnson, Moderna, Oxford/AstraZeneca, Pfizer/BioNTech",https://opendata.digilugu.ee
2021-11-23,781957,823332,1471390,Estonia,"Johnson&Johnson, Moderna, Oxford/AstraZeneca, Pfizer/BioNTech",https://opendata.digilugu.ee
2021-11-24,782911,824114,1472810,Estonia,"Johnson&Johnson, Moderna, Oxford/AstraZeneca, Pfizer/BioNTech",https://opendata.digilugu.ee
2021-11-25,783922,824843,1474281,Estonia,"Johnson&Johnson, Moderna, Oxford/AstraZeneca, Pfizer/BioNTech",https://opendata.digilugu.ee
2021-11-26,785347,825827,1476285,Estonia,"Johnson&Johnson, Moderna, Oxford/AstraZeneca, Pfizer/BioNTech",https://opendata.digilugu.ee
2021-11-27,785928,826270,1477117,Estonia,"Johnson&Johnson, Moderna, Oxford/AstraZeneca, Pfizer/BioNTech",https://opendata.digilugu.ee
2021-11-28,786245,826515,1477561,Estonia,"Johnson&Johnson, Moderna, Oxford/AstraZeneca, Pfizer/BioNTech",https://opendata.digilugu.ee
2021-11-29,787227,827123,1478873,Estonia,"Johnson&Johnson, Moderna, Oxford/AstraZeneca, Pfizer/BioNTech",https://opendata.digilugu.ee
2021-11-30,788355,827856,1480437,Estonia,"Johnson&Johnson, Moderna, Oxford/AstraZeneca, Pfizer/BioNTech",https://opendata.digilugu.ee
2021-12-01,789507,828544,1481975,Estonia,"Johnson&Johnson, Moderna, Oxford/AstraZeneca, Pfizer/BioNTech",https://opendata.digilugu.ee
2021-12-02,790655,829211,1483546,Estonia,"Johnson&Johnson, Moderna, Oxford/AstraZeneca, Pfizer/BioNTech",https://opendata.digilugu.ee
2021-12-03,792261,829953,1485572,Estonia,"Johnson&Johnson, Moderna, Oxford/AstraZeneca, Pfizer/BioNTech",https://opendata.digilugu.ee
2021-12-04,793047,830344,1486538,Estonia,"Johnson&Johnson, Moderna, Oxford/AstraZeneca, Pfizer/BioNTech",https://opendata.digilugu.ee
2021-12-05,793345,830534,1486917,Estonia,"Johnson&Johnson, Moderna, Oxford/AstraZeneca, Pfizer/BioNTech",https://opendata.digilugu.ee
2021-12-06,794535,831058,1488389,Estonia,"Johnson&Johnson, Moderna, Oxford/AstraZeneca, Pfizer/BioNTech",https://opendata.digilugu.ee
2021-12-07,795971,831572,1490119,Estonia,"Johnson&Johnson, Moderna, Oxford/AstraZeneca, Pfizer/BioNTech",https://opendata.digilugu.ee
2021-12-08,797377,832091,1491791,Estonia,"Johnson&Johnson, Moderna, Oxford/AstraZeneca, Pfizer/BioNTech",https://opendata.digilugu.ee
2021-12-09,798721,832661,1493429,Estonia,"Johnson&Johnson, Moderna, Oxford/AstraZeneca, Pfizer/BioNTech",https://opendata.digilugu.ee
2021-12-10,800592,833316,1495671,Estonia,"Johnson&Johnson, Moderna, Oxford/AstraZeneca, Pfizer/BioNTech",https://opendata.digilugu.ee
2021-12-11,801242,833598,1496457,Estonia,"Johnson&Johnson, Moderna, Oxford/AstraZeneca, Pfizer/BioNTech",https://opendata.digilugu.ee
2021-12-12,801586,833761,1496880,Estonia,"Johnson&Johnson, Moderna, Oxford/AstraZeneca, Pfizer/BioNTech",https://opendata.digilugu.ee
2021-12-13,802808,834222,1498332,Estonia,"Johnson&Johnson, Moderna, Oxford/AstraZeneca, Pfizer/BioNTech",https://opendata.digilugu.ee
2021-12-14,804167,834698,1499950,Estonia,"Johnson&Johnson, Moderna, Oxford/AstraZeneca, Pfizer/BioNTech",https://opendata.digilugu.ee
2021-12-15,805552,835178,1501601,Estonia,"Johnson&Johnson, Moderna, Oxford/AstraZeneca, Pfizer/BioNTech",https://opendata.digilugu.ee
2021-12-16,806864,835669,1503172,Estonia,"Johnson&Johnson, Moderna, Oxford/AstraZeneca, Pfizer/BioNTech",https://opendata.digilugu.ee
2021-12-17,808575,836323,1505286,Estonia,"Johnson&Johnson, Moderna, Oxford/AstraZeneca, Pfizer/BioNTech",https://opendata.digilugu.ee
2021-12-18,809169,836644,1506083,Estonia,"Johnson&Johnson, Moderna, Oxford/AstraZeneca, Pfizer/BioNTech",https://opendata.digilugu.ee
2021-12-19,809474,836924,1506545,Estonia,"Johnson&Johnson, Moderna, Oxford/AstraZeneca, Pfizer/BioNTech",https://opendata.digilugu.ee
2021-12-20,810524,837412,1507886,Estonia,"Johnson&Johnson, Moderna, Oxford/AstraZeneca, Pfizer/BioNTech",https://opendata.digilugu.ee
2021-12-21,811710,838135,1509544,Estonia,"Johnson&Johnson, Moderna, Oxford/AstraZeneca, Pfizer/BioNTech",https://opendata.digilugu.ee
2021-12-22,812932,838956,1511309,Estonia,"Johnson&Johnson, Moderna, Oxford/AstraZeneca, Pfizer/BioNTech",https://opendata.digilugu.ee
2021-12-23,813429,839376,1512059,Estonia,"Johnson&Johnson, Moderna, Oxford/AstraZeneca, Pfizer/BioNTech",https://opendata.digilugu.ee
2021-12-24,813501,839417,1512153,Estonia,"Johnson&Johnson, Moderna, Oxford/AstraZeneca, Pfizer/BioNTech",https://opendata.digilugu.ee
2021-12-25,813544,839449,1512212,Estonia,"Johnson&Johnson, Moderna, Oxford/AstraZeneca, Pfizer/BioNTech",https://opendata.digilugu.ee
2021-12-26,813627,839503,1512324,Estonia,"Johnson&Johnson, Moderna, Oxford/AstraZeneca, Pfizer/BioNTech",https://opendata.digilugu.ee
2021-12-27,814605,840120,1513721,Estonia,"Johnson&Johnson, Moderna, Oxford/AstraZeneca, Pfizer/BioNTech",https://opendata.digilugu.ee
2021-12-28,815648,840923,1515300,Estonia,"Johnson&Johnson, Moderna, Oxford/AstraZeneca, Pfizer/BioNTech",https://opendata.digilugu.ee
2021-12-29,816492,841644,1516640,Estonia,"Johnson&Johnson, Moderna, Oxford/AstraZeneca, Pfizer/BioNTech",https://opendata.digilugu.ee
2021-12-30,817066,842227,1517611,Estonia,"Johnson&Johnson, Moderna, Oxford/AstraZeneca, Pfizer/BioNTech",https://opendata.digilugu.ee
2021-12-31,817171,842321,1517764,Estonia,"Johnson&Johnson, Moderna, Oxford/AstraZeneca, Pfizer/BioNTech",https://opendata.digilugu.ee
2022-01-01,817193,842344,1517802,Estonia,"Johnson&Johnson, Moderna, Oxford/AstraZeneca, Pfizer/BioNTech",https://opendata.digilugu.ee
2022-01-02,817364,842572,1518125,Estonia,"Johnson&Johnson, Moderna, Oxford/AstraZeneca, Pfizer/BioNTech",https://opendata.digilugu.ee
2022-01-03,817838,843054,1518942,Estonia,"Johnson&Johnson, Moderna, Oxford/AstraZeneca, Pfizer/BioNTech",https://opendata.digilugu.ee
2022-01-04,818562,843820,1520223,Estonia,"Johnson&Johnson, Moderna, Oxford/AstraZeneca, Pfizer/BioNTech",https://opendata.digilugu.ee
2022-01-05,819157,844481,1521294,Estonia,"Johnson&Johnson, Moderna, Oxford/AstraZeneca, Pfizer/BioNTech",https://opendata.digilugu.ee
2022-01-06,819807,845268,1522526,Estonia,"Johnson&Johnson, Moderna, Oxford/AstraZeneca, Pfizer/BioNTech",https://opendata.digilugu.ee
2022-01-07,820529,846015,1523780,Estonia,"Johnson&Johnson, Moderna, Oxford/AstraZeneca, Pfizer/BioNTech",https://opendata.digilugu.ee
2022-01-08,820863,846323,1524293,Estonia,"Johnson&Johnson, Moderna, Oxford/AstraZeneca, Pfizer/BioNTech",https://opendata.digilugu.ee
2022-01-09,821041,846504,1524569,Estonia,"Johnson&Johnson, Moderna, Oxford/AstraZeneca, Pfizer/BioNTech",https://opendata.digilugu.ee
2022-01-10,821492,846906,1525298,Estonia,"Johnson&Johnson, Moderna, Oxford/AstraZeneca, Pfizer/BioNTech",https://opendata.digilugu.ee
2022-01-11,822054,847422,1526224,Estonia,"Johnson&Johnson, Moderna, Oxford/AstraZeneca, Pfizer/BioNTech",https://opendata.digilugu.ee
2022-01-12,822627,847999,1527219,Estonia,"Johnson&Johnson, Moderna, Oxford/AstraZeneca, Pfizer/BioNTech",https://opendata.digilugu.ee
2022-01-13,823107,848545,1528111,Estonia,"Johnson&Johnson, Moderna, Oxford/AstraZeneca, Pfizer/BioNTech",https://opendata.digilugu.ee
2022-01-14,823732,849217,1529232,Estonia,"Johnson&Johnson, Moderna, Oxford/AstraZeneca, Pfizer/BioNTech",https://opendata.digilugu.ee
2022-01-15,824066,849540,1529765,Estonia,"Johnson&Johnson, Moderna, Oxford/AstraZeneca, Pfizer/BioNTech",https://opendata.digilugu.ee
2022-01-16,824195,849700,1529986,Estonia,"Johnson&Johnson, Moderna, Oxford/AstraZeneca, Pfizer/BioNTech",https://opendata.digilugu.ee
2022-01-17,824540,850051,1530557,Estonia,"Johnson&Johnson, Moderna, Oxford/AstraZeneca, Pfizer/BioNTech",https://opendata.digilugu.ee
2022-01-18,824977,850520,1531344,Estonia,"Johnson&Johnson, Moderna, Oxford/AstraZeneca, Pfizer/BioNTech",https://opendata.digilugu.ee
2022-01-19,825435,851019,1532142,Estonia,"Johnson&Johnson, Moderna, Oxford/AstraZeneca, Pfizer/BioNTech",https://opendata.digilugu.ee
2022-01-20,825800,851452,1532815,Estonia,"Johnson&Johnson, Moderna, Oxford/AstraZeneca, Pfizer/BioNTech",https://opendata.digilugu.ee
2022-01-21,826275,852016,1533705,Estonia,"Johnson&Johnson, Moderna, Oxford/AstraZeneca, Pfizer/BioNTech",https://opendata.digilugu.ee
2022-01-22,826496,852272,1534093,Estonia,"Johnson&Johnson, Moderna, Oxford/AstraZeneca, Pfizer/BioNTech",https://opendata.digilugu.ee
2022-01-23,826614,852396,1534274,Estonia,"Johnson&Johnson, Moderna, Oxford/AstraZeneca, Pfizer/BioNTech",https://opendata.digilugu.ee
