location,date,vaccine,source_url,total_vaccinations,people_vaccinated,people_fully_vaccinated,total_boosters,people_vaccinated_5_12
New Zealand,2021-02-14,Pfizer/BioNTech,https://www.health.govt.nz/our-work/diseases-and-conditions/covid-19-novel-coronavirus/covid-19-data-and-statistics/covid-19-vaccine-data,1,1,0,0,
New Zealand,2021-02-15,Pfizer/BioNTech,https://www.health.govt.nz/our-work/diseases-and-conditions/covid-19-novel-coronavirus/covid-19-data-and-statistics/covid-19-vaccine-data,2,2,0,0,
New Zealand,2021-02-17,Pfizer/BioNTech,https://www.health.govt.nz/our-work/diseases-and-conditions/covid-19-novel-coronavirus/covid-19-data-and-statistics/covid-19-vaccine-data,3,3,0,0,
New Zealand,2021-02-18,Pfizer/BioNTech,https://www.health.govt.nz/our-work/diseases-and-conditions/covid-19-novel-coronavirus/covid-19-data-and-statistics/covid-19-vaccine-data,4,4,0,0,
New Zealand,2021-02-19,Pfizer/BioNTech,https://www.health.govt.nz/our-work/diseases-and-conditions/covid-19-novel-coronavirus/covid-19-data-and-statistics/covid-19-vaccine-data,33,33,0,0,
New Zealand,2021-02-20,Pfizer/BioNTech,https://www.health.govt.nz/our-work/diseases-and-conditions/covid-19-novel-coronavirus/covid-19-data-and-statistics/covid-19-vaccine-data,98,98,0,0,
New Zealand,2021-02-21,Pfizer/BioNTech,https://www.health.govt.nz/our-work/diseases-and-conditions/covid-19-novel-coronavirus/covid-19-data-and-statistics/covid-19-vaccine-data,168,167,1,0,
New Zealand,2021-02-22,Pfizer/BioNTech,https://www.health.govt.nz/our-work/diseases-and-conditions/covid-19-novel-coronavirus/covid-19-data-and-statistics/covid-19-vaccine-data,616,615,1,0,
New Zealand,2021-02-23,Pfizer/BioNTech,https://www.health.govt.nz/our-work/diseases-and-conditions/covid-19-novel-coronavirus/covid-19-data-and-statistics/covid-19-vaccine-data,973,972,1,0,
New Zealand,2021-02-24,Pfizer/BioNTech,https://www.health.govt.nz/our-work/diseases-and-conditions/covid-19-novel-coronavirus/covid-19-data-and-statistics/covid-19-vaccine-data,1786,1785,1,0,
New Zealand,2021-02-25,Pfizer/BioNTech,https://www.health.govt.nz/our-work/diseases-and-conditions/covid-19-novel-coronavirus/covid-19-data-and-statistics/covid-19-vaccine-data,2886,2885,1,0,
New Zealand,2021-02-26,Pfizer/BioNTech,https://www.health.govt.nz/our-work/diseases-and-conditions/covid-19-novel-coronavirus/covid-19-data-and-statistics/covid-19-vaccine-data,4490,4489,1,0,
New Zealand,2021-02-27,Pfizer/BioNTech,https://www.health.govt.nz/our-work/diseases-and-conditions/covid-19-novel-coronavirus/covid-19-data-and-statistics/covid-19-vaccine-data,5828,5827,1,0,
New Zealand,2021-02-28,Pfizer/BioNTech,https://www.health.govt.nz/our-work/diseases-and-conditions/covid-19-novel-coronavirus/covid-19-data-and-statistics/covid-19-vaccine-data,6713,6712,1,0,
New Zealand,2021-03-01,Pfizer/BioNTech,https://www.health.govt.nz/our-work/diseases-and-conditions/covid-19-novel-coronavirus/covid-19-data-and-statistics/covid-19-vaccine-data,8123,8122,1,0,
New Zealand,2021-03-02,Pfizer/BioNTech,https://www.health.govt.nz/our-work/diseases-and-conditions/covid-19-novel-coronavirus/covid-19-data-and-statistics/covid-19-vaccine-data,9608,9607,1,0,
New Zealand,2021-03-03,Pfizer/BioNTech,https://www.health.govt.nz/our-work/diseases-and-conditions/covid-19-novel-coronavirus/covid-19-data-and-statistics/covid-19-vaccine-data,11587,11586,1,0,
New Zealand,2021-03-04,Pfizer/BioNTech,https://www.health.govt.nz/our-work/diseases-and-conditions/covid-19-novel-coronavirus/covid-19-data-and-statistics/covid-19-vaccine-data,13221,13220,1,0,
New Zealand,2021-03-05,Pfizer/BioNTech,https://www.health.govt.nz/our-work/diseases-and-conditions/covid-19-novel-coronavirus/covid-19-data-and-statistics/covid-19-vaccine-data,14501,14498,3,0,
New Zealand,2021-03-06,Pfizer/BioNTech,https://www.health.govt.nz/our-work/diseases-and-conditions/covid-19-novel-coronavirus/covid-19-data-and-statistics/covid-19-vaccine-data,15105,15101,4,0,
New Zealand,2021-03-07,Pfizer/BioNTech,https://www.health.govt.nz/our-work/diseases-and-conditions/covid-19-novel-coronavirus/covid-19-data-and-statistics/covid-19-vaccine-data,15616,15612,4,0,
New Zealand,2021-03-08,Pfizer/BioNTech,https://www.health.govt.nz/our-work/diseases-and-conditions/covid-19-novel-coronavirus/covid-19-data-and-statistics/covid-19-vaccine-data,16689,16685,4,0,
New Zealand,2021-03-09,Pfizer/BioNTech,https://www.health.govt.nz/our-work/diseases-and-conditions/covid-19-novel-coronavirus/covid-19-data-and-statistics/covid-19-vaccine-data,18113,18109,4,0,
New Zealand,2021-03-10,Pfizer/BioNTech,https://www.health.govt.nz/our-work/diseases-and-conditions/covid-19-novel-coronavirus/covid-19-data-and-statistics/covid-19-vaccine-data,19429,19425,4,0,
New Zealand,2021-03-11,Pfizer/BioNTech,https://www.health.govt.nz/our-work/diseases-and-conditions/covid-19-novel-coronavirus/covid-19-data-and-statistics/covid-19-vaccine-data,20763,20759,4,0,
New Zealand,2021-03-12,Pfizer/BioNTech,https://www.health.govt.nz/our-work/diseases-and-conditions/covid-19-novel-coronavirus/covid-19-data-and-statistics/covid-19-vaccine-data,21812,21802,10,0,
New Zealand,2021-03-13,Pfizer/BioNTech,https://www.health.govt.nz/our-work/diseases-and-conditions/covid-19-novel-coronavirus/covid-19-data-and-statistics/covid-19-vaccine-data,22569,22553,16,0,
New Zealand,2021-03-14,Pfizer/BioNTech,https://www.health.govt.nz/our-work/diseases-and-conditions/covid-19-novel-coronavirus/covid-19-data-and-statistics/covid-19-vaccine-data,23160,23130,30,0,
New Zealand,2021-03-15,Pfizer/BioNTech,https://www.health.govt.nz/our-work/diseases-and-conditions/covid-19-novel-coronavirus/covid-19-data-and-statistics/covid-19-vaccine-data,25041,24744,297,0,
New Zealand,2021-03-16,Pfizer/BioNTech,https://www.health.govt.nz/our-work/diseases-and-conditions/covid-19-novel-coronavirus/covid-19-data-and-statistics/covid-19-vaccine-data,27203,26673,530,0,
New Zealand,2021-03-17,Pfizer/BioNTech,https://www.health.govt.nz/our-work/diseases-and-conditions/covid-19-novel-coronavirus/covid-19-data-and-statistics/covid-19-vaccine-data,29211,28316,895,0,
New Zealand,2021-03-18,Pfizer/BioNTech,https://www.health.govt.nz/our-work/diseases-and-conditions/covid-19-novel-coronavirus/covid-19-data-and-statistics/covid-19-vaccine-data,31279,29910,1369,0,
New Zealand,2021-03-19,Pfizer/BioNTech,https://www.health.govt.nz/our-work/diseases-and-conditions/covid-19-novel-coronavirus/covid-19-data-and-statistics/covid-19-vaccine-data,33744,31602,2142,0,
New Zealand,2021-03-20,Pfizer/BioNTech,https://www.health.govt.nz/our-work/diseases-and-conditions/covid-19-novel-coronavirus/covid-19-data-and-statistics/covid-19-vaccine-data,35016,32158,2858,0,
New Zealand,2021-03-21,Pfizer/BioNTech,https://www.health.govt.nz/our-work/diseases-and-conditions/covid-19-novel-coronavirus/covid-19-data-and-statistics/covid-19-vaccine-data,36605,33101,3504,0,
New Zealand,2021-03-22,Pfizer/BioNTech,https://www.health.govt.nz/our-work/diseases-and-conditions/covid-19-novel-coronavirus/covid-19-data-and-statistics/covid-19-vaccine-data,38861,34137,4724,0,
New Zealand,2021-03-23,Pfizer/BioNTech,https://www.health.govt.nz/our-work/diseases-and-conditions/covid-19-novel-coronavirus/covid-19-data-and-statistics/covid-19-vaccine-data,41557,35726,5831,0,
New Zealand,2021-03-24,Pfizer/BioNTech,https://www.health.govt.nz/our-work/diseases-and-conditions/covid-19-novel-coronavirus/covid-19-data-and-statistics/covid-19-vaccine-data,45114,37696,7417,1,
New Zealand,2021-03-25,Pfizer/BioNTech,https://www.health.govt.nz/our-work/diseases-and-conditions/covid-19-novel-coronavirus/covid-19-data-and-statistics/covid-19-vaccine-data,48470,39517,8952,1,
New Zealand,2021-03-26,Pfizer/BioNTech,https://www.health.govt.nz/our-work/diseases-and-conditions/covid-19-novel-coronavirus/covid-19-data-and-statistics/covid-19-vaccine-data,53140,42896,10243,1,
New Zealand,2021-03-27,Pfizer/BioNTech,https://www.health.govt.nz/our-work/diseases-and-conditions/covid-19-novel-coronavirus/covid-19-data-and-statistics/covid-19-vaccine-data,55173,44056,11116,1,
New Zealand,2021-03-28,Pfizer/BioNTech,https://www.health.govt.nz/our-work/diseases-and-conditions/covid-19-novel-coronavirus/covid-19-data-and-statistics/covid-19-vaccine-data,56349,44741,11607,1,
New Zealand,2021-03-29,Pfizer/BioNTech,https://www.health.govt.nz/our-work/diseases-and-conditions/covid-19-novel-coronavirus/covid-19-data-and-statistics/covid-19-vaccine-data,61286,48549,12736,1,
New Zealand,2021-03-30,Pfizer/BioNTech,https://www.health.govt.nz/our-work/diseases-and-conditions/covid-19-novel-coronavirus/covid-19-data-and-statistics/covid-19-vaccine-data,66955,52716,14238,1,
New Zealand,2021-03-31,Pfizer/BioNTech,https://www.health.govt.nz/our-work/diseases-and-conditions/covid-19-novel-coronavirus/covid-19-data-and-statistics/covid-19-vaccine-data,73756,58169,15586,1,
New Zealand,2021-04-01,Pfizer/BioNTech,https://www.health.govt.nz/our-work/diseases-and-conditions/covid-19-novel-coronavirus/covid-19-data-and-statistics/covid-19-vaccine-data,80211,63371,16839,1,
New Zealand,2021-04-02,Pfizer/BioNTech,https://www.health.govt.nz/our-work/diseases-and-conditions/covid-19-novel-coronavirus/covid-19-data-and-statistics/covid-19-vaccine-data,82231,65096,17134,1,
New Zealand,2021-04-03,Pfizer/BioNTech,https://www.health.govt.nz/our-work/diseases-and-conditions/covid-19-novel-coronavirus/covid-19-data-and-statistics/covid-19-vaccine-data,83979,66509,17469,1,
New Zealand,2021-04-04,Pfizer/BioNTech,https://www.health.govt.nz/our-work/diseases-and-conditions/covid-19-novel-coronavirus/covid-19-data-and-statistics/covid-19-vaccine-data,84935,67269,17665,1,
New Zealand,2021-04-05,Pfizer/BioNTech,https://www.health.govt.nz/our-work/diseases-and-conditions/covid-19-novel-coronavirus/covid-19-data-and-statistics/covid-19-vaccine-data,86149,68192,17956,1,
New Zealand,2021-04-06,Pfizer/BioNTech,https://www.health.govt.nz/our-work/diseases-and-conditions/covid-19-novel-coronavirus/covid-19-data-and-statistics/covid-19-vaccine-data,91111,71712,19398,1,
New Zealand,2021-04-07,Pfizer/BioNTech,https://www.health.govt.nz/our-work/diseases-and-conditions/covid-19-novel-coronavirus/covid-19-data-and-statistics/covid-19-vaccine-data,98384,76836,21547,1,
New Zealand,2021-04-08,Pfizer/BioNTech,https://www.health.govt.nz/our-work/diseases-and-conditions/covid-19-novel-coronavirus/covid-19-data-and-statistics/covid-19-vaccine-data,106616,83302,23313,1,
New Zealand,2021-04-09,Pfizer/BioNTech,https://www.health.govt.nz/our-work/diseases-and-conditions/covid-19-novel-coronavirus/covid-19-data-and-statistics/covid-19-vaccine-data,113974,88726,25247,1,
New Zealand,2021-04-10,Pfizer/BioNTech,https://www.health.govt.nz/our-work/diseases-and-conditions/covid-19-novel-coronavirus/covid-19-data-and-statistics/covid-19-vaccine-data,117933,91993,25939,1,
New Zealand,2021-04-11,Pfizer/BioNTech,https://www.health.govt.nz/our-work/diseases-and-conditions/covid-19-novel-coronavirus/covid-19-data-and-statistics/covid-19-vaccine-data,121493,94472,27020,1,
New Zealand,2021-04-12,Pfizer/BioNTech,https://www.health.govt.nz/our-work/diseases-and-conditions/covid-19-novel-coronavirus/covid-19-data-and-statistics/covid-19-vaccine-data,129264,100519,28744,1,
New Zealand,2021-04-13,Pfizer/BioNTech,https://www.health.govt.nz/our-work/diseases-and-conditions/covid-19-novel-coronavirus/covid-19-data-and-statistics/covid-19-vaccine-data,137706,107332,30372,2,
New Zealand,2021-04-14,Pfizer/BioNTech,https://www.health.govt.nz/our-work/diseases-and-conditions/covid-19-novel-coronavirus/covid-19-data-and-statistics/covid-19-vaccine-data,145863,113965,31896,2,
New Zealand,2021-04-15,Pfizer/BioNTech,https://www.health.govt.nz/our-work/diseases-and-conditions/covid-19-novel-coronavirus/covid-19-data-and-statistics/covid-19-vaccine-data,154597,120855,33740,2,
New Zealand,2021-04-16,Pfizer/BioNTech,https://www.health.govt.nz/our-work/diseases-and-conditions/covid-19-novel-coronavirus/covid-19-data-and-statistics/covid-19-vaccine-data,164100,127722,36376,2,
New Zealand,2021-04-17,Pfizer/BioNTech,https://www.health.govt.nz/our-work/diseases-and-conditions/covid-19-novel-coronavirus/covid-19-data-and-statistics/covid-19-vaccine-data,169151,131617,37532,2,
New Zealand,2021-04-18,Pfizer/BioNTech,https://www.health.govt.nz/our-work/diseases-and-conditions/covid-19-novel-coronavirus/covid-19-data-and-statistics/covid-19-vaccine-data,171223,133097,38124,2,
New Zealand,2021-04-19,Pfizer/BioNTech,https://www.health.govt.nz/our-work/diseases-and-conditions/covid-19-novel-coronavirus/covid-19-data-and-statistics/covid-19-vaccine-data,178355,138192,40161,2,
New Zealand,2021-04-20,Pfizer/BioNTech,https://www.health.govt.nz/our-work/diseases-and-conditions/covid-19-novel-coronavirus/covid-19-data-and-statistics/covid-19-vaccine-data,187439,144289,43148,2,
New Zealand,2021-04-21,Pfizer/BioNTech,https://www.health.govt.nz/our-work/diseases-and-conditions/covid-19-novel-coronavirus/covid-19-data-and-statistics/covid-19-vaccine-data,197625,151045,46578,2,
New Zealand,2021-04-22,Pfizer/BioNTech,https://www.health.govt.nz/our-work/diseases-and-conditions/covid-19-novel-coronavirus/covid-19-data-and-statistics/covid-19-vaccine-data,208046,157584,50460,2,
New Zealand,2021-04-23,Pfizer/BioNTech,https://www.health.govt.nz/our-work/diseases-and-conditions/covid-19-novel-coronavirus/covid-19-data-and-statistics/covid-19-vaccine-data,219742,165732,54008,2,
New Zealand,2021-04-24,Pfizer/BioNTech,https://www.health.govt.nz/our-work/diseases-and-conditions/covid-19-novel-coronavirus/covid-19-data-and-statistics/covid-19-vaccine-data,224399,169007,55390,2,
New Zealand,2021-04-25,Pfizer/BioNTech,https://www.health.govt.nz/our-work/diseases-and-conditions/covid-19-novel-coronavirus/covid-19-data-and-statistics/covid-19-vaccine-data,226780,170479,56299,2,
New Zealand,2021-04-26,Pfizer/BioNTech,https://www.health.govt.nz/our-work/diseases-and-conditions/covid-19-novel-coronavirus/covid-19-data-and-statistics/covid-19-vaccine-data,229031,171868,57161,2,
New Zealand,2021-04-27,Pfizer/BioNTech,https://www.health.govt.nz/our-work/diseases-and-conditions/covid-19-novel-coronavirus/covid-19-data-and-statistics/covid-19-vaccine-data,239043,178669,60372,2,
New Zealand,2021-04-28,Pfizer/BioNTech,https://www.health.govt.nz/our-work/diseases-and-conditions/covid-19-novel-coronavirus/covid-19-data-and-statistics/covid-19-vaccine-data,250021,185974,64045,2,
New Zealand,2021-04-29,Pfizer/BioNTech,https://www.health.govt.nz/our-work/diseases-and-conditions/covid-19-novel-coronavirus/covid-19-data-and-statistics/covid-19-vaccine-data,262509,193504,69003,2,
New Zealand,2021-04-30,Pfizer/BioNTech,https://www.health.govt.nz/our-work/diseases-and-conditions/covid-19-novel-coronavirus/covid-19-data-and-statistics/covid-19-vaccine-data,275917,201879,74036,2,
New Zealand,2021-05-01,Pfizer/BioNTech,https://www.health.govt.nz/our-work/diseases-and-conditions/covid-19-novel-coronavirus/covid-19-data-and-statistics/covid-19-vaccine-data,281400,205370,76028,2,
New Zealand,2021-05-02,Pfizer/BioNTech,https://www.health.govt.nz/our-work/diseases-and-conditions/covid-19-novel-coronavirus/covid-19-data-and-statistics/covid-19-vaccine-data,284944,206994,77948,2,
New Zealand,2021-05-03,Pfizer/BioNTech,https://www.health.govt.nz/our-work/diseases-and-conditions/covid-19-novel-coronavirus/covid-19-data-and-statistics/covid-19-vaccine-data,295687,213247,82438,2,
New Zealand,2021-05-04,Pfizer/BioNTech,https://www.health.govt.nz/our-work/diseases-and-conditions/covid-19-novel-coronavirus/covid-19-data-and-statistics/covid-19-vaccine-data,309334,221591,87741,2,
New Zealand,2021-05-05,Pfizer/BioNTech,https://www.health.govt.nz/our-work/diseases-and-conditions/covid-19-novel-coronavirus/covid-19-data-and-statistics/covid-19-vaccine-data,324103,230801,93300,2,
New Zealand,2021-05-06,Pfizer/BioNTech,https://www.health.govt.nz/our-work/diseases-and-conditions/covid-19-novel-coronavirus/covid-19-data-and-statistics/covid-19-vaccine-data,339135,240003,99130,2,
New Zealand,2021-05-07,Pfizer/BioNTech,https://www.health.govt.nz/our-work/diseases-and-conditions/covid-19-novel-coronavirus/covid-19-data-and-statistics/covid-19-vaccine-data,356025,250136,105887,2,
New Zealand,2021-05-08,Pfizer/BioNTech,https://www.health.govt.nz/our-work/diseases-and-conditions/covid-19-novel-coronavirus/covid-19-data-and-statistics/covid-19-vaccine-data,363280,254535,108743,2,
New Zealand,2021-05-09,Pfizer/BioNTech,https://www.health.govt.nz/our-work/diseases-and-conditions/covid-19-novel-coronavirus/covid-19-data-and-statistics/covid-19-vaccine-data,366630,256269,110359,2,
New Zealand,2021-05-10,Pfizer/BioNTech,https://www.health.govt.nz/our-work/diseases-and-conditions/covid-19-novel-coronavirus/covid-19-data-and-statistics/covid-19-vaccine-data,378633,263151,115480,2,
New Zealand,2021-05-11,Pfizer/BioNTech,https://www.health.govt.nz/our-work/diseases-and-conditions/covid-19-novel-coronavirus/covid-19-data-and-statistics/covid-19-vaccine-data,393762,272379,121381,2,
New Zealand,2021-05-12,Pfizer/BioNTech,https://www.health.govt.nz/our-work/diseases-and-conditions/covid-19-novel-coronavirus/covid-19-data-and-statistics/covid-19-vaccine-data,409058,281901,127154,3,
New Zealand,2021-05-13,Pfizer/BioNTech,https://www.health.govt.nz/our-work/diseases-and-conditions/covid-19-novel-coronavirus/covid-19-data-and-statistics/covid-19-vaccine-data,424855,291679,133173,3,
New Zealand,2021-05-14,Pfizer/BioNTech,https://www.health.govt.nz/our-work/diseases-and-conditions/covid-19-novel-coronavirus/covid-19-data-and-statistics/covid-19-vaccine-data,440931,300639,140289,3,
New Zealand,2021-05-15,Pfizer/BioNTech,https://www.health.govt.nz/our-work/diseases-and-conditions/covid-19-novel-coronavirus/covid-19-data-and-statistics/covid-19-vaccine-data,447168,304058,143107,3,
New Zealand,2021-05-16,Pfizer/BioNTech,https://www.health.govt.nz/our-work/diseases-and-conditions/covid-19-novel-coronavirus/covid-19-data-and-statistics/covid-19-vaccine-data,451390,306473,144914,3,
New Zealand,2021-05-17,Pfizer/BioNTech,https://www.health.govt.nz/our-work/diseases-and-conditions/covid-19-novel-coronavirus/covid-19-data-and-statistics/covid-19-vaccine-data,462445,313769,148673,3,
New Zealand,2021-05-18,Pfizer/BioNTech,https://www.health.govt.nz/our-work/diseases-and-conditions/covid-19-novel-coronavirus/covid-19-data-and-statistics/covid-19-vaccine-data,477240,323046,154191,3,
New Zealand,2021-05-19,Pfizer/BioNTech,https://www.health.govt.nz/our-work/diseases-and-conditions/covid-19-novel-coronavirus/covid-19-data-and-statistics/covid-19-vaccine-data,492700,332102,160594,4,
New Zealand,2021-05-20,Pfizer/BioNTech,https://www.health.govt.nz/our-work/diseases-and-conditions/covid-19-novel-coronavirus/covid-19-data-and-statistics/covid-19-vaccine-data,508183,340830,167348,5,
New Zealand,2021-05-21,Pfizer/BioNTech,https://www.health.govt.nz/our-work/diseases-and-conditions/covid-19-novel-coronavirus/covid-19-data-and-statistics/covid-19-vaccine-data,523749,349095,174649,5,
New Zealand,2021-05-22,Pfizer/BioNTech,https://www.health.govt.nz/our-work/diseases-and-conditions/covid-19-novel-coronavirus/covid-19-data-and-statistics/covid-19-vaccine-data,531723,353502,178216,5,
New Zealand,2021-05-23,Pfizer/BioNTech,https://www.health.govt.nz/our-work/diseases-and-conditions/covid-19-novel-coronavirus/covid-19-data-and-statistics/covid-19-vaccine-data,535534,355767,179760,7,
New Zealand,2021-05-24,Pfizer/BioNTech,https://www.health.govt.nz/our-work/diseases-and-conditions/covid-19-novel-coronavirus/covid-19-data-and-statistics/covid-19-vaccine-data,548540,362997,185536,7,
New Zealand,2021-05-25,Pfizer/BioNTech,https://www.health.govt.nz/our-work/diseases-and-conditions/covid-19-novel-coronavirus/covid-19-data-and-statistics/covid-19-vaccine-data,565861,372836,193018,7,
New Zealand,2021-05-26,Pfizer/BioNTech,https://www.health.govt.nz/our-work/diseases-and-conditions/covid-19-novel-coronavirus/covid-19-data-and-statistics/covid-19-vaccine-data,584590,383795,200788,7,
New Zealand,2021-05-27,Pfizer/BioNTech,https://www.health.govt.nz/our-work/diseases-and-conditions/covid-19-novel-coronavirus/covid-19-data-and-statistics/covid-19-vaccine-data,601487,393660,207819,8,
New Zealand,2021-05-28,Pfizer/BioNTech,https://www.health.govt.nz/our-work/diseases-and-conditions/covid-19-novel-coronavirus/covid-19-data-and-statistics/covid-19-vaccine-data,622192,404486,217698,8,
New Zealand,2021-05-29,Pfizer/BioNTech,https://www.health.govt.nz/our-work/diseases-and-conditions/covid-19-novel-coronavirus/covid-19-data-and-statistics/covid-19-vaccine-data,632429,410427,221994,8,
New Zealand,2021-05-30,Pfizer/BioNTech,https://www.health.govt.nz/our-work/diseases-and-conditions/covid-19-novel-coronavirus/covid-19-data-and-statistics/covid-19-vaccine-data,637634,413748,223878,8,
New Zealand,2021-05-31,Pfizer/BioNTech,https://www.health.govt.nz/our-work/diseases-and-conditions/covid-19-novel-coronavirus/covid-19-data-and-statistics/covid-19-vaccine-data,652105,422650,229446,9,
New Zealand,2021-06-01,Pfizer/BioNTech,https://www.health.govt.nz/our-work/diseases-and-conditions/covid-19-novel-coronavirus/covid-19-data-and-statistics/covid-19-vaccine-data,672050,434668,237372,10,
New Zealand,2021-06-02,Pfizer/BioNTech,https://www.health.govt.nz/our-work/diseases-and-conditions/covid-19-novel-coronavirus/covid-19-data-and-statistics/covid-19-vaccine-data,693028,447226,245791,11,
New Zealand,2021-06-03,Pfizer/BioNTech,https://www.health.govt.nz/our-work/diseases-and-conditions/covid-19-novel-coronavirus/covid-19-data-and-statistics/covid-19-vaccine-data,716202,461362,254827,13,
New Zealand,2021-06-04,Pfizer/BioNTech,https://www.health.govt.nz/our-work/diseases-and-conditions/covid-19-novel-coronavirus/covid-19-data-and-statistics/covid-19-vaccine-data,736659,473461,263185,13,
New Zealand,2021-06-05,Pfizer/BioNTech,https://www.health.govt.nz/our-work/diseases-and-conditions/covid-19-novel-coronavirus/covid-19-data-and-statistics/covid-19-vaccine-data,746210,479661,266536,13,
New Zealand,2021-06-06,Pfizer/BioNTech,https://www.health.govt.nz/our-work/diseases-and-conditions/covid-19-novel-coronavirus/covid-19-data-and-statistics/covid-19-vaccine-data,751428,483195,268220,13,
New Zealand,2021-06-07,Pfizer/BioNTech,https://www.health.govt.nz/our-work/diseases-and-conditions/covid-19-novel-coronavirus/covid-19-data-and-statistics/covid-19-vaccine-data,756738,487132,269593,13,
New Zealand,2021-06-08,Pfizer/BioNTech,https://www.health.govt.nz/our-work/diseases-and-conditions/covid-19-novel-coronavirus/covid-19-data-and-statistics/covid-19-vaccine-data,778596,500231,278352,13,
New Zealand,2021-06-09,Pfizer/BioNTech,https://www.health.govt.nz/our-work/diseases-and-conditions/covid-19-novel-coronavirus/covid-19-data-and-statistics/covid-19-vaccine-data,790028,507342,282672,14,
New Zealand,2021-06-10,Pfizer/BioNTech,https://www.health.govt.nz/our-work/diseases-and-conditions/covid-19-novel-coronavirus/covid-19-data-and-statistics/covid-19-vaccine-data,813447,521284,292149,14,
New Zealand,2021-06-11,Pfizer/BioNTech,https://www.health.govt.nz/our-work/diseases-and-conditions/covid-19-novel-coronavirus/covid-19-data-and-statistics/covid-19-vaccine-data,835018,533264,301740,14,
New Zealand,2021-06-12,Pfizer/BioNTech,https://www.health.govt.nz/our-work/diseases-and-conditions/covid-19-novel-coronavirus/covid-19-data-and-statistics/covid-19-vaccine-data,846962,540713,306235,14,
New Zealand,2021-06-13,Pfizer/BioNTech,https://www.health.govt.nz/our-work/diseases-and-conditions/covid-19-novel-coronavirus/covid-19-data-and-statistics/covid-19-vaccine-data,854275,545118,309141,16,
New Zealand,2021-06-14,Pfizer/BioNTech,https://www.health.govt.nz/our-work/diseases-and-conditions/covid-19-novel-coronavirus/covid-19-data-and-statistics/covid-19-vaccine-data,872193,555472,316705,16,
New Zealand,2021-06-15,Pfizer/BioNTech,https://www.health.govt.nz/our-work/diseases-and-conditions/covid-19-novel-coronavirus/covid-19-data-and-statistics/covid-19-vaccine-data,894433,568551,325865,17,
New Zealand,2021-06-16,Pfizer/BioNTech,https://www.health.govt.nz/our-work/diseases-and-conditions/covid-19-novel-coronavirus/covid-19-data-and-statistics/covid-19-vaccine-data,918867,582952,335898,17,
New Zealand,2021-06-17,Pfizer/BioNTech,https://www.health.govt.nz/our-work/diseases-and-conditions/covid-19-novel-coronavirus/covid-19-data-and-statistics/covid-19-vaccine-data,942161,595936,346208,17,
New Zealand,2021-06-18,Pfizer/BioNTech,https://www.health.govt.nz/our-work/diseases-and-conditions/covid-19-novel-coronavirus/covid-19-data-and-statistics/covid-19-vaccine-data,962984,607295,355672,17,
New Zealand,2021-06-19,Pfizer/BioNTech,https://www.health.govt.nz/our-work/diseases-and-conditions/covid-19-novel-coronavirus/covid-19-data-and-statistics/covid-19-vaccine-data,975275,614678,360580,17,
New Zealand,2021-06-20,Pfizer/BioNTech,https://www.health.govt.nz/our-work/diseases-and-conditions/covid-19-novel-coronavirus/covid-19-data-and-statistics/covid-19-vaccine-data,982586,618641,363928,17,
New Zealand,2021-06-21,Pfizer/BioNTech,https://www.health.govt.nz/our-work/diseases-and-conditions/covid-19-novel-coronavirus/covid-19-data-and-statistics/covid-19-vaccine-data,1000103,627709,372377,17,
New Zealand,2021-06-22,Pfizer/BioNTech,https://www.health.govt.nz/our-work/diseases-and-conditions/covid-19-novel-coronavirus/covid-19-data-and-statistics/covid-19-vaccine-data,1022840,639157,383666,17,
New Zealand,2021-06-23,Pfizer/BioNTech,https://www.health.govt.nz/our-work/diseases-and-conditions/covid-19-novel-coronavirus/covid-19-data-and-statistics/covid-19-vaccine-data,1047848,652269,395562,17,
New Zealand,2021-06-24,Pfizer/BioNTech,https://www.health.govt.nz/our-work/diseases-and-conditions/covid-19-novel-coronavirus/covid-19-data-and-statistics/covid-19-vaccine-data,1072286,663708,408560,18,
New Zealand,2021-06-25,Pfizer/BioNTech,https://www.health.govt.nz/our-work/diseases-and-conditions/covid-19-novel-coronavirus/covid-19-data-and-statistics/covid-19-vaccine-data,1094029,673731,420280,18,
New Zealand,2021-06-26,Pfizer/BioNTech,https://www.health.govt.nz/our-work/diseases-and-conditions/covid-19-novel-coronavirus/covid-19-data-and-statistics/covid-19-vaccine-data,1108674,682088,426568,18,
New Zealand,2021-06-27,Pfizer/BioNTech,https://www.health.govt.nz/our-work/diseases-and-conditions/covid-19-novel-coronavirus/covid-19-data-and-statistics/covid-19-vaccine-data,1115711,685680,430013,18,
New Zealand,2021-06-28,Pfizer/BioNTech,https://www.health.govt.nz/our-work/diseases-and-conditions/covid-19-novel-coronavirus/covid-19-data-and-statistics/covid-19-vaccine-data,1132097,695607,436472,18,
New Zealand,2021-06-29,Pfizer/BioNTech,https://www.health.govt.nz/our-work/diseases-and-conditions/covid-19-novel-coronavirus/covid-19-data-and-statistics/covid-19-vaccine-data,1153076,706539,446519,18,
New Zealand,2021-06-30,Pfizer/BioNTech,https://www.health.govt.nz/our-work/diseases-and-conditions/covid-19-novel-coronavirus/covid-19-data-and-statistics/covid-19-vaccine-data,1175975,719479,456478,18,
New Zealand,2021-07-01,Pfizer/BioNTech,https://www.health.govt.nz/our-work/diseases-and-conditions/covid-19-novel-coronavirus/covid-19-data-and-statistics/covid-19-vaccine-data,1198938,732584,466336,18,
New Zealand,2021-07-02,Pfizer/BioNTech,https://www.health.govt.nz/our-work/diseases-and-conditions/covid-19-novel-coronavirus/covid-19-data-and-statistics/covid-19-vaccine-data,1219025,742354,476653,18,
New Zealand,2021-07-03,Pfizer/BioNTech,https://www.health.govt.nz/our-work/diseases-and-conditions/covid-19-novel-coronavirus/covid-19-data-and-statistics/covid-19-vaccine-data,1231744,749741,481985,18,
New Zealand,2021-07-04,Pfizer/BioNTech,https://www.health.govt.nz/our-work/diseases-and-conditions/covid-19-novel-coronavirus/covid-19-data-and-statistics/covid-19-vaccine-data,1238161,753232,484911,18,
New Zealand,2021-07-05,Pfizer/BioNTech,https://www.health.govt.nz/our-work/diseases-and-conditions/covid-19-novel-coronavirus/covid-19-data-and-statistics/covid-19-vaccine-data,1253913,761013,492882,18,
New Zealand,2021-07-06,Pfizer/BioNTech,https://www.health.govt.nz/our-work/diseases-and-conditions/covid-19-novel-coronavirus/covid-19-data-and-statistics/covid-19-vaccine-data,1274840,770604,504217,19,
New Zealand,2021-07-07,Pfizer/BioNTech,https://www.health.govt.nz/our-work/diseases-and-conditions/covid-19-novel-coronavirus/covid-19-data-and-statistics/covid-19-vaccine-data,1298000,781888,516093,19,
New Zealand,2021-07-08,Pfizer/BioNTech,https://www.health.govt.nz/our-work/diseases-and-conditions/covid-19-novel-coronavirus/covid-19-data-and-statistics/covid-19-vaccine-data,1322617,794603,527994,20,
New Zealand,2021-07-09,Pfizer/BioNTech,https://www.health.govt.nz/our-work/diseases-and-conditions/covid-19-novel-coronavirus/covid-19-data-and-statistics/covid-19-vaccine-data,1344226,805689,538517,20,
New Zealand,2021-07-10,Pfizer/BioNTech,https://www.health.govt.nz/our-work/diseases-and-conditions/covid-19-novel-coronavirus/covid-19-data-and-statistics/covid-19-vaccine-data,1360040,815015,545005,20,
New Zealand,2021-07-11,Pfizer/BioNTech,https://www.health.govt.nz/our-work/diseases-and-conditions/covid-19-novel-coronavirus/covid-19-data-and-statistics/covid-19-vaccine-data,1367678,819410,548248,20,
New Zealand,2021-07-12,Pfizer/BioNTech,https://www.health.govt.nz/our-work/diseases-and-conditions/covid-19-novel-coronavirus/covid-19-data-and-statistics/covid-19-vaccine-data,1385356,828968,556368,20,
New Zealand,2021-07-13,Pfizer/BioNTech,https://www.health.govt.nz/our-work/diseases-and-conditions/covid-19-novel-coronavirus/covid-19-data-and-statistics/covid-19-vaccine-data,1407915,841036,566858,21,
New Zealand,2021-07-14,Pfizer/BioNTech,https://www.health.govt.nz/our-work/diseases-and-conditions/covid-19-novel-coronavirus/covid-19-data-and-statistics/covid-19-vaccine-data,1432790,854458,578311,21,
New Zealand,2021-07-15,Pfizer/BioNTech,https://www.health.govt.nz/our-work/diseases-and-conditions/covid-19-novel-coronavirus/covid-19-data-and-statistics/covid-19-vaccine-data,1456571,867323,589226,22,
New Zealand,2021-07-16,Pfizer/BioNTech,https://www.health.govt.nz/our-work/diseases-and-conditions/covid-19-novel-coronavirus/covid-19-data-and-statistics/covid-19-vaccine-data,1478432,879263,599147,22,
New Zealand,2021-07-17,Pfizer/BioNTech,https://www.health.govt.nz/our-work/diseases-and-conditions/covid-19-novel-coronavirus/covid-19-data-and-statistics/covid-19-vaccine-data,1494973,888721,606230,22,
New Zealand,2021-07-18,Pfizer/BioNTech,https://www.health.govt.nz/our-work/diseases-and-conditions/covid-19-novel-coronavirus/covid-19-data-and-statistics/covid-19-vaccine-data,1503704,894377,609305,22,
New Zealand,2021-07-19,Pfizer/BioNTech,https://www.health.govt.nz/our-work/diseases-and-conditions/covid-19-novel-coronavirus/covid-19-data-and-statistics/covid-19-vaccine-data,1526049,907534,618493,22,
New Zealand,2021-07-20,Pfizer/BioNTech,https://www.health.govt.nz/our-work/diseases-and-conditions/covid-19-novel-coronavirus/covid-19-data-and-statistics/covid-19-vaccine-data,1556737,926294,630420,23,
New Zealand,2021-07-21,Pfizer/BioNTech,https://www.health.govt.nz/our-work/diseases-and-conditions/covid-19-novel-coronavirus/covid-19-data-and-statistics/covid-19-vaccine-data,1590735,947102,643610,23,
New Zealand,2021-07-22,Pfizer/BioNTech,https://www.health.govt.nz/our-work/diseases-and-conditions/covid-19-novel-coronavirus/covid-19-data-and-statistics/covid-19-vaccine-data,1623097,966940,656134,23,
New Zealand,2021-07-23,Pfizer/BioNTech,https://www.health.govt.nz/our-work/diseases-and-conditions/covid-19-novel-coronavirus/covid-19-data-and-statistics/covid-19-vaccine-data,1654183,986707,667453,23,
New Zealand,2021-07-24,Pfizer/BioNTech,https://www.health.govt.nz/our-work/diseases-and-conditions/covid-19-novel-coronavirus/covid-19-data-and-statistics/covid-19-vaccine-data,1679034,1003820,675191,23,
New Zealand,2021-07-25,Pfizer/BioNTech,https://www.health.govt.nz/our-work/diseases-and-conditions/covid-19-novel-coronavirus/covid-19-data-and-statistics/covid-19-vaccine-data,1693022,1012874,680125,23,
New Zealand,2021-07-26,Pfizer/BioNTech,https://www.health.govt.nz/our-work/diseases-and-conditions/covid-19-novel-coronavirus/covid-19-data-and-statistics/covid-19-vaccine-data,1723560,1033429,690107,24,
New Zealand,2021-07-27,Pfizer/BioNTech,https://www.health.govt.nz/our-work/diseases-and-conditions/covid-19-novel-coronavirus/covid-19-data-and-statistics/covid-19-vaccine-data,1762554,1061040,701490,24,
New Zealand,2021-07-28,Pfizer/BioNTech,https://www.health.govt.nz/our-work/diseases-and-conditions/covid-19-novel-coronavirus/covid-19-data-and-statistics/covid-19-vaccine-data,1804160,1090470,713666,24,
New Zealand,2021-07-29,Pfizer/BioNTech,https://www.health.govt.nz/our-work/diseases-and-conditions/covid-19-novel-coronavirus/covid-19-data-and-statistics/covid-19-vaccine-data,1844393,1118706,725662,25,
New Zealand,2021-07-30,Pfizer/BioNTech,https://www.health.govt.nz/our-work/diseases-and-conditions/covid-19-novel-coronavirus/covid-19-data-and-statistics/covid-19-vaccine-data,1886569,1150230,736313,26,
New Zealand,2021-07-31,Pfizer/BioNTech,https://www.health.govt.nz/our-work/diseases-and-conditions/covid-19-novel-coronavirus/covid-19-data-and-statistics/covid-19-vaccine-data,1925172,1179751,745395,26,
New Zealand,2021-08-01,Pfizer/BioNTech,https://www.health.govt.nz/our-work/diseases-and-conditions/covid-19-novel-coronavirus/covid-19-data-and-statistics/covid-19-vaccine-data,1947835,1197735,750074,26,
New Zealand,2021-08-02,Pfizer/BioNTech,https://www.health.govt.nz/our-work/diseases-and-conditions/covid-19-novel-coronavirus/covid-19-data-and-statistics/covid-19-vaccine-data,1982986,1223440,759518,28,
New Zealand,2021-08-03,Pfizer/BioNTech,https://www.health.govt.nz/our-work/diseases-and-conditions/covid-19-novel-coronavirus/covid-19-data-and-statistics/covid-19-vaccine-data,2025839,1253749,772062,28,
New Zealand,2021-08-04,Pfizer/BioNTech,https://www.health.govt.nz/our-work/diseases-and-conditions/covid-19-novel-coronavirus/covid-19-data-and-statistics/covid-19-vaccine-data,2071342,1286317,784996,29,
New Zealand,2021-08-05,Pfizer/BioNTech,https://www.health.govt.nz/our-work/diseases-and-conditions/covid-19-novel-coronavirus/covid-19-data-and-statistics/covid-19-vaccine-data,2113650,1315592,798029,29,
New Zealand,2021-08-06,Pfizer/BioNTech,https://www.health.govt.nz/our-work/diseases-and-conditions/covid-19-novel-coronavirus/covid-19-data-and-statistics/covid-19-vaccine-data,2155757,1345987,809739,31,
New Zealand,2021-08-07,Pfizer/BioNTech,https://www.health.govt.nz/our-work/diseases-and-conditions/covid-19-novel-coronavirus/covid-19-data-and-statistics/covid-19-vaccine-data,2192590,1373921,818637,32,
New Zealand,2021-08-08,Pfizer/BioNTech,https://www.health.govt.nz/our-work/diseases-and-conditions/covid-19-novel-coronavirus/covid-19-data-and-statistics/covid-19-vaccine-data,2213099,1389793,823273,33,
New Zealand,2021-08-09,Pfizer/BioNTech,https://www.health.govt.nz/our-work/diseases-and-conditions/covid-19-novel-coronavirus/covid-19-data-and-statistics/covid-19-vaccine-data,2251665,1416699,834932,34,
New Zealand,2021-08-10,Pfizer/BioNTech,https://www.health.govt.nz/our-work/diseases-and-conditions/covid-19-novel-coronavirus/covid-19-data-and-statistics/covid-19-vaccine-data,2298758,1447823,850899,36,
New Zealand,2021-08-11,Pfizer/BioNTech,https://www.health.govt.nz/our-work/diseases-and-conditions/covid-19-novel-coronavirus/covid-19-data-and-statistics/covid-19-vaccine-data,2347752,1479872,867843,37,
New Zealand,2021-08-12,Pfizer/BioNTech,https://www.health.govt.nz/our-work/diseases-and-conditions/covid-19-novel-coronavirus/covid-19-data-and-statistics/covid-19-vaccine-data,2396831,1512393,884399,39,
New Zealand,2021-08-13,Pfizer/BioNTech,https://www.health.govt.nz/our-work/diseases-and-conditions/covid-19-novel-coronavirus/covid-19-data-and-statistics/covid-19-vaccine-data,2443913,1543805,900068,40,
New Zealand,2021-08-14,Pfizer/BioNTech,https://www.health.govt.nz/our-work/diseases-and-conditions/covid-19-novel-coronavirus/covid-19-data-and-statistics/covid-19-vaccine-data,2487676,1574232,913403,41,
New Zealand,2021-08-15,Pfizer/BioNTech,https://www.health.govt.nz/our-work/diseases-and-conditions/covid-19-novel-coronavirus/covid-19-data-and-statistics/covid-19-vaccine-data,2513373,1592520,920812,41,
New Zealand,2021-08-16,Pfizer/BioNTech,https://www.health.govt.nz/our-work/diseases-and-conditions/covid-19-novel-coronavirus/covid-19-data-and-statistics/covid-19-vaccine-data,2559813,1622893,936878,42,
New Zealand,2021-08-17,Pfizer/BioNTech,https://www.health.govt.nz/our-work/diseases-and-conditions/covid-19-novel-coronavirus/covid-19-data-and-statistics/covid-19-vaccine-data,2616113,1658754,957315,44,
New Zealand,2021-08-18,Pfizer/BioNTech,https://www.health.govt.nz/our-work/diseases-and-conditions/covid-19-novel-coronavirus/covid-19-data-and-statistics/covid-19-vaccine-data,2616626,1659165,957417,44,
New Zealand,2021-08-19,Pfizer/BioNTech,https://www.health.govt.nz/our-work/diseases-and-conditions/covid-19-novel-coronavirus/covid-19-data-and-statistics/covid-19-vaccine-data,2646999,1680756,966199,44,
New Zealand,2021-08-20,Pfizer/BioNTech,https://www.health.govt.nz/our-work/diseases-and-conditions/covid-19-novel-coronavirus/covid-19-data-and-statistics/covid-19-vaccine-data,2706046,1719575,986426,45,
New Zealand,2021-08-21,Pfizer/BioNTech,https://www.health.govt.nz/our-work/diseases-and-conditions/covid-19-novel-coronavirus/covid-19-data-and-statistics/covid-19-vaccine-data,2760364,1757982,1002335,47,
New Zealand,2021-08-22,Pfizer/BioNTech,https://www.health.govt.nz/our-work/diseases-and-conditions/covid-19-novel-coronavirus/covid-19-data-and-statistics/covid-19-vaccine-data,2797971,1786487,1011437,47,
New Zealand,2021-08-23,Pfizer/BioNTech,https://www.health.govt.nz/our-work/diseases-and-conditions/covid-19-novel-coronavirus/covid-19-data-and-statistics/covid-19-vaccine-data,2864363,1833295,1031017,51,
New Zealand,2021-08-24,Pfizer/BioNTech,https://www.health.govt.nz/our-work/diseases-and-conditions/covid-19-novel-coronavirus/covid-19-data-and-statistics/covid-19-vaccine-data,2947471,1892712,1054707,52,
New Zealand,2021-08-25,Pfizer/BioNTech,https://www.health.govt.nz/our-work/diseases-and-conditions/covid-19-novel-coronavirus/covid-19-data-and-statistics/covid-19-vaccine-data,3037448,1956165,1081228,55,
New Zealand,2021-08-26,Pfizer/BioNTech,https://www.health.govt.nz/our-work/diseases-and-conditions/covid-19-novel-coronavirus/covid-19-data-and-statistics/covid-19-vaccine-data,3130905,2024092,1106757,56,
New Zealand,2021-08-27,Pfizer/BioNTech,https://www.health.govt.nz/our-work/diseases-and-conditions/covid-19-novel-coronavirus/covid-19-data-and-statistics/covid-19-vaccine-data,3223085,2091527,1131500,58,
New Zealand,2021-08-28,Pfizer/BioNTech,https://www.health.govt.nz/our-work/diseases-and-conditions/covid-19-novel-coronavirus/covid-19-data-and-statistics/covid-19-vaccine-data,3302389,2148411,1153917,61,
New Zealand,2021-08-29,Pfizer/BioNTech,https://www.health.govt.nz/our-work/diseases-and-conditions/covid-19-novel-coronavirus/covid-19-data-and-statistics/covid-19-vaccine-data,3350994,2185524,1165408,62,
New Zealand,2021-08-30,Pfizer/BioNTech,https://www.health.govt.nz/our-work/diseases-and-conditions/covid-19-novel-coronavirus/covid-19-data-and-statistics/covid-19-vaccine-data,3429715,2240455,1189195,65,
New Zealand,2021-08-31,Pfizer/BioNTech,https://www.health.govt.nz/our-work/diseases-and-conditions/covid-19-novel-coronavirus/covid-19-data-and-statistics/covid-19-vaccine-data,3516570,2299791,1216712,67,
New Zealand,2021-09-01,Pfizer/BioNTech,https://www.health.govt.nz/our-work/diseases-and-conditions/covid-19-novel-coronavirus/covid-19-data-and-statistics/covid-19-vaccine-data,3607905,2363400,1244435,70,
New Zealand,2021-09-02,Pfizer/BioNTech,https://www.health.govt.nz/our-work/diseases-and-conditions/covid-19-novel-coronavirus/covid-19-data-and-statistics/covid-19-vaccine-data,3698508,2428658,1269779,71,
New Zealand,2021-09-03,Pfizer/BioNTech,https://www.health.govt.nz/our-work/diseases-and-conditions/covid-19-novel-coronavirus/covid-19-data-and-statistics/covid-19-vaccine-data,3786400,2490621,1295705,74,
New Zealand,2021-09-04,Pfizer/BioNTech,https://www.health.govt.nz/our-work/diseases-and-conditions/covid-19-novel-coronavirus/covid-19-data-and-statistics/covid-19-vaccine-data,3865145,2546763,1318304,78,
New Zealand,2021-09-05,Pfizer/BioNTech,https://www.health.govt.nz/our-work/diseases-and-conditions/covid-19-novel-coronavirus/covid-19-data-and-statistics/covid-19-vaccine-data,3904217,2573805,1330333,79,
New Zealand,2021-09-06,Pfizer/BioNTech,https://www.health.govt.nz/our-work/diseases-and-conditions/covid-19-novel-coronavirus/covid-19-data-and-statistics/covid-19-vaccine-data,3971389,2619137,1352170,82,
New Zealand,2021-09-07,Pfizer/BioNTech,https://www.health.govt.nz/our-work/diseases-and-conditions/covid-19-novel-coronavirus/covid-19-data-and-statistics/covid-19-vaccine-data,4044902,2669160,1375658,84,
New Zealand,2021-09-08,Pfizer/BioNTech,https://www.health.govt.nz/our-work/diseases-and-conditions/covid-19-novel-coronavirus/covid-19-data-and-statistics/covid-19-vaccine-data,4112366,2718025,1394252,89,
New Zealand,2021-09-09,Pfizer/BioNTech,https://www.health.govt.nz/our-work/diseases-and-conditions/covid-19-novel-coronavirus/covid-19-data-and-statistics/covid-19-vaccine-data,4174567,2764585,1409891,91,
New Zealand,2021-09-10,Pfizer/BioNTech,https://www.health.govt.nz/our-work/diseases-and-conditions/covid-19-novel-coronavirus/covid-19-data-and-statistics/covid-19-vaccine-data,4239972,2808782,1431095,95,
New Zealand,2021-09-11,Pfizer/BioNTech,https://www.health.govt.nz/our-work/diseases-and-conditions/covid-19-novel-coronavirus/covid-19-data-and-statistics/covid-19-vaccine-data,4302370,2847837,1454437,96,
New Zealand,2021-09-12,Pfizer/BioNTech,https://www.health.govt.nz/our-work/diseases-and-conditions/covid-19-novel-coronavirus/covid-19-data-and-statistics/covid-19-vaccine-data,4336525,2868514,1467915,96,
New Zealand,2021-09-13,Pfizer/BioNTech,https://www.health.govt.nz/our-work/diseases-and-conditions/covid-19-novel-coronavirus/covid-19-data-and-statistics/covid-19-vaccine-data,4392068,2903054,1488915,99,
New Zealand,2021-09-14,Pfizer/BioNTech,https://www.health.govt.nz/our-work/diseases-and-conditions/covid-19-novel-coronavirus/covid-19-data-and-statistics/covid-19-vaccine-data,4454746,2942820,1511822,104,
New Zealand,2021-09-15,Pfizer/BioNTech,https://www.health.govt.nz/our-work/diseases-and-conditions/covid-19-novel-coronavirus/covid-19-data-and-statistics/covid-19-vaccine-data,4518035,2982859,1535065,111,
New Zealand,2021-09-16,Pfizer/BioNTech,https://www.health.govt.nz/our-work/diseases-and-conditions/covid-19-novel-coronavirus/covid-19-data-and-statistics/covid-19-vaccine-data,4579526,3020162,1559248,116,
New Zealand,2021-09-17,Pfizer/BioNTech,https://www.health.govt.nz/our-work/diseases-and-conditions/covid-19-novel-coronavirus/covid-19-data-and-statistics/covid-19-vaccine-data,4640648,3053553,1586967,128,
New Zealand,2021-09-18,Pfizer/BioNTech,https://www.health.govt.nz/our-work/diseases-and-conditions/covid-19-novel-coronavirus/covid-19-data-and-statistics/covid-19-vaccine-data,4694640,3082892,1611619,129,
New Zealand,2021-09-19,Pfizer/BioNTech,https://www.health.govt.nz/our-work/diseases-and-conditions/covid-19-novel-coronavirus/covid-19-data-and-statistics/covid-19-vaccine-data,4721565,3097208,1624225,132,
New Zealand,2021-09-20,Pfizer/BioNTech,https://www.health.govt.nz/our-work/diseases-and-conditions/covid-19-novel-coronavirus/covid-19-data-and-statistics/covid-19-vaccine-data,4772354,3122028,1650186,140,
New Zealand,2021-09-21,Pfizer/BioNTech,https://www.health.govt.nz/our-work/diseases-and-conditions/covid-19-novel-coronavirus/covid-19-data-and-statistics/covid-19-vaccine-data,4826775,3149827,1676803,145,
New Zealand,2021-09-22,Pfizer/BioNTech,https://www.health.govt.nz/our-work/diseases-and-conditions/covid-19-novel-coronavirus/covid-19-data-and-statistics/covid-19-vaccine-data,4876937,3174389,1702399,149,
New Zealand,2021-09-23,Pfizer/BioNTech,https://www.health.govt.nz/our-work/diseases-and-conditions/covid-19-novel-coronavirus/covid-19-data-and-statistics/covid-19-vaccine-data,4926785,3195654,1730979,152,
New Zealand,2021-09-24,Pfizer/BioNTech,https://www.health.govt.nz/our-work/diseases-and-conditions/covid-19-novel-coronavirus/covid-19-data-and-statistics/covid-19-vaccine-data,4977799,3214821,1762820,158,
New Zealand,2021-09-25,Pfizer/BioNTech,https://www.health.govt.nz/our-work/diseases-and-conditions/covid-19-novel-coronavirus/covid-19-data-and-statistics/covid-19-vaccine-data,5029689,3234367,1795162,160,
New Zealand,2021-09-26,Pfizer/BioNTech,https://www.health.govt.nz/our-work/diseases-and-conditions/covid-19-novel-coronavirus/covid-19-data-and-statistics/covid-19-vaccine-data,5054602,3242647,1811795,160,
New Zealand,2021-09-27,Pfizer/BioNTech,https://www.health.govt.nz/our-work/diseases-and-conditions/covid-19-novel-coronavirus/covid-19-data-and-statistics/covid-19-vaccine-data,5095666,3255389,1840113,164,
New Zealand,2021-09-28,Pfizer/BioNTech,https://www.health.govt.nz/our-work/diseases-and-conditions/covid-19-novel-coronavirus/covid-19-data-and-statistics/covid-19-vaccine-data,5140595,3269015,1871408,172,
New Zealand,2021-09-29,Pfizer/BioNTech,https://www.health.govt.nz/our-work/diseases-and-conditions/covid-19-novel-coronavirus/covid-19-data-and-statistics/covid-19-vaccine-data,5181831,3283080,1898576,175,
New Zealand,2021-09-30,Pfizer/BioNTech,https://www.health.govt.nz/our-work/diseases-and-conditions/covid-19-novel-coronavirus/covid-19-data-and-statistics/covid-19-vaccine-data,5228459,3297261,1931016,182,
New Zealand,2021-10-01,Pfizer/BioNTech,https://www.health.govt.nz/our-work/diseases-and-conditions/covid-19-novel-coronavirus/covid-19-data-and-statistics/covid-19-vaccine-data,5276403,3309669,1966548,186,
New Zealand,2021-10-02,Pfizer/BioNTech,https://www.health.govt.nz/our-work/diseases-and-conditions/covid-19-novel-coronavirus/covid-19-data-and-statistics/covid-19-vaccine-data,5326839,3322615,2004033,191,
New Zealand,2021-10-03,Pfizer/BioNTech,https://www.health.govt.nz/our-work/diseases-and-conditions/covid-19-novel-coronavirus/covid-19-data-and-statistics/covid-19-vaccine-data,5354040,3329746,2024101,193,
New Zealand,2021-10-04,Pfizer/BioNTech,https://www.health.govt.nz/our-work/diseases-and-conditions/covid-19-novel-coronavirus/covid-19-data-and-statistics/covid-19-vaccine-data,5410311,3344755,2065360,196,
New Zealand,2021-10-05,Pfizer/BioNTech,https://www.health.govt.nz/our-work/diseases-and-conditions/covid-19-novel-coronavirus/covid-19-data-and-statistics/covid-19-vaccine-data,5474515,3362515,2111798,202,
New Zealand,2021-10-06,Pfizer/BioNTech,https://www.health.govt.nz/our-work/diseases-and-conditions/covid-19-novel-coronavirus/covid-19-data-and-statistics/covid-19-vaccine-data,5545341,3381613,2163512,216,
New Zealand,2021-10-07,Pfizer/BioNTech,https://www.health.govt.nz/our-work/diseases-and-conditions/covid-19-novel-coronavirus/covid-19-data-and-statistics/covid-19-vaccine-data,5628326,3401493,2226606,227,
New Zealand,2021-10-08,Pfizer/BioNTech,https://www.health.govt.nz/our-work/diseases-and-conditions/covid-19-novel-coronavirus/covid-19-data-and-statistics/covid-19-vaccine-data,5714714,3420250,2294230,234,
New Zealand,2021-10-09,Pfizer/BioNTech,https://www.health.govt.nz/our-work/diseases-and-conditions/covid-19-novel-coronavirus/covid-19-data-and-statistics/covid-19-vaccine-data,5797015,3438709,2358067,239,
New Zealand,2021-10-10,Pfizer/BioNTech,https://www.health.govt.nz/our-work/diseases-and-conditions/covid-19-novel-coronavirus/covid-19-data-and-statistics/covid-19-vaccine-data,5839399,3447816,2391341,242,
New Zealand,2021-10-11,Pfizer/BioNTech,https://www.health.govt.nz/our-work/diseases-and-conditions/covid-19-novel-coronavirus/covid-19-data-and-statistics/covid-19-vaccine-data,5909149,3463155,2445745,249,
New Zealand,2021-10-12,Pfizer/BioNTech,https://www.health.govt.nz/our-work/diseases-and-conditions/covid-19-novel-coronavirus/covid-19-data-and-statistics/covid-19-vaccine-data,5982643,3480835,2501556,252,
New Zealand,2021-10-13,Pfizer/BioNTech,https://www.health.govt.nz/our-work/diseases-and-conditions/covid-19-novel-coronavirus/covid-19-data-and-statistics/covid-19-vaccine-data,6052060,3496713,2555087,260,
New Zealand,2021-10-14,Pfizer/BioNTech,https://www.health.govt.nz/our-work/diseases-and-conditions/covid-19-novel-coronavirus/covid-19-data-and-statistics/covid-19-vaccine-data,6120436,3511936,2608232,268,
New Zealand,2021-10-15,Pfizer/BioNTech,https://www.health.govt.nz/our-work/diseases-and-conditions/covid-19-novel-coronavirus/covid-19-data-and-statistics/covid-19-vaccine-data,6190389,3526056,2664057,276,
New Zealand,2021-10-16,Pfizer/BioNTech,https://www.health.govt.nz/our-work/diseases-and-conditions/covid-19-novel-coronavirus/covid-19-data-and-statistics/covid-19-vaccine-data,6321875,3565773,2755799,303,
New Zealand,2021-10-17,Pfizer/BioNTech,https://www.health.govt.nz/our-work/diseases-and-conditions/covid-19-novel-coronavirus/covid-19-data-and-statistics/covid-19-vaccine-data,6351671,3572062,2779304,305,
New Zealand,2021-10-18,Pfizer/BioNTech,https://www.health.govt.nz/our-work/diseases-and-conditions/covid-19-novel-coronavirus/covid-19-data-and-statistics/covid-19-vaccine-data,6394643,3582131,2812199,313,
New Zealand,2021-10-19,Pfizer/BioNTech,https://www.health.govt.nz/our-work/diseases-and-conditions/covid-19-novel-coronavirus/covid-19-data-and-statistics/covid-19-vaccine-data,6437714,3592652,2844743,319,
New Zealand,2021-10-20,Pfizer/BioNTech,https://www.health.govt.nz/our-work/diseases-and-conditions/covid-19-novel-coronavirus/covid-19-data-and-statistics/covid-19-vaccine-data,6481112,3603179,2877605,328,
New Zealand,2021-10-21,Pfizer/BioNTech,https://www.health.govt.nz/our-work/diseases-and-conditions/covid-19-novel-coronavirus/covid-19-data-and-statistics/covid-19-vaccine-data,6522797,3613347,2909089,361,
New Zealand,2021-10-22,Pfizer/BioNTech,https://www.health.govt.nz/our-work/diseases-and-conditions/covid-19-novel-coronavirus/covid-19-data-and-statistics/covid-19-vaccine-data,6567918,3624875,2942638,405,
New Zealand,2021-10-23,Pfizer/BioNTech,https://www.health.govt.nz/our-work/diseases-and-conditions/covid-19-novel-coronavirus/covid-19-data-and-statistics/covid-19-vaccine-data,6610682,3636783,2973470,429,
New Zealand,2021-10-24,Pfizer/BioNTech,https://www.health.govt.nz/our-work/diseases-and-conditions/covid-19-novel-coronavirus/covid-19-data-and-statistics/covid-19-vaccine-data,6629803,3642160,2987209,434,
New Zealand,2021-10-25,Pfizer/BioNTech,https://www.health.govt.nz/our-work/diseases-and-conditions/covid-19-novel-coronavirus/covid-19-data-and-statistics/covid-19-vaccine-data,6640546,3645694,2994414,438,
New Zealand,2021-10-26,Pfizer/BioNTech,https://www.health.govt.nz/our-work/diseases-and-conditions/covid-19-novel-coronavirus/covid-19-data-and-statistics/covid-19-vaccine-data,6682989,3656632,3025819,538,
New Zealand,2021-10-27,Pfizer/BioNTech,https://www.health.govt.nz/our-work/diseases-and-conditions/covid-19-novel-coronavirus/covid-19-data-and-statistics/covid-19-vaccine-data,6722527,3667585,3054299,643,
New Zealand,2021-10-28,Pfizer/BioNTech,https://www.health.govt.nz/our-work/diseases-and-conditions/covid-19-novel-coronavirus/covid-19-data-and-statistics/covid-19-vaccine-data,6768067,3680473,3086749,845,
New Zealand,2021-10-29,Pfizer/BioNTech,https://www.health.govt.nz/our-work/diseases-and-conditions/covid-19-novel-coronavirus/covid-19-data-and-statistics/covid-19-vaccine-data,6811525,3691620,3118836,1069,
New Zealand,2021-10-30,Pfizer/BioNTech,https://www.health.govt.nz/our-work/diseases-and-conditions/covid-19-novel-coronavirus/covid-19-data-and-statistics/covid-19-vaccine-data,6854560,3702438,3150945,1177,
New Zealand,2021-10-31,Pfizer/BioNTech,https://www.health.govt.nz/our-work/diseases-and-conditions/covid-19-novel-coronavirus/covid-19-data-and-statistics/covid-19-vaccine-data,6874850,3707339,3166318,1193,
New Zealand,2021-11-01,Pfizer/BioNTech,https://www.health.govt.nz/our-work/diseases-and-conditions/covid-19-novel-coronavirus/covid-19-data-and-statistics/covid-19-vaccine-data,6902703,3714574,3186725,1404,
New Zealand,2021-11-02,Pfizer/BioNTech,https://www.health.govt.nz/our-work/diseases-and-conditions/covid-19-novel-coronavirus/covid-19-data-and-statistics/covid-19-vaccine-data,6932107,3722199,3208215,1693,
New Zealand,2021-11-03,Pfizer/BioNTech,https://www.health.govt.nz/our-work/diseases-and-conditions/covid-19-novel-coronavirus/covid-19-data-and-statistics/covid-19-vaccine-data,6959820,3729005,3228793,2022,
New Zealand,2021-11-04,Pfizer/BioNTech,https://www.health.govt.nz/our-work/diseases-and-conditions/covid-19-novel-coronavirus/covid-19-data-and-statistics/covid-19-vaccine-data,6986568,3735672,3248463,2433,
New Zealand,2021-11-05,Pfizer/BioNTech,https://www.health.govt.nz/our-work/diseases-and-conditions/covid-19-novel-coronavirus/covid-19-data-and-statistics/covid-19-vaccine-data,7015130,3742161,3270134,2835,
New Zealand,2021-11-06,Pfizer/BioNTech,https://www.health.govt.nz/our-work/diseases-and-conditions/covid-19-novel-coronavirus/covid-19-data-and-statistics/covid-19-vaccine-data,7049337,3749614,3296750,2973,
New Zealand,2021-11-07,Pfizer/BioNTech,https://www.health.govt.nz/our-work/diseases-and-conditions/covid-19-novel-coronavirus/covid-19-data-and-statistics/covid-19-vaccine-data,7063706,3752904,3307788,3014,
New Zealand,2021-11-08,Pfizer/BioNTech,https://www.health.govt.nz/our-work/diseases-and-conditions/covid-19-novel-coronavirus/covid-19-data-and-statistics/covid-19-vaccine-data,7085530,3758104,3324081,3345,
New Zealand,2021-11-09,Pfizer/BioNTech,https://www.health.govt.nz/our-work/diseases-and-conditions/covid-19-novel-coronavirus/covid-19-data-and-statistics/covid-19-vaccine-data,7108434,3764053,3340578,3803,
New Zealand,2021-11-10,Pfizer/BioNTech,https://www.health.govt.nz/our-work/diseases-and-conditions/covid-19-novel-coronavirus/covid-19-data-and-statistics/covid-19-vaccine-data,7131136,3770177,3356666,4293,
New Zealand,2021-11-11,Pfizer/BioNTech,https://www.health.govt.nz/our-work/diseases-and-conditions/covid-19-novel-coronavirus/covid-19-data-and-statistics/covid-19-vaccine-data,7154758,3776616,3373331,4811,
New Zealand,2021-11-12,Pfizer/BioNTech,https://www.health.govt.nz/our-work/diseases-and-conditions/covid-19-novel-coronavirus/covid-19-data-and-statistics/covid-19-vaccine-data,7178447,3783040,3390181,5226,
New Zealand,2021-11-13,Pfizer/BioNTech,https://www.health.govt.nz/our-work/diseases-and-conditions/covid-19-novel-coronavirus/covid-19-data-and-statistics/covid-19-vaccine-data,7205913,3790289,3410224,5400,
New Zealand,2021-11-14,Pfizer/BioNTech,https://www.health.govt.nz/our-work/diseases-and-conditions/covid-19-novel-coronavirus/covid-19-data-and-statistics/covid-19-vaccine-data,7220653,3794961,3420243,5449,
New Zealand,2021-11-15,Pfizer/BioNTech,https://www.health.govt.nz/our-work/diseases-and-conditions/covid-19-novel-coronavirus/covid-19-data-and-statistics/covid-19-vaccine-data,7242682,3802781,3433997,5904,
New Zealand,2021-11-16,Pfizer/BioNTech,https://www.health.govt.nz/our-work/diseases-and-conditions/covid-19-novel-coronavirus/covid-19-data-and-statistics/covid-19-vaccine-data,7264408,3809506,3448503,6399,
New Zealand,2021-11-17,Pfizer/BioNTech,https://www.health.govt.nz/our-work/diseases-and-conditions/covid-19-novel-coronavirus/covid-19-data-and-statistics/covid-19-vaccine-data,7285513,3815772,3462814,6927,
New Zealand,2021-11-18,Pfizer/BioNTech,https://www.health.govt.nz/our-work/diseases-and-conditions/covid-19-novel-coronavirus/covid-19-data-and-statistics/covid-19-vaccine-data,7306967,3822517,3476977,7473,
New Zealand,2021-11-19,Pfizer/BioNTech,https://www.health.govt.nz/our-work/diseases-and-conditions/covid-19-novel-coronavirus/covid-19-data-and-statistics/covid-19-vaccine-data,7330228,3829374,3492842,8012,
New Zealand,2021-11-20,Pfizer/BioNTech,https://www.health.govt.nz/our-work/diseases-and-conditions/covid-19-novel-coronavirus/covid-19-data-and-statistics/covid-19-vaccine-data,7352084,3835436,3508457,8191,
New Zealand,2021-11-21,Pfizer/BioNTech,https://www.health.govt.nz/our-work/diseases-and-conditions/covid-19-novel-coronavirus/covid-19-data-and-statistics/covid-19-vaccine-data,7362147,3838547,3515247,8353,
New Zealand,2021-11-22,Pfizer/BioNTech,https://www.health.govt.nz/our-work/diseases-and-conditions/covid-19-novel-coronavirus/covid-19-data-and-statistics/covid-19-vaccine-data,7378147,3843378,3525802,8967,
New Zealand,2021-11-23,Pfizer/BioNTech,https://www.health.govt.nz/our-work/diseases-and-conditions/covid-19-novel-coronavirus/covid-19-data-and-statistics/covid-19-vaccine-data,7397904,3849981,3538303,9620,
New Zealand,2021-11-24,Pfizer/BioNTech,https://www.health.govt.nz/our-work/diseases-and-conditions/covid-19-novel-coronavirus/covid-19-data-and-statistics/covid-19-vaccine-data,7417509,3856634,3550449,10426,
New Zealand,2021-11-25,Pfizer/BioNTech,https://www.health.govt.nz/our-work/diseases-and-conditions/covid-19-novel-coronavirus/covid-19-data-and-statistics/covid-19-vaccine-data,7436701,3863077,3562340,11284,
New Zealand,2021-11-26,"Oxford/AstraZeneca, Pfizer/BioNTech",https://www.health.govt.nz/our-work/diseases-and-conditions/covid-19-novel-coronavirus/covid-19-data-and-statistics/covid-19-vaccine-data,7459921,3868823,3574640,16458,
New Zealand,2021-11-27,"Oxford/AstraZeneca, Pfizer/BioNTech",https://www.health.govt.nz/our-work/diseases-and-conditions/covid-19-novel-coronavirus/covid-19-data-and-statistics/covid-19-vaccine-data,7485612,3875255,3589188,21169,
New Zealand,2021-11-28,"Oxford/AstraZeneca, Pfizer/BioNTech",https://www.health.govt.nz/our-work/diseases-and-conditions/covid-19-novel-coronavirus/covid-19-data-and-statistics/covid-19-vaccine-data,7499750,3878966,3597275,23509,
New Zealand,2021-11-29,"Oxford/AstraZeneca, Pfizer/BioNTech",https://www.health.govt.nz/our-work/diseases-and-conditions/covid-19-novel-coronavirus/covid-19-data-and-statistics/covid-19-vaccine-data,7541566,3885228,3609232,47106,
New Zealand,2021-11-30,"Oxford/AstraZeneca, Pfizer/BioNTech",https://www.health.govt.nz/our-work/diseases-and-conditions/covid-19-novel-coronavirus/covid-19-data-and-statistics/covid-19-vaccine-data,7583392,3892798,3623683,66911,
New Zealand,2021-12-01,"Oxford/AstraZeneca, Pfizer/BioNTech",https://www.health.govt.nz/our-work/diseases-and-conditions/covid-19-novel-coronavirus/covid-19-data-and-statistics/covid-19-vaccine-data,7623759,3900747,3638060,84952,
New Zealand,2021-12-02,"Oxford/AstraZeneca, Pfizer/BioNTech",https://www.health.govt.nz/our-work/diseases-and-conditions/covid-19-novel-coronavirus/covid-19-data-and-statistics/covid-19-vaccine-data,7663890,3909466,3654850,99574,
New Zealand,2021-12-03,"Oxford/AstraZeneca, Pfizer/BioNTech",https://www.health.govt.nz/our-work/diseases-and-conditions/covid-19-novel-coronavirus/covid-19-data-and-statistics/covid-19-vaccine-data,7703459,3916921,3672325,114213,
New Zealand,2021-12-04,"Oxford/AstraZeneca, Pfizer/BioNTech",https://www.health.govt.nz/our-work/diseases-and-conditions/covid-19-novel-coronavirus/covid-19-data-and-statistics/covid-19-vaccine-data,7730799,3922604,3686404,121791,
New Zealand,2021-12-05,"Oxford/AstraZeneca, Pfizer/BioNTech",https://www.health.govt.nz/our-work/diseases-and-conditions/covid-19-novel-coronavirus/covid-19-data-and-statistics/covid-19-vaccine-data,7742793,3925344,3693176,124273,
New Zealand,2021-12-06,"Oxford/AstraZeneca, Pfizer/BioNTech",https://www.health.govt.nz/our-work/diseases-and-conditions/covid-19-novel-coronavirus/covid-19-data-and-statistics/covid-19-vaccine-data,7768090,3929965,3703896,134229,
New Zealand,2021-12-07,"Oxford/AstraZeneca, Pfizer/BioNTech",https://www.health.govt.nz/our-work/diseases-and-conditions/covid-19-novel-coronavirus/covid-19-data-and-statistics/covid-19-vaccine-data,7792472,3934389,3714105,143978,
New Zealand,2021-12-08,"Oxford/AstraZeneca, Pfizer/BioNTech",https://www.health.govt.nz/our-work/diseases-and-conditions/covid-19-novel-coronavirus/covid-19-data-and-statistics/covid-19-vaccine-data,7815745,3938211,3723537,153997,
New Zealand,2021-12-09,"Oxford/AstraZeneca, Pfizer/BioNTech",https://www.health.govt.nz/our-work/diseases-and-conditions/covid-19-novel-coronavirus/covid-19-data-and-statistics/covid-19-vaccine-data,7837623,3941608,3732799,163216,
New Zealand,2021-12-10,"Oxford/AstraZeneca, Pfizer/BioNTech",https://www.health.govt.nz/our-work/diseases-and-conditions/covid-19-novel-coronavirus/covid-19-data-and-statistics/covid-19-vaccine-data,7858758,3944503,3742090,172165,
New Zealand,2021-12-11,"Oxford/AstraZeneca, Pfizer/BioNTech",https://www.health.govt.nz/our-work/diseases-and-conditions/covid-19-novel-coronavirus/covid-19-data-and-statistics/covid-19-vaccine-data,7875010,3947276,3750623,177111,
New Zealand,2021-12-12,"Oxford/AstraZeneca, Pfizer/BioNTech",https://www.health.govt.nz/our-work/diseases-and-conditions/covid-19-novel-coronavirus/covid-19-data-and-statistics/covid-19-vaccine-data,7882538,3948465,3754894,179179,
New Zealand,2021-12-13,"Oxford/AstraZeneca, Pfizer/BioNTech",https://www.health.govt.nz/our-work/diseases-and-conditions/covid-19-novel-coronavirus/covid-19-data-and-statistics/covid-19-vaccine-data,7901365,3950889,3761795,188681,
New Zealand,2021-12-14,"Oxford/AstraZeneca, Pfizer/BioNTech",https://www.health.govt.nz/our-work/diseases-and-conditions/covid-19-novel-coronavirus/covid-19-data-and-statistics/covid-19-vaccine-data,7922016,3953385,3769701,198930,
New Zealand,2021-12-15,"Oxford/AstraZeneca, Pfizer/BioNTech",https://www.health.govt.nz/our-work/diseases-and-conditions/covid-19-novel-coronavirus/covid-19-data-and-statistics/covid-19-vaccine-data,7942975,3955828,3777918,209229,
New Zealand,2021-12-16,"Oxford/AstraZeneca, Pfizer/BioNTech",https://www.health.govt.nz/our-work/diseases-and-conditions/covid-19-novel-coronavirus/covid-19-data-and-statistics/covid-19-vaccine-data,7964573,3958277,3786271,220025,
New Zealand,2021-12-17,"Oxford/AstraZeneca, Pfizer/BioNTech",https://www.health.govt.nz/our-work/diseases-and-conditions/covid-19-novel-coronavirus/covid-19-data-and-statistics/covid-19-vaccine-data,7986170,3960336,3793905,231929,
New Zealand,2021-12-18,"Oxford/AstraZeneca, Pfizer/BioNTech",https://www.health.govt.nz/our-work/diseases-and-conditions/covid-19-novel-coronavirus/covid-19-data-and-statistics/covid-19-vaccine-data,8001752,3962091,3800571,239090,
New Zealand,2021-12-19,"Oxford/AstraZeneca, Pfizer/BioNTech",https://www.health.govt.nz/our-work/diseases-and-conditions/covid-19-novel-coronavirus/covid-19-data-and-statistics/covid-19-vaccine-data,8009009,3962878,3803949,242182,
New Zealand,2021-12-20,"Oxford/AstraZeneca, Pfizer/BioNTech",https://www.health.govt.nz/our-work/diseases-and-conditions/covid-19-novel-coronavirus/covid-19-data-and-statistics/covid-19-vaccine-data,8029556,3964748,3810254,254554,
New Zealand,2021-12-21,"Oxford/AstraZeneca, Pfizer/BioNTech",https://www.health.govt.nz/our-work/diseases-and-conditions/covid-19-novel-coronavirus/covid-19-data-and-statistics/covid-19-vaccine-data,8051514,3966501,3817547,267466,
New Zealand,2021-12-22,"Oxford/AstraZeneca, Pfizer/BioNTech",https://www.health.govt.nz/our-work/diseases-and-conditions/covid-19-novel-coronavirus/covid-19-data-and-statistics/covid-19-vaccine-data,8074697,3968080,3824862,281755,
New Zealand,2021-12-23,"Oxford/AstraZeneca, Pfizer/BioNTech",https://www.health.govt.nz/our-work/diseases-and-conditions/covid-19-novel-coronavirus/covid-19-data-and-statistics/covid-19-vaccine-data,8096157,3969483,3832033,294641,
New Zealand,2021-12-24,"Oxford/AstraZeneca, Pfizer/BioNTech",https://www.health.govt.nz/our-work/diseases-and-conditions/covid-19-novel-coronavirus/covid-19-data-and-statistics/covid-19-vaccine-data,8109713,3970189,3836510,303014,
New Zealand,2021-12-25,"Oxford/AstraZeneca, Pfizer/BioNTech",https://www.health.govt.nz/our-work/diseases-and-conditions/covid-19-novel-coronavirus/covid-19-data-and-statistics/covid-19-vaccine-data,8109821,3970194,3836562,303065,
New Zealand,2021-12-26,"Oxford/AstraZeneca, Pfizer/BioNTech",https://www.health.govt.nz/our-work/diseases-and-conditions/covid-19-novel-coronavirus/covid-19-data-and-statistics/covid-19-vaccine-data,8111575,3970292,3837303,303980,
New Zealand,2021-12-27,"Oxford/AstraZeneca, Pfizer/BioNTech",https://www.health.govt.nz/our-work/diseases-and-conditions/covid-19-novel-coronavirus/covid-19-data-and-statistics/covid-19-vaccine-data,8115738,3970492,3838866,306380,
New Zealand,2021-12-28,"Oxford/AstraZeneca, Pfizer/BioNTech",https://www.health.govt.nz/our-work/diseases-and-conditions/covid-19-novel-coronavirus/covid-19-data-and-statistics/covid-19-vaccine-data,8120888,3970768,3840784,309336,
New Zealand,2021-12-29,"Oxford/AstraZeneca, Pfizer/BioNTech",https://www.health.govt.nz/our-work/diseases-and-conditions/covid-19-novel-coronavirus/covid-19-data-and-statistics/covid-19-vaccine-data,8144877,3971904,3847427,325546,
New Zealand,2021-12-30,"Oxford/AstraZeneca, Pfizer/BioNTech",https://www.health.govt.nz/our-work/diseases-and-conditions/covid-19-novel-coronavirus/covid-19-data-and-statistics/covid-19-vaccine-data,8168332,3972862,3852351,343119,
New Zealand,2021-12-31,"Oxford/AstraZeneca, Pfizer/BioNTech",https://www.health.govt.nz/our-work/diseases-and-conditions/covid-19-novel-coronavirus/covid-19-data-and-statistics/covid-19-vaccine-data,8186035,3973529,3855888,356618,
New Zealand,2022-01-01,"Oxford/AstraZeneca, Pfizer/BioNTech",https://www.health.govt.nz/our-work/diseases-and-conditions/covid-19-novel-coronavirus/covid-19-data-and-statistics/covid-19-vaccine-data,8187488,3973584,3856245,357659,
New Zealand,2022-01-02,"Oxford/AstraZeneca, Pfizer/BioNTech",https://www.health.govt.nz/our-work/diseases-and-conditions/covid-19-novel-coronavirus/covid-19-data-and-statistics/covid-19-vaccine-data,8190491,3973719,3856869,359903,
New Zealand,2022-01-03,"Oxford/AstraZeneca, Pfizer/BioNTech",https://www.health.govt.nz/our-work/diseases-and-conditions/covid-19-novel-coronavirus/covid-19-data-and-statistics/covid-19-vaccine-data,8196701,3974083,3858185,364433,
New Zealand,2022-01-04,"Oxford/AstraZeneca, Pfizer/BioNTech",https://www.health.govt.nz/our-work/diseases-and-conditions/covid-19-novel-coronavirus/covid-19-data-and-statistics/covid-19-vaccine-data,8203868,3974487,3859598,369783,
New Zealand,2022-01-05,"Oxford/AstraZeneca, Pfizer/BioNTech",https://www.health.govt.nz/our-work/diseases-and-conditions/covid-19-novel-coronavirus/covid-19-data-and-statistics/covid-19-vaccine-data,8251677,3975786,3864225,411666,
New Zealand,2022-01-06,"Oxford/AstraZeneca, Pfizer/BioNTech",https://www.health.govt.nz/our-work/diseases-and-conditions/covid-19-novel-coronavirus/covid-19-data-and-statistics/covid-19-vaccine-data,8301494,3977153,3868330,456011,
New Zealand,2022-01-07,"Oxford/AstraZeneca, Pfizer/BioNTech",https://www.health.govt.nz/our-work/diseases-and-conditions/covid-19-novel-coronavirus/covid-19-data-and-statistics/covid-19-vaccine-data,8352082,3978440,3872278,501364,
New Zealand,2022-01-08,"Oxford/AstraZeneca, Pfizer/BioNTech",https://www.health.govt.nz/our-work/diseases-and-conditions/covid-19-novel-coronavirus/covid-19-data-and-statistics/covid-19-vaccine-data,8377235,3979195,3874639,523401,
New Zealand,2022-01-09,"Oxford/AstraZeneca, Pfizer/BioNTech",https://www.health.govt.nz/our-work/diseases-and-conditions/covid-19-novel-coronavirus/covid-19-data-and-statistics/covid-19-vaccine-data,8389918,3979657,3876025,534236,
New Zealand,2022-01-10,"Oxford/AstraZeneca, Pfizer/BioNTech",https://www.health.govt.nz/our-work/diseases-and-conditions/covid-19-novel-coronavirus/covid-19-data-and-statistics/covid-19-vaccine-data,8444003,3981057,3880026,582920,
New Zealand,2022-01-11,"Oxford/AstraZeneca, Pfizer/BioNTech",https://www.health.govt.nz/our-work/diseases-and-conditions/covid-19-novel-coronavirus/covid-19-data-and-statistics/covid-19-vaccine-data,8496395,3982565,3883863,629967,
New Zealand,2022-01-12,"Oxford/AstraZeneca, Pfizer/BioNTech",https://www.health.govt.nz/our-work/diseases-and-conditions/covid-19-novel-coronavirus/covid-19-data-and-statistics/covid-19-vaccine-data,8544534,3984012,3887719,672803,
New Zealand,2022-01-13,"Oxford/AstraZeneca, Pfizer/BioNTech",https://www.health.govt.nz/our-work/diseases-and-conditions/covid-19-novel-coronavirus/covid-19-data-and-statistics/covid-19-vaccine-data,8591937,3985434,3891318,715185,
New Zealand,2022-01-14,"Oxford/AstraZeneca, Pfizer/BioNTech",https://www.health.govt.nz/our-work/diseases-and-conditions/covid-19-novel-coronavirus/covid-19-data-and-statistics/covid-19-vaccine-data,8638173,3986785,3894669,756719,
New Zealand,2022-01-15,"Oxford/AstraZeneca, Pfizer/BioNTech",https://www.health.govt.nz/our-work/diseases-and-conditions/covid-19-novel-coronavirus/covid-19-data-and-statistics/covid-19-vaccine-data,8663434,3987623,3896618,779193,
New Zealand,2022-01-16,"Oxford/AstraZeneca, Pfizer/BioNTech",https://www.health.govt.nz/our-work/diseases-and-conditions/covid-19-novel-coronavirus/covid-19-data-and-statistics/covid-19-vaccine-data,8674694,3988076,3897709,788909,
New Zealand,2022-01-17,"Oxford/AstraZeneca, Pfizer/BioNTech",https://www.health.govt.nz/our-work/diseases-and-conditions/covid-19-novel-coronavirus/covid-19-data-and-statistics/covid-19-vaccine-data,8716135,3989346,3900195,826594,
New Zealand,2022-01-18,"Oxford/AstraZeneca, Pfizer/BioNTech",https://www.health.govt.nz/our-work/diseases-and-conditions/covid-19-novel-coronavirus/covid-19-data-and-statistics/covid-19-vaccine-data,8787055,4018309,3902529,866217,27730.0
New Zealand,2022-01-19,"Oxford/AstraZeneca, Pfizer/BioNTech",https://www.health.govt.nz/our-work/diseases-and-conditions/covid-19-novel-coronavirus/covid-19-data-and-statistics/covid-19-vaccine-data,8839914,4031684,3904996,903234,39829.0
New Zealand,2022-01-22,"Oxford/AstraZeneca, Pfizer/BioNTech",https://www.health.govt.nz/our-work/diseases-and-conditions/covid-19-novel-coronavirus/covid-19-data-and-statistics/covid-19-vaccine-data,8993254,4069029,3910934,1013291,74137.0
New Zealand,2022-01-23,"Oxford/AstraZeneca, Pfizer/BioNTech",https://www.health.govt.nz/our-work/diseases-and-conditions/covid-19-novel-coronavirus/covid-19-data-and-statistics/covid-19-vaccine-data,9022447,4075967,3911791,1034689,80545.0
New Zealand,2022-01-25,"Oxford/AstraZeneca, Pfizer/BioNTech",https://www.health.govt.nz/our-work/diseases-and-conditions/covid-19-novel-coronavirus/covid-19-data-and-statistics/covid-19-vaccine-data,9173906,4108279,3915880,1149747,110127.0
New Zealand,2022-01-26,"Oxford/AstraZeneca, Pfizer/BioNTech",https://www.health.govt.nz/our-work/diseases-and-conditions/covid-19-novel-coronavirus/covid-19-data-and-statistics/covid-19-vaccine-data,9243464,4123752,3918219,1201493,124163.0
New Zealand,2022-01-27,"Oxford/AstraZeneca, Pfizer/BioNTech",https://www.health.govt.nz/our-work/diseases-and-conditions/covid-19-novel-coronavirus/covid-19-data-and-statistics/covid-19-vaccine-data,9307844,4138210,3920556,1249078,137297.0
New Zealand,2022-01-28,"Oxford/AstraZeneca, Pfizer/BioNTech",https://www.health.govt.nz/our-work/diseases-and-conditions/covid-19-novel-coronavirus/covid-19-data-and-statistics/covid-19-vaccine-data,9371094,4152342,3922779,1295973,150172.0
New Zealand,2022-01-29,"Oxford/AstraZeneca, Pfizer/BioNTech",https://www.health.govt.nz/our-work/diseases-and-conditions/covid-19-novel-coronavirus/covid-19-data-and-statistics/covid-19-vaccine-data,9412657,4162225,3924080,1326352,159283.0
New Zealand,2022-01-30,"Oxford/AstraZeneca, Pfizer/BioNTech",https://www.health.govt.nz/our-work/diseases-and-conditions/covid-19-novel-coronavirus/covid-19-data-and-statistics/covid-19-vaccine-data,9431469,4166896,3924791,1339782,163551.0
New Zealand,2022-01-31,"Oxford/AstraZeneca, Pfizer/BioNTech",https://www.health.govt.nz/our-work/diseases-and-conditions/covid-19-novel-coronavirus/covid-19-data-and-statistics/covid-19-vaccine-data,9461846,4173402,3925941,1362503,169338.0
New Zealand,2022-02-07,"Oxford/AstraZeneca, Pfizer/BioNTech",https://www.health.govt.nz/our-work/diseases-and-conditions/covid-19-novel-coronavirus/covid-19-data-and-statistics/covid-19-vaccine-data,9790821,4209923,3935965,1644933,200625.0
New Zealand,2022-02-08,"Oxford/AstraZeneca, Pfizer/BioNTech",https://www.health.govt.nz/our-work/diseases-and-conditions/covid-19-novel-coronavirus/covid-19-data-and-statistics/covid-19-vaccine-data,9856554,4212957,3937746,1705851,202841.0
New Zealand,2022-02-14,"Oxford/AstraZeneca, Pfizer/BioNTech",https://www.health.govt.nz/our-work/diseases-and-conditions/covid-19-novel-coronavirus/covid-19-data-and-statistics/covid-19-vaccine-data,10165274,4230031,3945306,1989937,216331.0
New Zealand,2022-02-15,"Oxford/AstraZeneca, Pfizer/BioNTech",https://www.health.govt.nz/our-work/diseases-and-conditions/covid-19-novel-coronavirus/covid-19-data-and-statistics/covid-19-vaccine-data,10215437,4232434,3946712,2036291,218074.0
New Zealand,2022-02-19,"Oxford/AstraZeneca, Pfizer/BioNTech",https://www.health.govt.nz/our-work/diseases-and-conditions/covid-19-novel-coronavirus/covid-19-data-and-statistics/covid-19-vaccine-data,10385193,4243621,3951821,2189751,227350.0
