date,location,total_vaccinations,people_fully_vaccinated,people_vaccinated,source_url,vaccine
2020-12-27,Romania,965,0,965,https://datelazi.ro/,Pfizer/BioNTech
2020-12-28,Romania,2066,0,2066,https://datelazi.ro/,Pfizer/BioNTech
2020-12-29,Romania,2778,0,2778,https://datelazi.ro/,Pfizer/BioNTech
2020-12-30,Romania,5666,0,5666,https://datelazi.ro/,Pfizer/BioNTech
2020-12-31,Romania,10289,0,10289,https://datelazi.ro/,Pfizer/BioNTech
2021-01-01,Romania,11656,0,11656,https://datelazi.ro/,Pfizer/BioNTech
2021-01-02,Romania,13242,0,13242,https://datelazi.ro/,Pfizer/BioNTech
2021-01-03,Romania,13596,0,13596,https://datelazi.ro/,Pfizer/BioNTech
2021-01-04,Romania,25508,0,25508,https://datelazi.ro/,Pfizer/BioNTech
2021-01-05,Romania,41609,0,41609,https://datelazi.ro/,Pfizer/BioNTech
2021-01-06,Romania,58554,0,58554,https://datelazi.ro/,Pfizer/BioNTech
2021-01-07,Romania,76400,0,76400,https://datelazi.ro/,Pfizer/BioNTech
2021-01-08,Romania,92706,0,92706,https://datelazi.ro/,Pfizer/BioNTech
2021-01-09,Romania,102301,0,102301,https://datelazi.ro/,Pfizer/BioNTech
2021-01-10,Romania,108294,0,108294,https://datelazi.ro/,Pfizer/BioNTech
2021-01-11,Romania,125190,0,125190,https://datelazi.ro/,Pfizer/BioNTech
2021-01-12,Romania,140447,0,140447,https://datelazi.ro/,Pfizer/BioNTech
2021-01-13,Romania,154268,0,154268,https://datelazi.ro/,Pfizer/BioNTech
2021-01-14,Romania,168089,0,168089,https://datelazi.ro/,Pfizer/BioNTech
2021-01-15,Romania,184146,0,184146,https://datelazi.ro/,Pfizer/BioNTech
2021-01-16,Romania,196567,0,196567,https://datelazi.ro/,Pfizer/BioNTech
2021-01-17,Romania,204662,875,203787,https://datelazi.ro/,Pfizer/BioNTech
2021-01-18,Romania,234899,1950,232949,https://datelazi.ro/,Pfizer/BioNTech
2021-01-19,Romania,269706,2621,267085,https://datelazi.ro/,Pfizer/BioNTech
2021-01-20,Romania,308044,5813,302231,https://datelazi.ro/,Pfizer/BioNTech
2021-01-21,Romania,347756,9843,337913,https://datelazi.ro/,Pfizer/BioNTech
2021-01-22,Romania,385596,11254,374342,https://datelazi.ro/,Pfizer/BioNTech
2021-01-23,Romania,418545,12878,405667,https://datelazi.ro/,Pfizer/BioNTech
2021-01-24,Romania,445945,13155,432790,https://datelazi.ro/,Pfizer/BioNTech
2021-01-25,Romania,484291,25063,459228,https://datelazi.ro/,Pfizer/BioNTech
2021-01-26,Romania,528038,40666,487372,https://datelazi.ro/,Pfizer/BioNTech
2021-01-27,Romania,570364,57274,513090,https://datelazi.ro/,Pfizer/BioNTech
2021-01-28,Romania,609056,75049,534007,https://datelazi.ro/,Pfizer/BioNTech
2021-01-29,Romania,646660,92075,554585,https://datelazi.ro/,Pfizer/BioNTech
2021-01-30,Romania,672056,101304,570752,https://datelazi.ro/,Pfizer/BioNTech
2021-01-31,Romania,691075,106196,584879,https://datelazi.ro/,Pfizer/BioNTech
2021-02-01,Romania,720844,123048,597796,https://datelazi.ro/,Pfizer/BioNTech
2021-02-02,Romania,748392,138348,610044,https://datelazi.ro/,Pfizer/BioNTech
2021-02-03,Romania,771862,152025,619837,https://datelazi.ro/,Pfizer/BioNTech
2021-02-04,Romania,794455,165515,628940,https://datelazi.ro/,"Moderna, Pfizer/BioNTech"
2021-02-05,Romania,821212,182665,638547,https://datelazi.ro/,"Moderna, Pfizer/BioNTech"
2021-02-06,Romania,840472,193121,647351,https://datelazi.ro/,"Moderna, Pfizer/BioNTech"
2021-02-07,Romania,855982,200144,655838,https://datelazi.ro/,"Moderna, Pfizer/BioNTech"
2021-02-08,Romania,891008,230285,660723,https://datelazi.ro/,"Moderna, Pfizer/BioNTech"
2021-02-09,Romania,929815,263212,666603,https://datelazi.ro/,"Moderna, Pfizer/BioNTech"
2021-02-10,Romania,970627,299518,671109,https://datelazi.ro/,"Moderna, Pfizer/BioNTech"
2021-02-11,Romania,1009081,334187,674894,https://datelazi.ro/,"Moderna, Pfizer/BioNTech"
2021-02-12,Romania,1048456,369464,678992,https://datelazi.ro/,"Moderna, Pfizer/BioNTech"
2021-02-13,Romania,1083755,400749,683006,https://datelazi.ro/,"Moderna, Pfizer/BioNTech"
2021-02-14,Romania,1113634,427340,686294,https://datelazi.ro/,"Moderna, Pfizer/BioNTech"
2021-02-15,Romania,1150771,454168,696603,https://datelazi.ro/,"Moderna, Oxford/AstraZeneca, Pfizer/BioNTech"
2021-02-16,Romania,1188673,481340,707333,https://datelazi.ro/,"Moderna, Oxford/AstraZeneca, Pfizer/BioNTech"
2021-02-17,Romania,1231992,505479,726513,https://datelazi.ro/,"Moderna, Oxford/AstraZeneca, Pfizer/BioNTech"
2021-02-18,Romania,1271812,526475,745337,https://datelazi.ro/,"Moderna, Oxford/AstraZeneca, Pfizer/BioNTech"
2021-02-19,Romania,1309940,547115,762825,https://datelazi.ro/,"Moderna, Oxford/AstraZeneca, Pfizer/BioNTech"
2021-02-20,Romania,1342864,562771,780093,https://datelazi.ro/,"Moderna, Oxford/AstraZeneca, Pfizer/BioNTech"
2021-02-21,Romania,1370808,576125,794683,https://datelazi.ro/,"Moderna, Oxford/AstraZeneca, Pfizer/BioNTech"
2021-02-22,Romania,1400673,589640,811033,https://datelazi.ro/,"Moderna, Oxford/AstraZeneca, Pfizer/BioNTech"
2021-02-23,Romania,1430017,601572,828445,https://datelazi.ro/,"Moderna, Oxford/AstraZeneca, Pfizer/BioNTech"
2021-02-24,Romania,1458234,611552,846682,https://datelazi.ro/,"Moderna, Oxford/AstraZeneca, Pfizer/BioNTech"
2021-02-25,Romania,1478492,614546,863946,https://datelazi.ro/,"Moderna, Oxford/AstraZeneca, Pfizer/BioNTech"
2021-02-26,Romania,1497617,615964,881653,https://datelazi.ro/,"Moderna, Oxford/AstraZeneca, Pfizer/BioNTech"
2021-02-27,Romania,1513321,616594,896727,https://datelazi.ro/,"Moderna, Oxford/AstraZeneca, Pfizer/BioNTech"
2021-02-28,Romania,1524457,617111,907346,https://datelazi.ro/,"Moderna, Oxford/AstraZeneca, Pfizer/BioNTech"
2021-03-01,Romania,1556606,618240,938366,https://datelazi.ro/,"Moderna, Oxford/AstraZeneca, Pfizer/BioNTech"
2021-03-02,Romania,1594764,619182,975582,https://datelazi.ro/,"Moderna, Oxford/AstraZeneca, Pfizer/BioNTech"
2021-03-03,Romania,1633449,619808,1013641,https://datelazi.ro/,"Moderna, Oxford/AstraZeneca, Pfizer/BioNTech"
2021-03-04,Romania,1677187,627159,1050028,https://datelazi.ro/,"Moderna, Oxford/AstraZeneca, Pfizer/BioNTech"
2021-03-05,Romania,1724540,636053,1088487,https://datelazi.ro/,"Moderna, Oxford/AstraZeneca, Pfizer/BioNTech"
2021-03-06,Romania,1773178,644707,1128471,https://datelazi.ro/,"Moderna, Oxford/AstraZeneca, Pfizer/BioNTech"
2021-03-07,Romania,1818362,652567,1165795,https://datelazi.ro/,"Moderna, Oxford/AstraZeneca, Pfizer/BioNTech"
2021-03-08,Romania,1861820,657741,1204079,https://datelazi.ro/,"Moderna, Oxford/AstraZeneca, Pfizer/BioNTech"
2021-03-09,Romania,1910020,663642,1246378,https://datelazi.ro/,"Moderna, Oxford/AstraZeneca, Pfizer/BioNTech"
2021-03-10,Romania,1961422,672685,1288737,https://datelazi.ro/,"Moderna, Oxford/AstraZeneca, Pfizer/BioNTech"
2021-03-11,Romania,2011333,682929,1328404,https://datelazi.ro/,"Moderna, Oxford/AstraZeneca, Pfizer/BioNTech"
2021-03-12,Romania,2060719,693548,1367171,https://datelazi.ro/,"Moderna, Oxford/AstraZeneca, Pfizer/BioNTech"
2021-03-13,Romania,2109441,704229,1405212,https://datelazi.ro/,"Moderna, Oxford/AstraZeneca, Pfizer/BioNTech"
2021-03-14,Romania,2152140,713206,1438934,https://datelazi.ro/,"Moderna, Oxford/AstraZeneca, Pfizer/BioNTech"
2021-03-15,Romania,2201716,722956,1478760,https://datelazi.ro/,"Moderna, Oxford/AstraZeneca, Pfizer/BioNTech"
2021-03-16,Romania,2261700,738641,1523059,https://datelazi.ro/,"Moderna, Oxford/AstraZeneca, Pfizer/BioNTech"
2021-03-17,Romania,2315981,751939,1564042,https://datelazi.ro/,"Moderna, Oxford/AstraZeneca, Pfizer/BioNTech"
2021-03-18,Romania,2367906,760753,1607153,https://datelazi.ro/,"Moderna, Oxford/AstraZeneca, Pfizer/BioNTech"
2021-03-19,Romania,2417767,767921,1649846,https://datelazi.ro/,"Moderna, Oxford/AstraZeneca, Pfizer/BioNTech"
2021-03-20,Romania,2468671,772647,1696024,https://datelazi.ro/,"Moderna, Oxford/AstraZeneca, Pfizer/BioNTech"
2021-03-21,Romania,2513088,775407,1737681,https://datelazi.ro/,"Moderna, Oxford/AstraZeneca, Pfizer/BioNTech"
2021-03-22,Romania,2560284,798729,1761555,https://datelazi.ro/,"Moderna, Oxford/AstraZeneca, Pfizer/BioNTech"
2021-03-23,Romania,2618346,826089,1792257,https://datelazi.ro/,"Moderna, Oxford/AstraZeneca, Pfizer/BioNTech"
2021-03-24,Romania,2677454,854400,1823054,https://datelazi.ro/,"Moderna, Oxford/AstraZeneca, Pfizer/BioNTech"
2021-03-25,Romania,2736340,883117,1853223,https://datelazi.ro/,"Moderna, Oxford/AstraZeneca, Pfizer/BioNTech"
2021-03-26,Romania,2791471,911862,1879609,https://datelazi.ro/,"Moderna, Oxford/AstraZeneca, Pfizer/BioNTech"
2021-03-27,Romania,2850018,943557,1906461,https://datelazi.ro/,"Moderna, Oxford/AstraZeneca, Pfizer/BioNTech"
2021-03-28,Romania,2904731,973670,1931061,https://datelazi.ro/,"Moderna, Oxford/AstraZeneca, Pfizer/BioNTech"
2021-03-29,Romania,2957189,1002464,1954725,https://datelazi.ro/,"Moderna, Oxford/AstraZeneca, Pfizer/BioNTech"
2021-03-30,Romania,3021607,1039638,1981969,https://datelazi.ro/,"Moderna, Oxford/AstraZeneca, Pfizer/BioNTech"
2021-03-31,Romania,3079868,1072985,2006883,https://datelazi.ro/,"Moderna, Oxford/AstraZeneca, Pfizer/BioNTech"
2021-04-01,Romania,3137483,1105375,2032108,https://datelazi.ro/,"Moderna, Oxford/AstraZeneca, Pfizer/BioNTech"
2021-04-02,Romania,3195452,1138301,2057151,https://datelazi.ro/,"Moderna, Oxford/AstraZeneca, Pfizer/BioNTech"
2021-04-03,Romania,3250877,1168837,2082040,https://datelazi.ro/,"Moderna, Oxford/AstraZeneca, Pfizer/BioNTech"
2021-04-04,Romania,3299212,1196714,2102498,https://datelazi.ro/,"Moderna, Oxford/AstraZeneca, Pfizer/BioNTech"
2021-04-05,Romania,3350582,1226982,2123600,https://datelazi.ro/,"Moderna, Oxford/AstraZeneca, Pfizer/BioNTech"
2021-04-06,Romania,3405531,1258049,2147482,https://datelazi.ro/,"Moderna, Oxford/AstraZeneca, Pfizer/BioNTech"
2021-04-07,Romania,3460870,1288487,2172383,https://datelazi.ro/,"Moderna, Oxford/AstraZeneca, Pfizer/BioNTech"
2021-04-08,Romania,3517693,1319863,2197830,https://datelazi.ro/,"Moderna, Oxford/AstraZeneca, Pfizer/BioNTech"
2021-04-09,Romania,3571982,1351608,2220374,https://datelazi.ro/,"Moderna, Oxford/AstraZeneca, Pfizer/BioNTech"
2021-04-10,Romania,3633921,1383993,2249928,https://datelazi.ro/,"Moderna, Oxford/AstraZeneca, Pfizer/BioNTech"
2021-04-11,Romania,3690909,1412787,2278122,https://datelazi.ro/,"Moderna, Oxford/AstraZeneca, Pfizer/BioNTech"
2021-04-12,Romania,3753790,1435730,2318060,https://datelazi.ro/,"Moderna, Oxford/AstraZeneca, Pfizer/BioNTech"
2021-04-13,Romania,3830380,1466149,2364231,https://datelazi.ro/,"Moderna, Oxford/AstraZeneca, Pfizer/BioNTech"
2021-04-14,Romania,3910500,1496942,2413558,https://datelazi.ro/,"Moderna, Oxford/AstraZeneca, Pfizer/BioNTech"
2021-04-15,Romania,3990556,1527201,2463355,https://datelazi.ro/,"Moderna, Oxford/AstraZeneca, Pfizer/BioNTech"
2021-04-16,Romania,4070190,1554994,2515196,https://datelazi.ro/,"Moderna, Oxford/AstraZeneca, Pfizer/BioNTech"
2021-04-17,Romania,4151368,1581079,2570289,https://datelazi.ro/,"Moderna, Oxford/AstraZeneca, Pfizer/BioNTech"
2021-04-18,Romania,4223290,1604904,2618386,https://datelazi.ro/,"Moderna, Oxford/AstraZeneca, Pfizer/BioNTech"
2021-04-19,Romania,4298557,1631109,2667448,https://datelazi.ro/,"Moderna, Oxford/AstraZeneca, Pfizer/BioNTech"
2021-04-20,Romania,4387441,1658351,2729090,https://datelazi.ro/,"Moderna, Oxford/AstraZeneca, Pfizer/BioNTech"
2021-04-21,Romania,4479219,1686583,2792636,https://datelazi.ro/,"Moderna, Oxford/AstraZeneca, Pfizer/BioNTech"
2021-04-22,Romania,4566596,1714422,2852174,https://datelazi.ro/,"Moderna, Oxford/AstraZeneca, Pfizer/BioNTech"
2021-04-23,Romania,4656996,1743820,2913176,https://datelazi.ro/,"Moderna, Oxford/AstraZeneca, Pfizer/BioNTech"
2021-04-24,Romania,4746675,1771490,2975185,https://datelazi.ro/,"Moderna, Oxford/AstraZeneca, Pfizer/BioNTech"
2021-04-25,Romania,4823779,1794505,3029274,https://datelazi.ro/,"Moderna, Oxford/AstraZeneca, Pfizer/BioNTech"
2021-04-26,Romania,4904588,1820634,3083954,https://datelazi.ro/,"Moderna, Oxford/AstraZeneca, Pfizer/BioNTech"
2021-04-27,Romania,4989235,1850086,3139149,https://datelazi.ro/,"Moderna, Oxford/AstraZeneca, Pfizer/BioNTech"
2021-04-28,Romania,5073025,1880343,3192682,https://datelazi.ro/,"Moderna, Oxford/AstraZeneca, Pfizer/BioNTech"
2021-04-29,Romania,5153416,1909593,3243823,https://datelazi.ro/,"Moderna, Oxford/AstraZeneca, Pfizer/BioNTech"
2021-04-30,Romania,5232028,1937033,3294995,https://datelazi.ro/,"Moderna, Oxford/AstraZeneca, Pfizer/BioNTech"
2021-05-01,Romania,5292045,1963639,3328406,https://datelazi.ro/,"Moderna, Oxford/AstraZeneca, Pfizer/BioNTech"
2021-05-02,Romania,5333318,1986669,3346649,https://datelazi.ro/,"Moderna, Oxford/AstraZeneca, Pfizer/BioNTech"
2021-05-03,Romania,5399885,2029610,3370275,https://datelazi.ro/,"Moderna, Oxford/AstraZeneca, Pfizer/BioNTech"
2021-05-04,Romania,5485489,2082630,3402904,https://datelazi.ro/,"Johnson&Johnson, Moderna, Oxford/AstraZeneca, Pfizer/BioNTech"
2021-05-05,Romania,5579843,2138703,3441407,https://datelazi.ro/,"Johnson&Johnson, Moderna, Oxford/AstraZeneca, Pfizer/BioNTech"
2021-05-06,Romania,5680297,2198691,3482765,https://datelazi.ro/,"Johnson&Johnson, Moderna, Oxford/AstraZeneca, Pfizer/BioNTech"
2021-05-07,Romania,5772798,2254449,3521003,https://datelazi.ro/,"Johnson&Johnson, Moderna, Oxford/AstraZeneca, Pfizer/BioNTech"
2021-05-08,Romania,5883431,2314812,3571944,https://datelazi.ro/,"Johnson&Johnson, Moderna, Oxford/AstraZeneca, Pfizer/BioNTech"
2021-05-09,Romania,5987368,2369835,3621060,https://datelazi.ro/,"Johnson&Johnson, Moderna, Oxford/AstraZeneca, Pfizer/BioNTech"
2021-05-10,Romania,6086828,2428168,3663930,https://datelazi.ro/,"Johnson&Johnson, Moderna, Oxford/AstraZeneca, Pfizer/BioNTech"
2021-05-11,Romania,6192672,2498443,3702880,https://datelazi.ro/,"Johnson&Johnson, Moderna, Oxford/AstraZeneca, Pfizer/BioNTech"
2021-05-12,Romania,6297426,2568497,3741591,https://datelazi.ro/,"Johnson&Johnson, Moderna, Oxford/AstraZeneca, Pfizer/BioNTech"
2021-05-13,Romania,6400659,2636935,3780927,https://datelazi.ro/,"Johnson&Johnson, Moderna, Oxford/AstraZeneca, Pfizer/BioNTech"
2021-05-14,Romania,6510973,2708201,3825887,https://datelazi.ro/,"Johnson&Johnson, Moderna, Oxford/AstraZeneca, Pfizer/BioNTech"
2021-05-15,Romania,6629994,2777707,3877825,https://datelazi.ro/,"Johnson&Johnson, Moderna, Oxford/AstraZeneca, Pfizer/BioNTech"
2021-05-16,Romania,6731656,2838407,3920257,https://datelazi.ro/,"Johnson&Johnson, Moderna, Oxford/AstraZeneca, Pfizer/BioNTech"
2021-05-17,Romania,6826312,2902964,3954752,https://datelazi.ro/,"Johnson&Johnson, Moderna, Oxford/AstraZeneca, Pfizer/BioNTech"
2021-05-18,Romania,6923265,2972379,3988746,https://datelazi.ro/,"Johnson&Johnson, Moderna, Oxford/AstraZeneca, Pfizer/BioNTech"
2021-05-19,Romania,7017682,3041824,4021195,https://datelazi.ro/,"Johnson&Johnson, Moderna, Oxford/AstraZeneca, Pfizer/BioNTech"
2021-05-20,Romania,7105641,3108713,4049436,https://datelazi.ro/,"Johnson&Johnson, Moderna, Oxford/AstraZeneca, Pfizer/BioNTech"
2021-05-21,Romania,7190616,3172669,4077802,https://datelazi.ro/,"Johnson&Johnson, Moderna, Oxford/AstraZeneca, Pfizer/BioNTech"
2021-05-22,Romania,7266067,3224111,4104686,https://datelazi.ro/,"Johnson&Johnson, Moderna, Oxford/AstraZeneca, Pfizer/BioNTech"
2021-05-23,Romania,7320132,3257676,4127895,https://datelazi.ro/,"Johnson&Johnson, Moderna, Oxford/AstraZeneca, Pfizer/BioNTech"
2021-05-24,Romania,7377747,3298077,4150916,https://datelazi.ro/,"Johnson&Johnson, Moderna, Oxford/AstraZeneca, Pfizer/BioNTech"
2021-05-25,Romania,7446567,3349935,4174896,https://datelazi.ro/,"Johnson&Johnson, Moderna, Oxford/AstraZeneca, Pfizer/BioNTech"
2021-05-26,Romania,7517689,3404056,4199900,https://datelazi.ro/,"Johnson&Johnson, Moderna, Oxford/AstraZeneca, Pfizer/BioNTech"
2021-05-27,Romania,7585067,3455344,4224013,https://datelazi.ro/,"Johnson&Johnson, Moderna, Oxford/AstraZeneca, Pfizer/BioNTech"
2021-05-28,Romania,7654544,3509016,4248493,https://datelazi.ro/,"Johnson&Johnson, Moderna, Oxford/AstraZeneca, Pfizer/BioNTech"
2021-05-29,Romania,7731473,3568297,4271047,https://datelazi.ro/,"Johnson&Johnson, Moderna, Oxford/AstraZeneca, Pfizer/BioNTech"
2021-05-30,Romania,7800566,3622680,4290657,https://datelazi.ro/,"Johnson&Johnson, Moderna, Oxford/AstraZeneca, Pfizer/BioNTech"
2021-05-31,Romania,7864699,3673582,4311193,https://datelazi.ro/,"Johnson&Johnson, Moderna, Oxford/AstraZeneca, Pfizer/BioNTech"
2021-06-01,Romania,7917467,3713590,4327904,https://datelazi.ro/,"Johnson&Johnson, Moderna, Oxford/AstraZeneca, Pfizer/BioNTech"
2021-06-02,Romania,7973139,3756485,4347529,https://datelazi.ro/,"Johnson&Johnson, Moderna, Oxford/AstraZeneca, Pfizer/BioNTech"
2021-06-03,Romania,8033752,3803015,4370710,https://datelazi.ro/,"Johnson&Johnson, Moderna, Oxford/AstraZeneca, Pfizer/BioNTech"
2021-06-04,Romania,8101759,3857009,4395731,https://datelazi.ro/,"Johnson&Johnson, Moderna, Oxford/AstraZeneca, Pfizer/BioNTech"
2021-06-05,Romania,8172014,3911801,4416410,https://datelazi.ro/,"Johnson&Johnson, Moderna, Oxford/AstraZeneca, Pfizer/BioNTech"
2021-06-06,Romania,8230116,3958472,4431659,https://datelazi.ro/,"Johnson&Johnson, Moderna, Oxford/AstraZeneca, Pfizer/BioNTech"
2021-06-07,Romania,8279521,3997752,4448864,https://datelazi.ro/,"Johnson&Johnson, Moderna, Oxford/AstraZeneca, Pfizer/BioNTech"
2021-06-08,Romania,8328988,4036699,4468112,https://datelazi.ro/,"Johnson&Johnson, Moderna, Oxford/AstraZeneca, Pfizer/BioNTech"
2021-06-09,Romania,8374861,4072855,4487209,https://datelazi.ro/,"Johnson&Johnson, Moderna, Oxford/AstraZeneca, Pfizer/BioNTech"
2021-06-10,Romania,8416415,4104965,4505763,https://datelazi.ro/,"Johnson&Johnson, Moderna, Oxford/AstraZeneca, Pfizer/BioNTech"
2021-06-11,Romania,8457643,4137956,4523121,https://datelazi.ro/,"Johnson&Johnson, Moderna, Oxford/AstraZeneca, Pfizer/BioNTech"
2021-06-12,Romania,8496891,4168567,4536811,https://datelazi.ro/,"Johnson&Johnson, Moderna, Oxford/AstraZeneca, Pfizer/BioNTech"
2021-06-13,Romania,8528338,4193755,4546699,https://datelazi.ro/,"Johnson&Johnson, Moderna, Oxford/AstraZeneca, Pfizer/BioNTech"
2021-06-14,Romania,8559404,4219071,4558444,https://datelazi.ro/,"Johnson&Johnson, Moderna, Oxford/AstraZeneca, Pfizer/BioNTech"
2021-06-15,Romania,8591729,4245251,4571809,https://datelazi.ro/,"Johnson&Johnson, Moderna, Oxford/AstraZeneca, Pfizer/BioNTech"
2021-06-16,Romania,8623806,4271102,4585234,https://datelazi.ro/,"Johnson&Johnson, Moderna, Oxford/AstraZeneca, Pfizer/BioNTech"
2021-06-17,Romania,8652808,4294484,4597738,https://datelazi.ro/,"Johnson&Johnson, Moderna, Oxford/AstraZeneca, Pfizer/BioNTech"
2021-06-18,Romania,8682121,4318164,4610287,https://datelazi.ro/,"Johnson&Johnson, Moderna, Oxford/AstraZeneca, Pfizer/BioNTech"
2021-06-19,Romania,8707600,4338583,4618571,https://datelazi.ro/,"Johnson&Johnson, Moderna, Oxford/AstraZeneca, Pfizer/BioNTech"
2021-06-20,Romania,8727945,4355131,4624696,https://datelazi.ro/,"Johnson&Johnson, Moderna, Oxford/AstraZeneca, Pfizer/BioNTech"
2021-06-21,Romania,8747985,4370693,4631506,https://datelazi.ro/,"Johnson&Johnson, Moderna, Oxford/AstraZeneca, Pfizer/BioNTech"
2021-06-22,Romania,8771735,4389865,4641336,https://datelazi.ro/,"Johnson&Johnson, Moderna, Oxford/AstraZeneca, Pfizer/BioNTech"
2021-06-23,Romania,8797821,4410810,4652703,https://datelazi.ro/,"Johnson&Johnson, Moderna, Oxford/AstraZeneca, Pfizer/BioNTech"
2021-06-24,Romania,8823420,4431338,4663927,https://datelazi.ro/,"Johnson&Johnson, Moderna, Oxford/AstraZeneca, Pfizer/BioNTech"
2021-06-25,Romania,8849148,4452249,4674879,https://datelazi.ro/,"Johnson&Johnson, Moderna, Oxford/AstraZeneca, Pfizer/BioNTech"
2021-06-26,Romania,8871691,4470150,4682674,https://datelazi.ro/,"Johnson&Johnson, Moderna, Oxford/AstraZeneca, Pfizer/BioNTech"
2021-06-27,Romania,8894234,4488051,4690469,https://datelazi.ro/,"Johnson&Johnson, Moderna, Oxford/AstraZeneca, Pfizer/BioNTech"
2021-06-28,Romania,8913454,4503114,4698815,https://datelazi.ro/,"Johnson&Johnson, Moderna, Oxford/AstraZeneca, Pfizer/BioNTech"
2021-06-29,Romania,8934018,4519003,4708359,https://datelazi.ro/,"Johnson&Johnson, Moderna, Oxford/AstraZeneca, Pfizer/BioNTech"
2021-06-30,Romania,8954818,4534978,4718336,https://datelazi.ro/,"Johnson&Johnson, Moderna, Oxford/AstraZeneca, Pfizer/BioNTech"
2021-07-01,Romania,8973815,4549454,4728008,https://datelazi.ro/,"Johnson&Johnson, Moderna, Oxford/AstraZeneca, Pfizer/BioNTech"
2021-07-02,Romania,8994342,4564579,4739363,https://datelazi.ro/,"Johnson&Johnson, Moderna, Oxford/AstraZeneca, Pfizer/BioNTech"
2021-07-03,Romania,9014869,4579704,4750718,https://datelazi.ro/,"Johnson&Johnson, Moderna, Oxford/AstraZeneca, Pfizer/BioNTech"
2021-07-04,Romania,9026760,4588099,4756463,https://datelazi.ro/,"Johnson&Johnson, Moderna, Oxford/AstraZeneca, Pfizer/BioNTech"
2021-07-05,Romania,9043215,4599800,4765676,https://datelazi.ro/,"Johnson&Johnson, Moderna, Oxford/AstraZeneca, Pfizer/BioNTech"
2021-07-06,Romania,9059920,4612007,4775543,https://datelazi.ro/,"Johnson&Johnson, Moderna, Oxford/AstraZeneca, Pfizer/BioNTech"
2021-07-07,Romania,9076995,4624412,4785952,https://datelazi.ro/,"Johnson&Johnson, Moderna, Oxford/AstraZeneca, Pfizer/BioNTech"
2021-07-08,Romania,9093306,4636305,4795890,https://datelazi.ro/,"Johnson&Johnson, Moderna, Oxford/AstraZeneca, Pfizer/BioNTech"
2021-07-09,Romania,9093306,4636305,4795890,https://datelazi.ro/,"Johnson&Johnson, Moderna, Oxford/AstraZeneca, Pfizer/BioNTech"
2021-07-10,Romania,9118629,4653694,4810625,https://datelazi.ro/,"Johnson&Johnson, Moderna, Oxford/AstraZeneca, Pfizer/BioNTech"
2021-07-11,Romania,9136729,4665672,4820610,https://datelazi.ro/,"Johnson&Johnson, Moderna, Oxford/AstraZeneca, Pfizer/BioNTech"
2021-07-12,Romania,9148811,4674095,4828005,https://datelazi.ro/,"Johnson&Johnson, Moderna, Oxford/AstraZeneca, Pfizer/BioNTech"
2021-07-13,Romania,9163419,4684586,4837012,https://datelazi.ro/,"Johnson&Johnson, Moderna, Oxford/AstraZeneca, Pfizer/BioNTech"
2021-07-14,Romania,9178455,4695506,4846681,https://datelazi.ro/,"Johnson&Johnson, Moderna, Oxford/AstraZeneca, Pfizer/BioNTech"
2021-07-15,Romania,9193271,4706326,4856031,https://datelazi.ro/,"Johnson&Johnson, Moderna, Oxford/AstraZeneca, Pfizer/BioNTech"
2021-07-16,Romania,9208472,4717574,4865938,https://datelazi.ro/,"Johnson&Johnson, Moderna, Oxford/AstraZeneca, Pfizer/BioNTech"
2021-07-17,Romania,9220087,4725444,4872828,https://datelazi.ro/,"Johnson&Johnson, Moderna, Oxford/AstraZeneca, Pfizer/BioNTech"
2021-07-18,Romania,9228150,4730895,4877419,https://datelazi.ro/,"Johnson&Johnson, Moderna, Oxford/AstraZeneca, Pfizer/BioNTech"
2021-07-19,Romania,9241392,4740309,4886061,https://datelazi.ro/,"Johnson&Johnson, Moderna, Oxford/AstraZeneca, Pfizer/BioNTech"
2021-07-20,Romania,9258063,4752361,4897436,https://datelazi.ro/,"Johnson&Johnson, Moderna, Oxford/AstraZeneca, Pfizer/BioNTech"
2021-07-21,Romania,9273241,4762961,4907839,https://datelazi.ro/,"Johnson&Johnson, Moderna, Oxford/AstraZeneca, Pfizer/BioNTech"
2021-07-22,Romania,9289238,4774482,4919009,https://datelazi.ro/,"Johnson&Johnson, Moderna, Oxford/AstraZeneca, Pfizer/BioNTech"
2021-07-23,Romania,9305740,4786676,4930108,https://datelazi.ro/,"Johnson&Johnson, Moderna, Oxford/AstraZeneca, Pfizer/BioNTech"
2021-07-24,Romania,9317852,4794895,4937597,https://datelazi.ro/,"Johnson&Johnson, Moderna, Oxford/AstraZeneca, Pfizer/BioNTech"
2021-07-25,Romania,9325839,4800333,4942334,https://datelazi.ro/,"Johnson&Johnson, Moderna, Oxford/AstraZeneca, Pfizer/BioNTech"
2021-07-26,Romania,9340211,4810721,4951638,https://datelazi.ro/,"Johnson&Johnson, Moderna, Oxford/AstraZeneca, Pfizer/BioNTech"
2021-07-27,Romania,9356115,4822518,4962342,https://datelazi.ro/,"Johnson&Johnson, Moderna, Oxford/AstraZeneca, Pfizer/BioNTech"
2021-07-28,Romania,9371721,4834109,4973073,https://datelazi.ro/,"Johnson&Johnson, Moderna, Oxford/AstraZeneca, Pfizer/BioNTech"
2021-07-29,Romania,9386533,4845121,4983137,https://datelazi.ro/,"Johnson&Johnson, Moderna, Oxford/AstraZeneca, Pfizer/BioNTech"
2021-07-30,Romania,9402396,4857069,4994305,https://datelazi.ro/,"Johnson&Johnson, Moderna, Oxford/AstraZeneca, Pfizer/BioNTech"
2021-07-31,Romania,9413547,4864843,5001452,https://datelazi.ro/,"Johnson&Johnson, Moderna, Oxford/AstraZeneca, Pfizer/BioNTech"
2021-08-01,Romania,9420877,4869906,5005992,https://datelazi.ro/,"Johnson&Johnson, Moderna, Oxford/AstraZeneca, Pfizer/BioNTech"
2021-08-02,Romania,9433305,4878971,5014462,https://datelazi.ro/,"Johnson&Johnson, Moderna, Oxford/AstraZeneca, Pfizer/BioNTech"
2021-08-03,Romania,9448700,4890227,5025636,https://datelazi.ro/,"Johnson&Johnson, Moderna, Oxford/AstraZeneca, Pfizer/BioNTech"
2021-08-04,Romania,9463960,4901541,5036467,https://datelazi.ro/,"Johnson&Johnson, Moderna, Oxford/AstraZeneca, Pfizer/BioNTech"
2021-08-05,Romania,9479255,4913174,5047539,https://datelazi.ro/,"Johnson&Johnson, Moderna, Oxford/AstraZeneca, Pfizer/BioNTech"
2021-08-06,Romania,9494553,4924505,5058941,https://datelazi.ro/,"Johnson&Johnson, Moderna, Oxford/AstraZeneca, Pfizer/BioNTech"
2021-08-07,Romania,9504679,4931469,5065607,https://datelazi.ro/,"Johnson&Johnson, Moderna, Oxford/AstraZeneca, Pfizer/BioNTech"
2021-08-08,Romania,9511550,4936381,5069847,https://datelazi.ro/,"Johnson&Johnson, Moderna, Oxford/AstraZeneca, Pfizer/BioNTech"
2021-08-09,Romania,9518421,4941293,5074087,https://datelazi.ro/,"Johnson&Johnson, Moderna, Oxford/AstraZeneca, Pfizer/BioNTech"
2021-08-10,Romania,9527454,4947121,5078608,https://datelazi.ro/,"Johnson&Johnson, Moderna, Oxford/AstraZeneca, Pfizer/BioNTech"
2021-08-11,Romania,9541532,4958156,5087963,https://datelazi.ro/,"Johnson&Johnson, Moderna, Oxford/AstraZeneca, Pfizer/BioNTech"
2021-08-12,Romania,9555169,4968866,5097212,https://datelazi.ro/,"Johnson&Johnson, Moderna, Oxford/AstraZeneca, Pfizer/BioNTech"
2021-08-13,Romania,9569926,4980796,5107637,https://datelazi.ro/,"Johnson&Johnson, Moderna, Oxford/AstraZeneca, Pfizer/BioNTech"
2021-08-14,Romania,9579458,4988049,5113599,https://datelazi.ro/,"Johnson&Johnson, Moderna, Oxford/AstraZeneca, Pfizer/BioNTech"
2021-08-15,Romania,9585012,4992425,5116870,https://datelazi.ro/,"Johnson&Johnson, Moderna, Oxford/AstraZeneca, Pfizer/BioNTech"
2021-08-16,Romania,9596801,5002025,5124558,https://datelazi.ro/,"Johnson&Johnson, Moderna, Oxford/AstraZeneca, Pfizer/BioNTech"
2021-08-17,Romania,9610245,5012813,5133719,https://datelazi.ro/,"Johnson&Johnson, Moderna, Oxford/AstraZeneca, Pfizer/BioNTech"
2021-08-18,Romania,9624206,5024147,5143527,https://datelazi.ro/,"Johnson&Johnson, Moderna, Oxford/AstraZeneca, Pfizer/BioNTech"
2021-08-19,Romania,9637172,5034584,5152843,https://datelazi.ro/,"Johnson&Johnson, Moderna, Oxford/AstraZeneca, Pfizer/BioNTech"
2021-08-20,Romania,9650406,5045222,5162148,https://datelazi.ro/,"Johnson&Johnson, Moderna, Oxford/AstraZeneca, Pfizer/BioNTech"
2021-08-21,Romania,9659566,5052020,5168062,https://datelazi.ro/,"Johnson&Johnson, Moderna, Oxford/AstraZeneca, Pfizer/BioNTech"
2021-08-22,Romania,9665209,5056251,5171468,https://datelazi.ro/,"Johnson&Johnson, Moderna, Oxford/AstraZeneca, Pfizer/BioNTech"
2021-08-23,Romania,9676899,5065518,5179306,https://datelazi.ro/,"Johnson&Johnson, Moderna, Oxford/AstraZeneca, Pfizer/BioNTech"
2021-08-24,Romania,9690308,5076144,5188629,https://datelazi.ro/,"Johnson&Johnson, Moderna, Oxford/AstraZeneca, Pfizer/BioNTech"
2021-08-25,Romania,9703797,5086628,5198259,https://datelazi.ro/,"Johnson&Johnson, Moderna, Oxford/AstraZeneca, Pfizer/BioNTech"
2021-08-26,Romania,9717092,5096932,5207895,https://datelazi.ro/,"Johnson&Johnson, Moderna, Oxford/AstraZeneca, Pfizer/BioNTech"
2021-08-27,Romania,9730455,5107382,5217377,https://datelazi.ro/,"Johnson&Johnson, Moderna, Oxford/AstraZeneca, Pfizer/BioNTech"
2021-08-28,Romania,9739150,5113739,5222904,https://datelazi.ro/,"Johnson&Johnson, Moderna, Oxford/AstraZeneca, Pfizer/BioNTech"
2021-08-29,Romania,9744770,5117809,5226491,https://datelazi.ro/,"Johnson&Johnson, Moderna, Oxford/AstraZeneca, Pfizer/BioNTech"
2021-08-30,Romania,9755425,5125862,5233731,https://datelazi.ro/,"Johnson&Johnson, Moderna, Oxford/AstraZeneca, Pfizer/BioNTech"
2021-08-31,Romania,9767531,5135003,5242450,https://datelazi.ro/,"Johnson&Johnson, Moderna, Oxford/AstraZeneca, Pfizer/BioNTech"
2021-09-01,Romania,9778548,5143110,5250401,https://datelazi.ro/,"Johnson&Johnson, Moderna, Oxford/AstraZeneca, Pfizer/BioNTech"
2021-09-02,Romania,9789397,5151276,5258194,https://datelazi.ro/,"Johnson&Johnson, Moderna, Oxford/AstraZeneca, Pfizer/BioNTech"
2021-09-03,Romania,9800229,5159282,5266224,https://datelazi.ro/,"Johnson&Johnson, Moderna, Oxford/AstraZeneca, Pfizer/BioNTech"
2021-09-04,Romania,9806905,5163785,5270799,https://datelazi.ro/,"Johnson&Johnson, Moderna, Oxford/AstraZeneca, Pfizer/BioNTech"
2021-09-05,Romania,9810927,5166488,5273535,https://datelazi.ro/,"Johnson&Johnson, Moderna, Oxford/AstraZeneca, Pfizer/BioNTech"
2021-09-06,Romania,9819017,5172483,5279087,https://datelazi.ro/,"Johnson&Johnson, Moderna, Oxford/AstraZeneca, Pfizer/BioNTech"
2021-09-07,Romania,9827984,5179164,5285433,https://datelazi.ro/,"Johnson&Johnson, Moderna, Oxford/AstraZeneca, Pfizer/BioNTech"
2021-09-08,Romania,9837452,5186126,5292279,https://datelazi.ro/,"Johnson&Johnson, Moderna, Oxford/AstraZeneca, Pfizer/BioNTech"
2021-09-09,Romania,9846480,5192766,5298793,https://datelazi.ro/,"Johnson&Johnson, Moderna, Oxford/AstraZeneca, Pfizer/BioNTech"
2021-09-10,Romania,9856663,5200211,5306297,https://datelazi.ro/,"Johnson&Johnson, Moderna, Oxford/AstraZeneca, Pfizer/BioNTech"
2021-09-11,Romania,9863879,5204898,5311278,https://datelazi.ro/,"Johnson&Johnson, Moderna, Oxford/AstraZeneca, Pfizer/BioNTech"
2021-09-12,Romania,9868450,5207984,5314426,https://datelazi.ro/,"Johnson&Johnson, Moderna, Oxford/AstraZeneca, Pfizer/BioNTech"
2021-09-13,Romania,9876490,5213954,5319960,https://datelazi.ro/,"Johnson&Johnson, Moderna, Oxford/AstraZeneca, Pfizer/BioNTech"
2021-09-14,Romania,9886543,5221369,5327087,https://datelazi.ro/,"Johnson&Johnson, Moderna, Oxford/AstraZeneca, Pfizer/BioNTech"
2021-09-15,Romania,9897046,5228998,5334745,https://datelazi.ro/,"Johnson&Johnson, Moderna, Oxford/AstraZeneca, Pfizer/BioNTech"
2021-09-16,Romania,9908235,5237170,5342958,https://datelazi.ro/,"Johnson&Johnson, Moderna, Oxford/AstraZeneca, Pfizer/BioNTech"
2021-09-17,Romania,9921602,5246397,5353349,https://datelazi.ro/,"Johnson&Johnson, Moderna, Oxford/AstraZeneca, Pfizer/BioNTech"
2021-09-18,Romania,9931786,5252394,5361038,https://datelazi.ro/,"Johnson&Johnson, Moderna, Oxford/AstraZeneca, Pfizer/BioNTech"
2021-09-19,Romania,9939162,5256808,5366765,https://datelazi.ro/,"Johnson&Johnson, Moderna, Oxford/AstraZeneca, Pfizer/BioNTech"
2021-09-20,Romania,9951188,5264841,5376116,https://datelazi.ro/,"Johnson&Johnson, Moderna, Oxford/AstraZeneca, Pfizer/BioNTech"
2021-09-21,Romania,9966870,5275397,5388612,https://datelazi.ro/,"Johnson&Johnson, Moderna, Oxford/AstraZeneca, Pfizer/BioNTech"
2021-09-22,Romania,9983732,5286774,5402360,https://datelazi.ro/,"Johnson&Johnson, Moderna, Oxford/AstraZeneca, Pfizer/BioNTech"
2021-09-23,Romania,10002146,5298861,5418006,https://datelazi.ro/,"Johnson&Johnson, Moderna, Oxford/AstraZeneca, Pfizer/BioNTech"
2021-09-24,Romania,10022127,5311887,5435068,https://datelazi.ro/,"Johnson&Johnson, Moderna, Oxford/AstraZeneca, Pfizer/BioNTech"
2021-09-25,Romania,10038861,5321291,5449319,https://datelazi.ro/,"Johnson&Johnson, Moderna, Oxford/AstraZeneca, Pfizer/BioNTech"
2021-09-26,Romania,10049874,5327628,5458874,https://datelazi.ro/,"Johnson&Johnson, Moderna, Oxford/AstraZeneca, Pfizer/BioNTech"
2021-09-27,Romania,10067860,5338990,5474507,https://datelazi.ro/,"Johnson&Johnson, Moderna, Oxford/AstraZeneca, Pfizer/BioNTech"
2021-09-28,Romania,10110672,5353184,,https://datelazi.ro/,"Johnson&Johnson, Moderna, Oxford/AstraZeneca, Pfizer/BioNTech"
2021-09-29,Romania,10171767,5368241,,https://datelazi.ro/,"Johnson&Johnson, Moderna, Oxford/AstraZeneca, Pfizer/BioNTech"
2021-09-30,Romania,10233640,5384003,,https://datelazi.ro/,"Johnson&Johnson, Moderna, Oxford/AstraZeneca, Pfizer/BioNTech"
2021-10-01,Romania,10295476,5401341,,https://datelazi.ro/,"Johnson&Johnson, Moderna, Oxford/AstraZeneca, Pfizer/BioNTech"
2021-10-02,Romania,10341041,5413050,,https://datelazi.ro/,"Johnson&Johnson, Moderna, Oxford/AstraZeneca, Pfizer/BioNTech"
2021-10-03,Romania,10371528,5421165,,https://datelazi.ro/,"Johnson&Johnson, Moderna, Oxford/AstraZeneca, Pfizer/BioNTech"
2021-10-04,Romania,10424425,5434368,,https://datelazi.ro/,"Johnson&Johnson, Moderna, Oxford/AstraZeneca, Pfizer/BioNTech"
2021-10-05,Romania,10484905,5451352,,https://datelazi.ro/,"Johnson&Johnson, Moderna, Oxford/AstraZeneca, Pfizer/BioNTech"
2021-10-06,Romania,10540816,5466960,,https://datelazi.ro/,"Johnson&Johnson, Moderna, Oxford/AstraZeneca, Pfizer/BioNTech"
2021-10-07,Romania,10603439,5485298,,https://datelazi.ro/,"Johnson&Johnson, Moderna, Oxford/AstraZeneca, Pfizer/BioNTech"
2021-10-08,Romania,10670691,5506187,,https://datelazi.ro/,"Johnson&Johnson, Moderna, Oxford/AstraZeneca, Pfizer/BioNTech"
2021-10-09,Romania,10723506,5521333,,https://datelazi.ro/,"Johnson&Johnson, Moderna, Oxford/AstraZeneca, Pfizer/BioNTech"
2021-10-10,Romania,10758900,5531778,,https://datelazi.ro/,"Johnson&Johnson, Moderna, Oxford/AstraZeneca, Pfizer/BioNTech"
2021-10-11,Romania,10810621,5546873,,https://datelazi.ro/,"Johnson&Johnson, Moderna, Oxford/AstraZeneca, Pfizer/BioNTech"
2021-10-12,Romania,10869030,5566067,,https://datelazi.ro/,"Johnson&Johnson, Moderna, Oxford/AstraZeneca, Pfizer/BioNTech"
2021-10-13,Romania,10929156,5586307,,https://datelazi.ro/,"Johnson&Johnson, Moderna, Oxford/AstraZeneca, Pfizer/BioNTech"
2021-10-14,Romania,10997009,5608781,,https://datelazi.ro/,"Johnson&Johnson, Moderna, Oxford/AstraZeneca, Pfizer/BioNTech"
2021-10-15,Romania,11070386,5635136,,https://datelazi.ro/,"Johnson&Johnson, Moderna, Oxford/AstraZeneca, Pfizer/BioNTech"
2021-10-16,Romania,11129705,5654687,,https://datelazi.ro/,"Johnson&Johnson, Moderna, Oxford/AstraZeneca, Pfizer/BioNTech"
2021-10-17,Romania,11171271,5668360,,https://datelazi.ro/,"Johnson&Johnson, Moderna, Oxford/AstraZeneca, Pfizer/BioNTech"
2021-10-18,Romania,11233327,5689257,,https://datelazi.ro/,"Johnson&Johnson, Moderna, Oxford/AstraZeneca, Pfizer/BioNTech"
2021-10-19,Romania,11302068,5714109,,https://datelazi.ro/,"Johnson&Johnson, Moderna, Oxford/AstraZeneca, Pfizer/BioNTech"
2021-10-20,Romania,11381627,5741882,,https://datelazi.ro/,"Johnson&Johnson, Moderna, Oxford/AstraZeneca, Pfizer/BioNTech"
2021-10-21,Romania,11481003,5778037,,https://datelazi.ro/,"Johnson&Johnson, Moderna, Oxford/AstraZeneca, Pfizer/BioNTech"
2021-10-22,Romania,11609017,5828308,,https://datelazi.ro/,"Johnson&Johnson, Moderna, Oxford/AstraZeneca, Pfizer/BioNTech"
2021-10-23,Romania,11736326,5876290,,https://datelazi.ro/,"Johnson&Johnson, Moderna, Oxford/AstraZeneca, Pfizer/BioNTech"
2021-10-24,Romania,11846865,5919840,,https://datelazi.ro/,"Johnson&Johnson, Moderna, Oxford/AstraZeneca, Pfizer/BioNTech"
2021-10-25,Romania,11974813,5974029,,https://datelazi.ro/,"Johnson&Johnson, Moderna, Oxford/AstraZeneca, Pfizer/BioNTech"
2021-10-26,Romania,12125452,6041736,,https://datelazi.ro/,"Johnson&Johnson, Moderna, Oxford/AstraZeneca, Pfizer/BioNTech"
2021-10-27,Romania,12276387,6110702,,https://datelazi.ro/,"Johnson&Johnson, Moderna, Oxford/AstraZeneca, Pfizer/BioNTech"
2021-10-28,Romania,12402879,6171382,,https://datelazi.ro/,"Johnson&Johnson, Moderna, Oxford/AstraZeneca, Pfizer/BioNTech"
2021-10-29,Romania,12522686,6230292,,https://datelazi.ro/,"Johnson&Johnson, Moderna, Oxford/AstraZeneca, Pfizer/BioNTech"
2021-10-30,Romania,12611562,6269486,,https://datelazi.ro/,"Johnson&Johnson, Moderna, Oxford/AstraZeneca, Pfizer/BioNTech"
2021-10-31,Romania,12676731,6297622,,https://datelazi.ro/,"Johnson&Johnson, Moderna, Oxford/AstraZeneca, Pfizer/BioNTech"
2021-11-01,Romania,12756911,6334232,,https://datelazi.ro/,"Johnson&Johnson, Moderna, Oxford/AstraZeneca, Pfizer/BioNTech"
2021-11-02,Romania,12835332,6370311,,https://datelazi.ro/,"Johnson&Johnson, Moderna, Oxford/AstraZeneca, Pfizer/BioNTech"
2021-11-03,Romania,12917830,6407432,,https://datelazi.ro/,"Johnson&Johnson, Moderna, Oxford/AstraZeneca, Pfizer/BioNTech"
2021-11-04,Romania,13000444,6444942,,https://datelazi.ro/,"Johnson&Johnson, Moderna, Oxford/AstraZeneca, Pfizer/BioNTech"
2021-11-05,Romania,13090373,6485590,,https://datelazi.ro/,"Johnson&Johnson, Moderna, Oxford/AstraZeneca, Pfizer/BioNTech"
2021-11-06,Romania,13161544,6514882,,https://datelazi.ro/,"Johnson&Johnson, Moderna, Oxford/AstraZeneca, Pfizer/BioNTech"
2021-11-07,Romania,13218245,6537790,,https://datelazi.ro/,"Johnson&Johnson, Moderna, Oxford/AstraZeneca, Pfizer/BioNTech"
2021-11-08,Romania,13288145,6567685,,https://datelazi.ro/,"Johnson&Johnson, Moderna, Oxford/AstraZeneca, Pfizer/BioNTech"
2021-11-09,Romania,13356019,6599913,,https://datelazi.ro/,"Johnson&Johnson, Moderna, Oxford/AstraZeneca, Pfizer/BioNTech"
2021-11-10,Romania,13427624,6635240,,https://datelazi.ro/,"Johnson&Johnson, Moderna, Oxford/AstraZeneca, Pfizer/BioNTech"
2021-11-11,Romania,13509775,6680914,,https://datelazi.ro/,"Johnson&Johnson, Moderna, Oxford/AstraZeneca, Pfizer/BioNTech"
2021-11-12,Romania,13607486,6737499,,https://datelazi.ro/,"Johnson&Johnson, Moderna, Oxford/AstraZeneca, Pfizer/BioNTech"
2021-11-13,Romania,13700291,6792733,,https://datelazi.ro/,"Johnson&Johnson, Moderna, Oxford/AstraZeneca, Pfizer/BioNTech"
2021-11-14,Romania,13780918,6843419,,https://datelazi.ro/,"Johnson&Johnson, Moderna, Oxford/AstraZeneca, Pfizer/BioNTech"
2021-11-15,Romania,13871760,6897669,,https://datelazi.ro/,"Johnson&Johnson, Moderna, Oxford/AstraZeneca, Pfizer/BioNTech"
2021-11-16,Romania,13970171,6958736,,https://datelazi.ro/,"Johnson&Johnson, Moderna, Oxford/AstraZeneca, Pfizer/BioNTech"
2021-11-17,Romania,14054680,7017755,,https://datelazi.ro/,"Johnson&Johnson, Moderna, Oxford/AstraZeneca, Pfizer/BioNTech"
2021-11-18,Romania,14143558,7068708,,https://datelazi.ro/,"Johnson&Johnson, Moderna, Oxford/AstraZeneca, Pfizer/BioNTech"
2021-11-19,Romania,14234034,7117567,,https://datelazi.ro/,"Johnson&Johnson, Moderna, Oxford/AstraZeneca, Pfizer/BioNTech"
2021-11-20,Romania,14313204,7156384,,https://datelazi.ro/,"Johnson&Johnson, Moderna, Oxford/AstraZeneca, Pfizer/BioNTech"
2021-11-21,Romania,14370933,7185670,,https://datelazi.ro/,"Johnson&Johnson, Moderna, Oxford/AstraZeneca, Pfizer/BioNTech"
2021-11-22,Romania,14436023,7217733,,https://datelazi.ro/,"Johnson&Johnson, Moderna, Oxford/AstraZeneca, Pfizer/BioNTech"
2021-11-23,Romania,14502562,7250727,,https://datelazi.ro/,"Johnson&Johnson, Moderna, Oxford/AstraZeneca, Pfizer/BioNTech"
2021-11-24,Romania,14568733,7282874,,https://datelazi.ro/,"Johnson&Johnson, Moderna, Oxford/AstraZeneca, Pfizer/BioNTech"
2021-11-25,Romania,14633906,7314379,,https://datelazi.ro/,"Johnson&Johnson, Moderna, Oxford/AstraZeneca, Pfizer/BioNTech"
2021-11-26,Romania,14704474,7346689,,https://datelazi.ro/,"Johnson&Johnson, Moderna, Oxford/AstraZeneca, Pfizer/BioNTech"
2021-11-27,Romania,14766479,7373064,,https://datelazi.ro/,"Johnson&Johnson, Moderna, Oxford/AstraZeneca, Pfizer/BioNTech"
2021-11-28,Romania,14813465,7393228,,https://datelazi.ro/,"Johnson&Johnson, Moderna, Oxford/AstraZeneca, Pfizer/BioNTech"
2021-11-29,Romania,14868793,7415357,,https://datelazi.ro/,"Johnson&Johnson, Moderna, Oxford/AstraZeneca, Pfizer/BioNTech"
2021-11-30,Romania,14910355,7431916,,https://datelazi.ro/,"Johnson&Johnson, Moderna, Oxford/AstraZeneca, Pfizer/BioNTech"
2021-12-01,Romania,14935192,7443783,,https://datelazi.ro/,"Johnson&Johnson, Moderna, Oxford/AstraZeneca, Pfizer/BioNTech"
2021-12-02,Romania,14980192,7463963,,https://datelazi.ro/,"Johnson&Johnson, Moderna, Oxford/AstraZeneca, Pfizer/BioNTech"
2021-12-03,Romania,15035366,7488507,,https://datelazi.ro/,"Johnson&Johnson, Moderna, Oxford/AstraZeneca, Pfizer/BioNTech"
2021-12-04,Romania,15079161,7507203,,https://datelazi.ro/,"Johnson&Johnson, Moderna, Oxford/AstraZeneca, Pfizer/BioNTech"
2021-12-05,Romania,15111895,7522127,,https://datelazi.ro/,"Johnson&Johnson, Moderna, Oxford/AstraZeneca, Pfizer/BioNTech"
2021-12-06,Romania,15157189,7541662,,https://datelazi.ro/,"Johnson&Johnson, Moderna, Oxford/AstraZeneca, Pfizer/BioNTech"
2021-12-07,Romania,15197332,7559544,,https://datelazi.ro/,"Johnson&Johnson, Moderna, Oxford/AstraZeneca, Pfizer/BioNTech"
2021-12-08,Romania,15231255,7575337,,https://datelazi.ro/,"Johnson&Johnson, Moderna, Oxford/AstraZeneca, Pfizer/BioNTech"
2021-12-09,Romania,15270021,7593882,,https://datelazi.ro/,"Johnson&Johnson, Moderna, Oxford/AstraZeneca, Pfizer/BioNTech"
2021-12-10,Romania,15315420,7612830,,https://datelazi.ro/,"Johnson&Johnson, Moderna, Oxford/AstraZeneca, Pfizer/BioNTech"
2021-12-11,Romania,15353937,7628548,,https://datelazi.ro/,"Johnson&Johnson, Moderna, Oxford/AstraZeneca, Pfizer/BioNTech"
2021-12-12,Romania,15380319,7640006,,https://datelazi.ro/,"Johnson&Johnson, Moderna, Oxford/AstraZeneca, Pfizer/BioNTech"
2021-12-13,Romania,15413022,7653570,,https://datelazi.ro/,"Johnson&Johnson, Moderna, Oxford/AstraZeneca, Pfizer/BioNTech"
2021-12-14,Romania,15448199,7667484,,https://datelazi.ro/,"Johnson&Johnson, Moderna, Oxford/AstraZeneca, Pfizer/BioNTech"
2021-12-15,Romania,15482791,7680716,,https://datelazi.ro/,"Johnson&Johnson, Moderna, Oxford/AstraZeneca, Pfizer/BioNTech"
2021-12-16,Romania,15515416,7693689,,https://datelazi.ro/,"Johnson&Johnson, Moderna, Oxford/AstraZeneca, Pfizer/BioNTech"
2021-12-17,Romania,15551604,7708072,,https://datelazi.ro/,"Johnson&Johnson, Moderna, Oxford/AstraZeneca, Pfizer/BioNTech"
2021-12-18,Romania,15579924,7718704,,https://datelazi.ro/,"Johnson&Johnson, Moderna, Oxford/AstraZeneca, Pfizer/BioNTech"
2021-12-19,Romania,15600803,7726940,,https://datelazi.ro/,"Johnson&Johnson, Moderna, Oxford/AstraZeneca, Pfizer/BioNTech"
2021-12-20,Romania,15630621,7738599,,https://datelazi.ro/,"Johnson&Johnson, Moderna, Oxford/AstraZeneca, Pfizer/BioNTech"
2021-12-21,Romania,15658705,7749556,,https://datelazi.ro/,"Johnson&Johnson, Moderna, Oxford/AstraZeneca, Pfizer/BioNTech"
2021-12-22,Romania,15683688,7758645,,https://datelazi.ro/,"Johnson&Johnson, Moderna, Oxford/AstraZeneca, Pfizer/BioNTech"
2021-12-23,Romania,15705974,7768209,,https://datelazi.ro/,"Johnson&Johnson, Moderna, Oxford/AstraZeneca, Pfizer/BioNTech"
2021-12-24,Romania,15719411,7774078,,https://datelazi.ro/,"Johnson&Johnson, Moderna, Oxford/AstraZeneca, Pfizer/BioNTech"
2021-12-25,Romania,15720896,7775049,,https://datelazi.ro/,"Johnson&Johnson, Moderna, Oxford/AstraZeneca, Pfizer/BioNTech"
2021-12-26,Romania,15724114,7776873,,https://datelazi.ro/,"Johnson&Johnson, Moderna, Oxford/AstraZeneca, Pfizer/BioNTech"
2021-12-27,Romania,15745511,7786593,,https://datelazi.ro/,"Johnson&Johnson, Moderna, Oxford/AstraZeneca, Pfizer/BioNTech"
2021-12-28,Romania,15771186,7796985,,https://datelazi.ro/,"Johnson&Johnson, Moderna, Oxford/AstraZeneca, Pfizer/BioNTech"
2021-12-29,Romania,15796781,7806308,,https://datelazi.ro/,"Johnson&Johnson, Moderna, Oxford/AstraZeneca, Pfizer/BioNTech"
2021-12-30,Romania,15816487,7813589,,https://datelazi.ro/,"Johnson&Johnson, Moderna, Oxford/AstraZeneca, Pfizer/BioNTech"
2021-12-31,Romania,15824909,7817215,,https://datelazi.ro/,"Johnson&Johnson, Moderna, Oxford/AstraZeneca, Pfizer/BioNTech"
2022-01-01,Romania,15825626,7817575,,https://datelazi.ro/,"Johnson&Johnson, Moderna, Oxford/AstraZeneca, Pfizer/BioNTech"
2022-01-02,Romania,15830772,7819624,,https://datelazi.ro/,"Johnson&Johnson, Moderna, Oxford/AstraZeneca, Pfizer/BioNTech"
2022-01-03,Romania,15856687,7829246,,https://datelazi.ro/,"Johnson&Johnson, Moderna, Oxford/AstraZeneca, Pfizer/BioNTech"
2022-01-04,Romania,15887687,7839365,,https://datelazi.ro/,"Johnson&Johnson, Moderna, Oxford/AstraZeneca, Pfizer/BioNTech"
2022-01-05,Romania,15920447,7848712,,https://datelazi.ro/,"Johnson&Johnson, Moderna, Oxford/AstraZeneca, Pfizer/BioNTech"
2022-01-06,Romania,15950969,7857473,,https://datelazi.ro/,"Johnson&Johnson, Moderna, Oxford/AstraZeneca, Pfizer/BioNTech"
2022-01-07,Romania,15983827,7866153,,https://datelazi.ro/,"Johnson&Johnson, Moderna, Oxford/AstraZeneca, Pfizer/BioNTech"
2022-01-08,Romania,16024810,7876009,,https://datelazi.ro/,"Johnson&Johnson, Moderna, Oxford/AstraZeneca, Pfizer/BioNTech"
2022-01-09,Romania,16039660,7879354,,https://datelazi.ro/,"Johnson&Johnson, Moderna, Oxford/AstraZeneca, Pfizer/BioNTech"
2022-01-10,Romania,16065053,7886538,,https://datelazi.ro/,"Johnson&Johnson, Moderna, Oxford/AstraZeneca, Pfizer/BioNTech"
2022-01-11,Romania,16090958,7893950,,https://datelazi.ro/,"Johnson&Johnson, Moderna, Oxford/AstraZeneca, Pfizer/BioNTech"
2022-01-12,Romania,16115653,7900632,,https://datelazi.ro/,"Johnson&Johnson, Moderna, Oxford/AstraZeneca, Pfizer/BioNTech"
2022-01-13,Romania,16136632,7906499,,https://datelazi.ro/,"Johnson&Johnson, Moderna, Oxford/AstraZeneca, Pfizer/BioNTech"
2022-01-14,Romania,16161475,7912048,,https://datelazi.ro/,"Johnson&Johnson, Moderna, Oxford/AstraZeneca, Pfizer/BioNTech"
2022-01-15,Romania,16178998,7914731,,https://datelazi.ro/,"Johnson&Johnson, Moderna, Oxford/AstraZeneca, Pfizer/BioNTech"
2022-01-16,Romania,16188698,7916347,,https://datelazi.ro/,"Johnson&Johnson, Moderna, Oxford/AstraZeneca, Pfizer/BioNTech"
2022-01-17,Romania,16205661,7921134,,https://datelazi.ro/,"Johnson&Johnson, Moderna, Oxford/AstraZeneca, Pfizer/BioNTech"
2022-01-18,Romania,16222341,7926434,,https://datelazi.ro/,"Johnson&Johnson, Moderna, Oxford/AstraZeneca, Pfizer/BioNTech"
2022-01-19,Romania,16239058,7931630,,https://datelazi.ro/,"Johnson&Johnson, Moderna, Oxford/AstraZeneca, Pfizer/BioNTech"
2022-01-20,Romania,16254595,7936434,,https://datelazi.ro/,"Johnson&Johnson, Moderna, Oxford/AstraZeneca, Pfizer/BioNTech"
2022-01-21,Romania,16271662,7940321,,https://datelazi.ro/,"Johnson&Johnson, Moderna, Oxford/AstraZeneca, Pfizer/BioNTech"
2022-01-22,Romania,16288370,7942418,,https://datelazi.ro/,"Johnson&Johnson, Moderna, Oxford/AstraZeneca, Pfizer/BioNTech"
2022-01-23,Romania,16292476,7943875,,https://datelazi.ro/,"Johnson&Johnson, Moderna, Oxford/AstraZeneca, Pfizer/BioNTech"
2022-01-24,Romania,16305409,7946682,,https://datelazi.ro/,"Johnson&Johnson, Moderna, Oxford/AstraZeneca, Pfizer/BioNTech"
2022-01-25,Romania,16322725,7951432,,https://datelazi.ro/,"Johnson&Johnson, Moderna, Oxford/AstraZeneca, Pfizer/BioNTech"
2022-01-26,Romania,16341598,7956592,,https://datelazi.ro/,"Johnson&Johnson, Moderna, Oxford/AstraZeneca, Pfizer/BioNTech"
2022-01-27,Romania,16361802,7961586,,https://datelazi.ro/,"Johnson&Johnson, Moderna, Oxford/AstraZeneca, Pfizer/BioNTech"
2022-01-28,Romania,16384935,7967059,,https://datelazi.ro/,"Johnson&Johnson, Moderna, Oxford/AstraZeneca, Pfizer/BioNTech"
2022-01-29,Romania,16404068,7970868,,https://datelazi.ro/,"Johnson&Johnson, Moderna, Oxford/AstraZeneca, Pfizer/BioNTech"
2022-01-30,Romania,,,8112587.0,https://covid19.who.int/,"Johnson&Johnson, Moderna, Oxford/AstraZeneca, Pfizer/BioNTech"
2022-01-31,Romania,16432047,7977592,,https://datelazi.ro/,"Johnson&Johnson, Moderna, Oxford/AstraZeneca, Pfizer/BioNTech"
2022-02-01,Romania,16449116,7982198,,https://datelazi.ro/,"Johnson&Johnson, Moderna, Oxford/AstraZeneca, Pfizer/BioNTech"
2022-02-02,Romania,16465301,7986889,,https://datelazi.ro/,"Johnson&Johnson, Moderna, Oxford/AstraZeneca, Pfizer/BioNTech"
2022-02-03,Romania,16479884,7991323,,https://datelazi.ro/,"Johnson&Johnson, Moderna, Oxford/AstraZeneca, Pfizer/BioNTech"
2022-02-04,Romania,16496535,7996163,,https://datelazi.ro/,"Johnson&Johnson, Moderna, Oxford/AstraZeneca, Pfizer/BioNTech"
2022-02-05,Romania,16509541,7999397,,https://datelazi.ro/,"Johnson&Johnson, Moderna, Oxford/AstraZeneca, Pfizer/BioNTech"
2022-02-06,Romania,16516932,8001228,,https://datelazi.ro/,"Johnson&Johnson, Moderna, Oxford/AstraZeneca, Pfizer/BioNTech"
