location,date,vaccine,source_url,people_vaccinated,people_fully_vaccinated,total_boosters,total_vaccinations
Thailand,2021-02-27,Sinovac,https://www.bangkokpost.com/thailand/general/2076339/thailand-adds-80-covid-cases-monday,0,0,,0
Thailand,2021-03-01,Sinovac,https://www.bangkokpost.com/thailand/general/2076339/thailand-adds-80-covid-cases-monday,319,0,,319
Thailand,2021-03-02,Sinovac,https://thestandard.co/people-who-have-been-vaccinated-against-covid-19-in-thailand/,7262,0,,7262
Thailand,2021-03-10,Sinovac,https://www.rfa.org/english/news/myanmar/vaccinate-03102021170611.html,33621,0,,33621
Thailand,2021-03-13,"Oxford/AstraZeneca, Sinovac",https://thethaiger.com/coronavirus/thailands-private-hospitals-planning-to-profit-off-covid-19-vaccine,53842,0,,53842
Thailand,2021-03-24,"Oxford/AstraZeneca, Sinovac",https://www.archyde.com/update-96188-cumulative-covid-vaccination-new-lot-which-province-get-how-much-check-now/,96188,5862,,102050
Thailand,2021-03-30,"Oxford/AstraZeneca, Sinovac",https://www.facebook.com/OICDDC/posts/3823323381121560?__cft__[0]=AZUBhFzaeqDrKw94O4rihYF25MEE3u-iYzTFdrO7mUmZcGQl3SEzU337_BYPaoM-KuiPJ-if2dWLg2Z_skUes3sbCR10KVgC_TxkfA6nWv4yHDccwsAuvsfG2vHMtwtD3KGiJ4s8V1B80gZalb94AQOtE1DV5yvqAlKMfJQJqdYiKg&__tn__=%2CO%2CP-R,151413,29064,,180477
Thailand,2021-04-01,"Oxford/AstraZeneca, Sinovac",https://ddc.moph.go.th/uploads/ckeditor2//files/Daily%20report%202021-04-02.pdf,167235,37407,,204642
Thailand,2021-04-02,"Oxford/AstraZeneca, Sinovac",https://www.facebook.com/OICDDC/posts/3837210029732895?__cft__[0]=AZWkzOmy_788-Bi2U4l-a1OVFMUtMEpuE-voLL4UHfmMlNX5RSIAd9B9_5l0W6hr6TzSAOPkVf4DFI8iCsH3aNiWQWjPFXC6SoBqQlHud3mW-aAipFPAiHC3Z7HSq2z7CeJOwSF4gKiIkP16wY9GAy64zDjGXllE0m5E9gXyBp7fCw&__tn__=%2CO%2CP-R,189666,42216,,231882
Thailand,2021-04-03,"Oxford/AstraZeneca, Sinovac",https://ddc.moph.go.th/uploads/ckeditor2//files/Daily%20report%202021-04-04.pdf,201864,42390,,244254
Thailand,2021-04-04,"Oxford/AstraZeneca, Sinovac",https://ddc.moph.go.th/uploads/ckeditor2//files/Daily%20report%202021-04-05.pdf,213948,43536,,257484
Thailand,2021-04-05,"Oxford/AstraZeneca, Sinovac",https://ddc.moph.go.th/uploads/ckeditor2//files/Dialy%20report%202021-04-06.pdf,247850,47031,,294881
Thailand,2021-04-06,"Oxford/AstraZeneca, Sinovac",https://ddc.moph.go.th/uploads/ckeditor2//files/Dialy%20report%202021-04-07.pdf,274354,49635,,323989
Thailand,2021-04-07,"Oxford/AstraZeneca, Sinovac",https://ddc.moph.go.th/uploads/ckeditor2//files/Dialy%20report%202021-04-08.pdf,336808,54944,,391752
Thailand,2021-04-08,"Oxford/AstraZeneca, Sinovac",https://ddc.moph.go.th/uploads/ckeditor2//files/Dialy%20report%202021-04-09.pdf,405911,60463,,466374
Thailand,2021-04-09,"Oxford/AstraZeneca, Sinovac",https://ddc.moph.go.th/uploads/ckeditor2//files/Dialy%20report%202021-04-10.pdf,470301,67079,,537380
Thailand,2021-04-10,"Oxford/AstraZeneca, Sinovac",https://ddc.moph.go.th/uploads/ckeditor2//files/Dialy%20report%202021-04-11.pdf,485957,69439,,555396
Thailand,2021-04-11,"Oxford/AstraZeneca, Sinovac",https://ddc.moph.go.th/uploads/ckeditor2//files/Dialy%20report%202021-04-12.pdf,498791,71261,,570052
Thailand,2021-04-12,"Oxford/AstraZeneca, Sinovac",https://ddc.moph.go.th/uploads/ckeditor2//files/Dialy%20report%202021-04-13.pdf,505215,73317,,578532
Thailand,2021-04-13,"Oxford/AstraZeneca, Sinovac",https://ddc.moph.go.th/uploads/ckeditor2//files/Daily%20report%202021-04-14.pdf,505744,73561,,579305
Thailand,2021-04-15,"Oxford/AstraZeneca, Sinovac",https://ddc.moph.go.th/uploads/ckeditor2//files/Daily%20report%202021-04-16.pdf,510456,75576,,586032
Thailand,2021-04-16,"Oxford/AstraZeneca, Sinovac",https://ddc.moph.go.th/uploads/ckeditor2//files/Daily%20report%202021-04-17.pdf,523830,81429,,605259
Thailand,2021-04-17,"Oxford/AstraZeneca, Sinovac",https://ddc.moph.go.th/uploads/ckeditor2//files/Daily%20report%202021-04-18.pdf,526706,81815,,608521
Thailand,2021-04-18,"Oxford/AstraZeneca, Sinovac",https://ddc.moph.go.th/uploads/ckeditor2//files/Daily%20report%202021-04-19.pdf,535925,82658,,618583
Thailand,2021-04-19,"Oxford/AstraZeneca, Sinovac",https://ddc.moph.go.th/uploads/ckeditor2//files/Daily%20report%202021-04-20.pdf,571825,94385,,666210
Thailand,2021-04-20,"Oxford/AstraZeneca, Sinovac",https://ddc.moph.go.th/uploads/ckeditor2//files/Daily%20report%202021-04-21.pdf,604947,107663,,712610
Thailand,2021-04-21,"Oxford/AstraZeneca, Sinovac",https://ddc.moph.go.th/uploads/ckeditor2//files/Daily%20report%202021-04-22.pdf,746617,118223,,864840
Thailand,2021-04-22,"Oxford/AstraZeneca, Sinovac",https://ddc.moph.go.th/uploads/ckeditor2//files/Daily%20report%202021-04-23.pdf,834082,130743,,964825
Thailand,2021-04-23,"Oxford/AstraZeneca, Sinovac",https://ddc.moph.go.th/uploads/ckeditor2//files/Dialy%20report%202021-2021-04-24.pdf,934449,160996,,1095445
Thailand,2021-04-24,"Oxford/AstraZeneca, Sinovac",https://ddc.moph.go.th/uploads/ckeditor2//files/Daily%20report%202021-04-25.pdf,949124,175029,,1124153
Thailand,2021-04-25,"Oxford/AstraZeneca, Sinovac",https://ddc.moph.go.th/uploads/ckeditor2//files/daily%20report%202021-04-26.pdf,972204,177462,,1149666
Thailand,2021-04-26,"Oxford/AstraZeneca, Sinovac",https://ddc.moph.go.th/uploads/ckeditor2//files/Daily%20report%202021-04-27.pdf,1012388,214644,,1227032
Thailand,2021-04-27,"Oxford/AstraZeneca, Sinovac",https://ddc.moph.go.th/uploads/ckeditor2//files/Daily%20report%202021-04-28.pdf,1038960,240753,,1279713
Thailand,2021-04-28,"Oxford/AstraZeneca, Sinovac",https://ddc.moph.go.th/uploads/ckeditor2//files/Daily%20report%202021-04-29.pdf,1059721,284925,,1344646
Thailand,2021-04-29,"Oxford/AstraZeneca, Sinovac",https://ddc.moph.go.th/uploads/ckeditor2//files/Daily%20report%202021-04-30.pdf,1075756,335858,,1411614
Thailand,2021-04-30,"Oxford/AstraZeneca, Sinovac",https://ddc.moph.go.th/uploads/ckeditor2//files/Daily%20report%202021-05-01.pdf,1095230,381848,,1477078
Thailand,2021-05-01,"Oxford/AstraZeneca, Sinovac",https://ddc.moph.go.th/uploads/ckeditor2//files/Daily%20report%202021-05-02.pdf,1097862,386703,,1484565
Thailand,2021-05-02,"Oxford/AstraZeneca, Sinovac",https://ddc.moph.go.th/uploads/ckeditor2//files/Daily%20report%202021-05-03.pdf,1099460,387447,,1486907
Thailand,2021-05-03,"Oxford/AstraZeneca, Sinovac",https://ddc.moph.go.th/uploads/ckeditor2//files/Daily%20report%202021-05-04.pdf,1106071,392546,,1498617
Thailand,2021-05-04,"Oxford/AstraZeneca, Sinovac",https://ddc.moph.go.th/uploads/ckeditor2//files/Daily%20report%202021-05-04.pdf,1150564,422511,,1573075
Thailand,2021-05-05,"Oxford/AstraZeneca, Sinovac",https://ddc.moph.go.th/uploads/ckeditor2//files/Daily%20report%202021-05-06.pdf,1167719,434114,,1601833
Thailand,2021-05-06,"Oxford/AstraZeneca, Sinovac",https://ddc.moph.go.th/uploads/ckeditor2//files/Daily%20report%202021-05-07.pdf,1201258,450524,,1651782
Thailand,2021-05-07,"Oxford/AstraZeneca, Sinovac",https://ddc.moph.go.th/uploads/ckeditor2//files/Daily%20report%202021-05-08.pdf,1262703,467785,,1730488
Thailand,2021-05-08,"Oxford/AstraZeneca, Sinovac",https://ddc.moph.go.th/uploads/ckeditor2//files/Daily%20report%202021-05-09.pdf,1273666,470054,,1743720
Thailand,2021-05-09,"Oxford/AstraZeneca, Sinovac",https://ddc.moph.go.th/uploads/ckeditor2//files/Daily%20report%202021-05-10.pdf,1296440,513454,,1809894
Thailand,2021-05-10,"Oxford/AstraZeneca, Sinovac",https://ddc.moph.go.th/uploads/ckeditor2//files/Daily%20report%202021-05-11.pdf,1365992,532462,,1898454
Thailand,2021-05-11,"Oxford/AstraZeneca, Sinovac",https://ddc.moph.go.th/uploads/ckeditor2//files/Daily%20report%202021-05-12.pdf,1372013,563552,,1935565
Thailand,2021-05-12,"Oxford/AstraZeneca, Sinovac",https://ddc.moph.go.th/uploads/ckeditor2//files/Daily%20report%202021-05-13.pdf,1395130,645233,,2040363
Thailand,2021-05-13,"Oxford/AstraZeneca, Sinovac",https://ddc.moph.go.th/uploads/ckeditor2//files/Daily%20report%202021-05-14.pdf,1416732,708300,,2124732
Thailand,2021-05-16,"Oxford/AstraZeneca, Sinovac",https://ddc.moph.go.th/uploads/ckeditor2//files/Daily%20report%202021-05-17.pdf,1482702,781606,,2264308
Thailand,2021-05-17,"Oxford/AstraZeneca, Sinovac",https://ddc.moph.go.th/uploads/ckeditor2//files/Daily%20report%202021-05-18(1).pdf,1521034,819961,,2340995
Thailand,2021-05-18,"Oxford/AstraZeneca, Sinovac",https://ddc.moph.go.th/uploads/ckeditor2//files/Daily%20report%202021-05-19.pdf,1585773,859872,,2445645
Thailand,2021-05-19,"Oxford/AstraZeneca, Sinovac",https://ddc.moph.go.th/uploads/ckeditor2//files/Daily%20report%202021-05-20.pdf,1647871,892245,,2540116
Thailand,2021-05-20,"Oxford/AstraZeneca, Sinovac",https://ddc.moph.go.th/uploads/ckeditor2//files/Daily%20report%202021-05-21.pdf,1726431,921825,,2648256
Thailand,2021-05-21,"Oxford/AstraZeneca, Sinovac",https://ddc.moph.go.th/uploads/ckeditor2//files/Daily%20report%202021-05-22.pdf,1849393,962156,,2811549
Thailand,2021-05-22,"Oxford/AstraZeneca, Sinovac",https://ddc.moph.go.th/uploads/ckeditor2//files/Daily%20report%202021-05-23.pdf,1898332,966759,,2865091
Thailand,2021-05-23,"Oxford/AstraZeneca, Sinovac",https://ddc.moph.go.th/uploads/ckeditor2//files/Daily%20report%202021-05-24.pdf,1941565,969099,,2910664
Thailand,2021-05-24,"Oxford/AstraZeneca, Sinovac",https://ddc.moph.go.th/uploads/ckeditor2//files/Daily%20report%202021-05-25.pdf,2044123,980190,,3024313
Thailand,2021-05-25,"Oxford/AstraZeneca, Sinovac",https://ddc.moph.go.th/uploads/ckeditor2//files/Daily%20report%202021-05-26.pdf,2157609,989618,,3147227
Thailand,2021-05-26,"Oxford/AstraZeneca, Sinovac",https://ddc.moph.go.th/uploads/ckeditor2//files/Daily%20report%202021-05-27.pdf,2214721,994161,,3208882
Thailand,2021-05-27,"Oxford/AstraZeneca, Sinovac",https://ddc.moph.go.th/uploads/ckeditor2//files/Daily%20report%202021-05-28.pdf,2319304,1027746,,3347050
Thailand,2021-05-28,"Oxford/AstraZeneca, Sinovac",https://ddc.moph.go.th/uploads/ckeditor2//files/Daily%20report%202021-05-29%20.pdf,2415903,1088222,,3504125
Thailand,2021-05-29,"Oxford/AstraZeneca, Sinovac",https://ddc.moph.go.th/uploads/ckeditor2//files/Daily%20report%202021-05-30.pdf,2453807,1094523,,3548330
Thailand,2021-05-30,"Oxford/AstraZeneca, Sinovac",https://ddc.moph.go.th/uploads/ckeditor2//files/Daily%20report%202021-05-31.pdf,2498929,1110953,,3609882
Thailand,2021-05-31,"Oxford/AstraZeneca, Sinovac",https://ddc.moph.go.th/uploads/ckeditor2//files/Daily%20report%202021-06-01.pdf,2539491,1125368,,3664859
Thailand,2021-06-01,"Oxford/AstraZeneca, Sinovac",https://ddc.moph.go.th/uploads/ckeditor2//files/Daily%20report%202021-06-02.pdf,2591372,1162346,,3753718
Thailand,2021-06-03,"Oxford/AstraZeneca, Sinovac",https://ddc.moph.go.th/uploads/ckeditor2//files/Daily%20report%202021-06-04.pdf,2727759,1233830,,3961589
Thailand,2021-06-04,"Oxford/AstraZeneca, Sinovac",https://ddc.moph.go.th/uploads/ckeditor2//files/Daily%20report%202021-06-05.pdf,2818676,1324268,,4142944
Thailand,2021-06-05,"Oxford/AstraZeneca, Sinovac",https://ddc.moph.go.th/uploads/ckeditor2//files/Daily%20report%202021-06-06.pdf,2845287,1345216,,4190503
Thailand,2021-06-06,"Oxford/AstraZeneca, Sinovac",https://ddc.moph.go.th/uploads/ckeditor2//files/Daily%20report%202021-06-07.pdf,2855041,1363053,,4218094
Thailand,2021-06-07,"Oxford/AstraZeneca, Sinovac",https://ddc.moph.go.th/uploads/ckeditor2//files/Daily%20report%202021-06-08.pdf,3243913,1391028,,4634941
Thailand,2021-06-08,"Oxford/AstraZeneca, Sinovac",https://ddc.moph.go.th/uploads/ckeditor2//files/Daily%20report%202021-06-09.pdf,3672372,1434697,,5107069
Thailand,2021-06-09,"Oxford/AstraZeneca, Sinovac",https://ddc.moph.go.th/uploads/ckeditor2//files/Daily%20report%202021-06-10.pdf,3966091,1477652,,5443743
Thailand,2021-06-10,"Oxford/AstraZeneca, Sinovac",https://ddc.moph.go.th/uploads/ckeditor2//files/Daily%20report%202021-06-11v2.pdf,4143444,1523614,,5667058
Thailand,2021-06-11,"Oxford/AstraZeneca, Sinovac",https://ddc.moph.go.th/uploads/ckeditor2//files/Daily%20report%202021-06-12.pdf,4362685,1612835,,5975070
Thailand,2021-06-12,"Oxford/AstraZeneca, Sinovac",https://ddc.moph.go.th/uploads/ckeditor2//files/Daily%20report%202021-06-13.pdf,4456786,1624456,,6081242
Thailand,2021-06-13,"Oxford/AstraZeneca, Sinovac",https://ddc.moph.go.th/uploads/ckeditor2//files/Daily%20report%202021-06-14.pdf,4531914,1656210,,6188124
Thailand,2021-06-14,"Oxford/AstraZeneca, Sinovac",https://ddc.moph.go.th/uploads/ckeditor2//files/Daily%20report%202021-06-15.pdf,4762063,1749121,,6511184
Thailand,2021-06-15,"Oxford/AstraZeneca, Sinovac",https://ddc.moph.go.th/uploads/ckeditor2//files/Daily%20report%202021-06-16.pdf,4948227,1832589,,6780816
Thailand,2021-06-16,"Oxford/AstraZeneca, Sinovac",https://ddc.moph.go.th/uploads/ckeditor2//files/Daily%20report%202021-06-17.pdf,5114755,1889028,,7003783
Thailand,2021-06-17,"Oxford/AstraZeneca, Sinovac",https://ddc.moph.go.th/uploads/ckeditor2//files/Daily%20report%202021-06-18.pdf,5252531,1967137,,7219668
Thailand,2021-06-18,"Oxford/AstraZeneca, Sinovac",https://ddc.moph.go.th/uploads/ckeditor2//files/Daily%20report%202021-06-19.pdf,5434119,2048964,,7483083
Thailand,2021-06-19,"Oxford/AstraZeneca, Sinovac",https://ddc.moph.go.th/uploads/ckeditor2//files/Daily%20report%202021-06-20.pdf,5486092,2101086,,7587178
Thailand,2021-06-20,"Oxford/AstraZeneca, Sinovac",https://ddc.moph.go.th/vaccine-covid19/getFiles/9/1624263263473.pdf,5526039,2153018,,7679057
Thailand,2021-06-21,"Oxford/AstraZeneca, Sinovac",https://ddc.moph.go.th/uploads/ckeditor2//files/Daily%20report%202021-06-22.pdf,5678848,2227848,,7906696
Thailand,2021-06-22,"Oxford/AstraZeneca, Sinovac",https://ddc.moph.go.th/uploads/ckeditor2//files/Daily%20report%202021-06-23.pdf,5844521,2303814,,8148335
Thailand,2021-06-23,"Oxford/AstraZeneca, Sinovac",https://ddc.moph.go.th/uploads/ckeditor2//files/Daily%20report%202021-06-24.pdf,6017424,2382896,,8400320
Thailand,2021-06-24,"Oxford/AstraZeneca, Sinovac",https://ddc.moph.go.th/uploads/ckeditor2//files/Daily%20Report%202021-06-25.pdf,6206353,2451070,,8657423
Thailand,2021-06-25,"Oxford/AstraZeneca, Sinopharm/Beijing, Sinovac",https://ddc.moph.go.th/uploads/ckeditor2//files/Daily%20report%202021-06-26.pdf,6435308,2546170,,8981478
Thailand,2021-06-26,"Oxford/AstraZeneca, Sinopharm/Beijing, Sinovac",https://ddc.moph.go.th/uploads/ckeditor2//files/Daily%20report%202021-06-27.pdf,6475826,2579315,,9055141
Thailand,2021-06-27,"Oxford/AstraZeneca, Sinopharm/Beijing, Sinovac",https://ddc.moph.go.th/uploads/ckeditor2//files/Daily%20report%202021-06-28.pdf,6537852,2609661,,9147513
Thailand,2021-06-28,"Oxford/AstraZeneca, Sinopharm/Beijing, Sinovac",https://ddc.moph.go.th/uploads/ckeditor2//files/Daily%20report%202021-06-29.pdf,6721038,2695394,,9416972
Thailand,2021-06-29,"Oxford/AstraZeneca, Sinopharm/Beijing, Sinovac",https://ddc.moph.go.th/uploads/ckeditor2//files/Daily%20report%202021-06-30.pdf,6910169,2762537,,9672706
Thailand,2021-06-30,"Oxford/AstraZeneca, Sinopharm/Beijing, Sinovac",https://ddc.moph.go.th/uploads/ckeditor2//files/Daily%20report%202021-07-01.pdf,7110854,2816844,,9927698
Thailand,2021-07-01,"Oxford/AstraZeneca, Sinopharm/Beijing, Sinovac",https://ddc.moph.go.th/uploads/ckeditor2//files/Daily%20report%202021-07-02.pdf,7364585,2862598,,10227183
Thailand,2021-07-02,"Oxford/AstraZeneca, Sinopharm/Beijing, Sinovac",https://ddc.moph.go.th/vaccine-covid19/getFiles/10/1625377983773.pdf,7640118,2932174,,10572292
Thailand,2021-07-03,"Oxford/AstraZeneca, Sinopharm/Beijing, Sinovac",https://ddc.moph.go.th/uploads/ckeditor2//files/Daily%20report%202021-07-04.pdf,7721150,2949747,,10670897
Thailand,2021-07-04,"Oxford/AstraZeneca, Sinopharm/Beijing, Sinovac",https://ddc.moph.go.th/uploads/ckeditor2//files/Daily%20report%202021-07-05.pdf,7804654,2973094,,10777748
Thailand,2021-07-05,"Oxford/AstraZeneca, Sinopharm/Beijing, Sinovac",https://ddc.moph.go.th/uploads/ckeditor2//files/Daily%20report%202021-07-06.pdf,8022029,3036361,,11058390
Thailand,2021-07-06,"Oxford/AstraZeneca, Sinovac",https://ddc.moph.go.th/uploads/ckeditor2//files/Daily%20report%202021-07-07.pdf,8245297,3082746,,11328043
Thailand,2021-07-07,"Oxford/AstraZeneca, Sinovac",https://ddc.moph.go.th/uploads/ckeditor2//files/Daily%20report%202021-07-08.pdf,8494230,3125388,,11619618
Thailand,2021-07-08,"Oxford/AstraZeneca, Sinovac",https://ddc.moph.go.th/uploads/ckeditor2//files/Daily%20report%202021-07-09.pdf,8800155,3175841,,11975996
Thailand,2021-07-09,"Oxford/AstraZeneca, Sinovac",https://ddc.moph.go.th/uploads/ckeditor2//files/Daily%20report%202021-07-10.pdf,9130526,3245378,,12375904
Thailand,2021-07-10,"Oxford/AstraZeneca, Sinovac",https://ddc.moph.go.th/uploads/ckeditor2//files/Daily%20report%202021-07-11.pdf,9213598,3255590,,12469188
Thailand,2021-07-11,"Oxford/AstraZeneca, Sinovac",https://ddc.moph.go.th/uploads/ckeditor2//files/Daily%20report%202021-07-12.pdf,9301407,3267806,,12569213
Thailand,2021-07-12,"Oxford/AstraZeneca, Sinovac",https://ddc.moph.go.th/uploads/ckeditor2//files/Daily%20report%202021-07-13.pdf,9598949,3309244,,12908193
Thailand,2021-07-13,"Oxford/AstraZeneca, Sinovac",https://ddc.moph.go.th/uploads/ckeditor2//files/Daily%20report%202021-07-14.pdf,9888124,3342557,,13230681
Thailand,2021-07-14,"Oxford/AstraZeneca, Sinovac",https://ddc.moph.go.th/uploads/ckeditor2//files/Daily%20report%202021-07-15.pdf,10163340,3370377,,13533717
Thailand,2021-07-15,"Oxford/AstraZeneca, Sinovac",https://ddc.moph.go.th/uploads/ckeditor2//files/Daily%20report%202021-07-16.pdf,10424355,3398430,,13823355
Thailand,2021-07-16,"Oxford/AstraZeneca, Sinovac",https://ddc.moph.go.th/uploads/ckeditor2//files/Dailr%20report%202021-07-17.pdf,10697489,3432911,,14130489
Thailand,2021-07-17,"Oxford/AstraZeneca, Sinovac",https://ddc.moph.go.th/uploads/ckeditor2//files/Daily%20report%202021-07-18.pdf,10780762,3443330,,14223762
Thailand,2021-07-18,"Oxford/AstraZeneca, Sinovac",https://ddc.moph.go.th/uploads/ckeditor2//files/Daily%20report%202021-07-19.pdf,10850099,3448497,,14298596
Thailand,2021-07-19,"Oxford/AstraZeneca, Sinovac",https://ddc.moph.go.th/uploads/ckeditor2//files/Daily%20report%202021-07-20.pdf,11067518,3479726,,14547244
Thailand,2021-07-20,"Oxford/AstraZeneca, Sinovac",https://ddc.moph.go.th/uploads/ckeditor2//files/Daily%20report%202021-07-21.pdf,11292579,3512541,,14805120
Thailand,2021-07-21,"Oxford/AstraZeneca, Sinovac",https://ddc.moph.go.th/uploads/ckeditor2//files/Daily%20report%202021-07-22.pdf,11538866,3545830,,15084696
Thailand,2021-07-22,"Oxford/AstraZeneca, Sinovac",https://ddc.moph.go.th/uploads/ckeditor2//files/Daily%20report%202021-07-23.pdf,11805180,3583759,,15388939
Thailand,2021-07-23,"Oxford/AstraZeneca, Sinovac",https://ddc.moph.go.th/uploads/ckeditor2//files/Daily%20report%202021-07-24.pdf,12109424,3632394,,15741818
Thailand,2021-07-24,"Oxford/AstraZeneca, Sinovac",https://ddc.moph.go.th/uploads/ckeditor2//files/Daily%20report%202021-07-25.pdf,12226845,3642999,,15869844
Thailand,2021-07-25,"Oxford/AstraZeneca, Sinovac",https://ddc.moph.go.th/uploads/ckeditor2//files/Daily%20report%202021-07-26.pdf,12307788,3652990,,15960778
Thailand,2021-07-26,"Oxford/AstraZeneca, Sinovac",https://twitter.com/ddc_riskcom/status/1419882625611665415?s=21,12429925,3669745,,16099670
Thailand,2021-07-27,"Oxford/AstraZeneca, Sinovac",https://ddc.moph.go.th/vaccine-covid19/getFiles/10/1627527809692.pdf,12714312,3712747,,16427059
Thailand,2021-07-28,"Oxford/AstraZeneca, Sinovac",https://ddc.moph.go.th/vaccine-covid19/getFiles/9/1627527771518.pdf,12858570,3732759,,16591329
Thailand,2021-07-29,"Oxford/AstraZeneca, Sinovac",https://ddc.moph.go.th/vaccine-covid19/getFiles/9/1627641127759.pdf,13225233,3786244,,17011477
Thailand,2021-07-30,"Oxford/AstraZeneca, Sinovac",https://ddc.moph.go.th/vaccine-covid19/getFiles/9/1627802716832.pdf,13640179,3851453,,17491632
Thailand,2021-07-31,"Oxford/AstraZeneca, Sinovac",https://ddc.moph.go.th/uploads/ckeditor2//files/Daily%20report%202021-08-01.pdf,13802916,3883058,,17685974
Thailand,2021-08-01,"Oxford/AstraZeneca, Sinovac",https://ddc.moph.go.th/uploads/ckeditor2//files/Daily%20report%202021-08-02.pdf,13955087,3911439,,17866526
Thailand,2021-08-02,"Oxford/AstraZeneca, Sinovac",https://ddc.moph.go.th/uploads/ckeditor2//files/Daily%20report%202021-08-03.pdf,14207477,3991348,,18198825
Thailand,2021-08-03,"Oxford/AstraZeneca, Sinovac",https://ddc.moph.go.th/uploads/ckeditor2//files/Daily%20report%202021-08-04.pdf,14492385,4085711,,18578096
Thailand,2021-08-04,"Oxford/AstraZeneca, Sinovac",https://ddc.moph.go.th/uploads/ckeditor2//files/Daily%20report%202021-08-05.pdf,14783001,4178702,,18961703
Thailand,2021-08-05,"Oxford/AstraZeneca, Sinovac",https://ddc.moph.go.th/uploads/ckeditor2//files/Daily%20report%202021-08-06.pdf,15180276,4277071,175190,19632537
Thailand,2021-08-06,"Oxford/AstraZeneca, Sinovac",https://ddc.moph.go.th/uploads/ckeditor2//files/Daily%20report%202021-08-07.pdf,15687291,4406723,186094,20280108
Thailand,2021-08-07,"Oxford/AstraZeneca, Sinovac",https://ddc.moph.go.th/uploads/ckeditor2//files/Daily%20report%202021-08-08.pdf,15843283,4438168,197184,20478635
Thailand,2021-08-08,"Oxford/AstraZeneca, Sinovac",https://ddc.moph.go.th/uploads/ckeditor2//files/Daily%20report%202021-08-09.pdf,15986354,4461861,221565,20669780
Thailand,2021-08-09,"Oxford/AstraZeneca, Sinovac",https://ddc.moph.go.th/uploads/ckeditor2//files/Daily%20report%20%202021-08-10.pdf,16336743,4566345,268022,21171110
Thailand,2021-08-10,"Oxford/AstraZeneca, Sinovac",https://ddc.moph.go.th/uploads/ckeditor2//files/Daily%20report%20%202021-08-11.pdf,16701428,4692030,324496,21717954
Thailand,2021-08-11,"Oxford/AstraZeneca, Pfizer/BioNTech, Sinovac",https://ddc.moph.go.th/uploads/ckeditor2//files/Daily%20report%20%202021-08-12.pdf,17068105,4826641,394073,22288819
Thailand,2021-08-12,"Oxford/AstraZeneca, Pfizer/BioNTech, Sinovac",https://ddc.moph.go.th/uploads/ckeditor2//files/Daily%20report%20%202021-08-13.pdf,17239593,4855000,414066,22508659
Thailand,2021-08-13,"Oxford/AstraZeneca, Pfizer/BioNTech, Sinovac",https://ddc.moph.go.th/uploads/ckeditor2//files/Daily%20report%20%202021-08-14.pdf,17696114,5033568,462809,23192491
Thailand,2021-08-15,"Oxford/AstraZeneca, Pfizer/BioNTech, Sinovac",https://ddc.moph.go.th/uploads/ckeditor2//files/Daily%20report%20%202021-08-16.pdf,17996826,5109476,485925,23592227
Thailand,2021-08-16,"Oxford/AstraZeneca, Pfizer/BioNTech, Sinovac",https://ddc.moph.go.th/uploads/ckeditor2//files/Daily%20report%20%202021-08-17.pdf,18370997,5228157,501477,24100631
Thailand,2021-08-17,"Oxford/AstraZeneca, Pfizer/BioNTech, Sinovac",https://ddc.moph.go.th/uploads/ckeditor2//files/Daily%20report%20%202021-08-18.pdf,18726405,5381676,510668,24618749
Thailand,2021-08-18,"Oxford/AstraZeneca, Pfizer/BioNTech, Sinovac",https://ddc.moph.go.th/uploads/ckeditor2//files/Daily%20report%20%202021-08-19.pdf,19143574,5503882,519604,25167060
Thailand,2021-08-19,"Oxford/AstraZeneca, Pfizer/BioNTech, Sinovac",https://ddc.moph.go.th/uploads/ckeditor2//files/Daily%20Report%202021-08-20.pdf,19586009,5705200,527457,25818666
Thailand,2021-08-20,"Oxford/AstraZeneca, Pfizer/BioNTech, Sinovac",https://ddc.moph.go.th/uploads/ckeditor2//files/Daily%20report%20%202021-08-21.pdf,19973692,5920614,533795,26428101
Thailand,2021-08-21,"Oxford/AstraZeneca, Pfizer/BioNTech, Sinovac",https://ddc.moph.go.th/uploads/ckeditor2//files/Daily%20report%202021-08-22.pdf,20272171,6017820,542188,26832179
Thailand,2021-08-22,"Oxford/AstraZeneca, Pfizer/BioNTech, Sinovac",https://ddc.moph.go.th/uploads/ckeditor2//files/Daily%20Report%202021-08-23.pdf,20430028,6065003,543968,27038999
Thailand,2021-08-23,"Oxford/AstraZeneca, Pfizer/BioNTech, Sinovac",https://ddc.moph.go.th/uploads/ckeditor2//files/Daily%20Report%202021-08-24.pdf,20830673,6230511,551261,27612445
Thailand,2021-08-24,"Oxford/AstraZeneca, Pfizer/BioNTech, Sinovac",https://ddc.moph.go.th/uploads/ckeditor2//files/Daily%20Report%202021-08-25.pdf,21231498,6405537,560624,28197659
Thailand,2021-08-25,"Oxford/AstraZeneca, Pfizer/BioNTech, Sinovac",https://ddc.moph.go.th/uploads/ckeditor2//files/Daily%20report%202021-08-26.pdf,21669955,6596785,568840,28835580
Thailand,2021-08-26,"Oxford/AstraZeneca, Pfizer/BioNTech, Sinovac",https://ddc.moph.go.th/uploads/ckeditor2//files/Daily%20report%202021-08-27.pdf,22070573,6860084,574112,29504769
Thailand,2021-08-27,"Oxford/AstraZeneca, Pfizer/BioNTech, Sinovac",https://ddc.moph.go.th/uploads/ckeditor2//files/Daily%20report%202021-08-28.pdf,22617701,7221368,581438,30420507
Thailand,2021-08-28,"Oxford/AstraZeneca, Pfizer/BioNTech, Sinovac",https://ddc.moph.go.th/uploads/ckeditor2//files/Daily%20report%202021-08-29.pdf,22807078,7287885,584326,30679289
Thailand,2021-08-29,"Oxford/AstraZeneca, Pfizer/BioNTech, Sinovac",https://ddc.moph.go.th/uploads/ckeditor2//files/Daily%20report%202021-08-30.pdf,23018371,7350348,585758,30954477
Thailand,2021-08-30,"Oxford/AstraZeneca, Pfizer/BioNTech, Sinovac",https://ddc.moph.go.th/uploads/ckeditor2//files/Daily%20report%202021-08-31.pdf,23401465,7780973,589381,31771819
Thailand,2021-09-01,"Oxford/AstraZeneca, Pfizer/BioNTech, Sinovac",https://ddc.moph.go.th/vaccine-covid19/getFiles/9/163048457821.pdf,23795098,8212750,592153,32600001
Thailand,2021-09-02,"Oxford/AstraZeneca, Pfizer/BioNTech, Sinovac",https://ddc.moph.go.th/vaccine-covid19/getFiles/9/1630646295635.pdf,24147532,8684695,595236,33427463
Thailand,2021-09-03,"Oxford/AstraZeneca, Pfizer/BioNTech, Sinovac",https://ddc.moph.go.th/vaccine-covid19/getFiles/9/163064643388.pdf,24542140,9152799,597598,34292537
Thailand,2021-09-04,"Oxford/AstraZeneca, Pfizer/BioNTech, Sinovac",https://ddc.moph.go.th/vaccine-covid19/getFiles/9/1630842646792.pdf,24918054,9698842,601268,35218164
Thailand,2021-09-05,"Oxford/AstraZeneca, Pfizer/BioNTech, Sinovac",https://ddc.moph.go.th/vaccine-covid19/getFiles/9/1630842327231.pdf,25104942,9879371,603363,35587676
Thailand,2021-09-06,"Oxford/AstraZeneca, Pfizer/BioNTech, Sinovac",https://ddc.moph.go.th/vaccine-covid19/getFiles/9/1630997946413.pdf,25234259,10074612,604023,35912894
Thailand,2021-09-07,"Oxford/AstraZeneca, Pfizer/BioNTech, Sinovac",https://ddc.moph.go.th/vaccine-covid19/getFiles/9/1631019677692.pdf,25554456,10475325,605490,36635271
Thailand,2021-09-08,"Oxford/AstraZeneca, Pfizer/BioNTech, Sinovac",https://ddc.moph.go.th/vaccine-covid19/getFiles/9/1631079193994.pdf,25954106,10900001,607177,37461284
Thailand,2021-09-09,"Oxford/AstraZeneca, Pfizer/BioNTech, Sinovac",https://ddc.moph.go.th/vaccine-covid19/getFiles/9/1631178023516.pdf,26292211,11272593,609934,38174738
Thailand,2021-09-10,"Oxford/AstraZeneca, Pfizer/BioNTech, Sinovac",https://ddc.moph.go.th/vaccine-covid19/getFiles/9/1631279061151.pdf,26631261,11630996,611102,38873359
Thailand,2021-09-11,"Oxford/AstraZeneca, Pfizer/BioNTech, Sinovac",https://ddc.moph.go.th/vaccine-covid19/getFiles/9/1631444653613.pdf,26954546,12063643,613673,39631862
Thailand,2021-09-12,"Oxford/AstraZeneca, Pfizer/BioNTech, Sinovac",https://ddc.moph.go.th/vaccine-covid19/getFiles/9/1631444800662.pdf,27194487,12251011,614969,40060467
Thailand,2021-09-13,"Oxford/AstraZeneca, Pfizer/BioNTech, Sinovac",https://ddc.moph.go.th/vaccine-covid19/getFiles/9/1631510579943.pdf,27303700,12357581,615075,40276356
Thailand,2021-09-14,"Oxford/AstraZeneca, Pfizer/BioNTech, Sinovac",https://ddc.moph.go.th/vaccine-covid19/getFiles/9/1631765919516.pdf,27540743,12795707,616575,40953025
Thailand,2021-09-15,"Oxford/AstraZeneca, Pfizer/BioNTech, Sinopharm/Beijing, Sinovac",https://ddc.moph.go.th/vaccine-covid19/getFiles/9/1631766046867.pdf,27769095,13260456,617550,41647101
Thailand,2021-09-16,"Oxford/AstraZeneca, Pfizer/BioNTech, Sinopharm/Beijing, Sinovac",https://ddc.moph.go.th/vaccine-covid19/getFiles/9/1631872717403.pdf,28085202,13773184,619128,42477514
Thailand,2021-09-17,"Oxford/AstraZeneca, Pfizer/BioNTech, Sinopharm/Beijing, Sinovac",https://ddc.moph.go.th/vaccine-covid19/getFiles/9/1631872924976.pdf,28436015,14285995,620093,43342103
Thailand,2021-09-18,"Oxford/AstraZeneca, Pfizer/BioNTech, Sinopharm/Beijing, Sinovac",https://ddc.moph.go.th/vaccine-covid19/getFiles/9/1632052738139.pdf,28611321,14657681,620425,43889427
Thailand,2021-09-19,"Oxford/AstraZeneca, Pfizer/BioNTech, Sinopharm/Beijing, Sinovac",https://ddc.moph.go.th/vaccine-covid19/getFiles/9/1632052951528.pdf,28893133,14971317,621207,44485657
Thailand,2021-09-20,"Oxford/AstraZeneca, Pfizer/BioNTech, Sinopharm/Beijing, Sinovac",https://ddc.moph.go.th/vaccine-covid19/getFiles/9/1632199805591.pdf,29002572,15118015,621462,44742049
Thailand,2021-09-21,"Oxford/AstraZeneca, Pfizer/BioNTech, Sinopharm/Beijing, Sinovac",https://ddc.moph.go.th/vaccine-covid19/getFiles/9/1632387105995.pdf,29201077,15388071,621953,45211101
Thailand,2021-09-22,"Oxford/AstraZeneca, Pfizer/BioNTech, Sinopharm/Beijing, Sinovac",https://ddc.moph.go.th/vaccine-covid19/getFiles/9/1632387207499.pdf,29501110,15899158,622748,46023016
Thailand,2021-10-05,"Oxford/AstraZeneca, Pfizer/BioNTech, Sinopharm/Beijing, Sinovac",https://ddc.moph.go.th/vaccine-covid19/getFiles/9/1633505738993.pdf,33243525,21162251,1515667,55921443
Thailand,2021-10-06,"Oxford/AstraZeneca, Pfizer/BioNTech, Sinopharm/Beijing, Sinovac",https://ddc.moph.go.th/vaccine-covid19/getFiles/9/1633505880456.pdf,33505887,21595916,1554444,56656247
Thailand,2021-10-07,"Oxford/AstraZeneca, Pfizer/BioNTech, Sinopharm/Beijing, Sinovac",https://ddc.moph.go.th/vaccine-covid19/getFiles/9/163368646868.pdf,33774684,22005722,1606646,57387052
Thailand,2021-10-08,"Oxford/AstraZeneca, Pfizer/BioNTech, Sinopharm/Beijing, Sinovac",https://ddc.moph.go.th/vaccine-covid19/getFiles/9/16336867817.pdf,34188488,22460213,1649999,58298700
Thailand,2021-10-09,"Oxford/AstraZeneca, Pfizer/BioNTech, Sinopharm/Beijing, Sinovac",https://ddc.moph.go.th/vaccine-covid19/getFiles/9/1633939964880.pdf,34668552,22949256,1690964,59308772
Thailand,2021-10-10,"Oxford/AstraZeneca, Pfizer/BioNTech, Sinopharm/Beijing, Sinovac",https://ddc.moph.go.th/vaccine-covid19/getFiles/9/1633940103371.pdf,34782627,23055555,1701442,59539624
Thailand,2021-10-11,"Oxford/AstraZeneca, Pfizer/BioNTech, Sinopharm/Beijing, Sinovac",https://ddc.moph.go.th/vaccine-covid19/getFiles/9/1634176974145.pdf,35093892,23400992,1733221,60228105
Thailand,2021-10-12,"Oxford/AstraZeneca, Pfizer/BioNTech, Sinopharm/Beijing, Sinovac",https://ddc.moph.go.th/vaccine-covid19/getFiles/9/1634177133283.pdf,35462170,23796497,1774584,61033251
Thailand,2021-10-13,"Oxford/AstraZeneca, Pfizer/BioNTech, Sinopharm/Beijing, Sinovac",https://ddc.moph.go.th/vaccine-covid19/getFiles/9/1634177368652.pdf,35895984,24282686,1817139,61995809
Thailand,2021-10-14,"Oxford/AstraZeneca, Pfizer/BioNTech, Sinopharm/Beijing, Sinovac",https://ddc.moph.go.th/vaccine-covid19/getFiles/9/1634360585337.pdf,36239806,24502527,1837470,62579803
Thailand,2021-10-15,"Oxford/AstraZeneca, Pfizer/BioNTech, Sinopharm/Beijing, Sinovac",https://ddc.moph.go.th/vaccine-covid19/getFiles/9/1634360735212.pdf,36721779,25012380,1880193,63614352
Thailand,2021-10-16,"Oxford/AstraZeneca, Pfizer/BioNTech, Sinopharm/Beijing, Sinovac",https://ddc.moph.go.th/vaccine-covid19/getFiles/9/1634544966469.pdf,36955020,25287543,1896459,64139022
Thailand,2021-10-17,"Oxford/AstraZeneca, Pfizer/BioNTech, Sinopharm/Beijing, Sinovac",https://ddc.moph.go.th/vaccine-covid19/getFiles/9/1634726683371.pdf,37446713,25825201,1930827,65202741
Thailand,2021-10-18,"Oxford/AstraZeneca, Pfizer/BioNTech, Sinopharm/Beijing, Sinovac",https://ddc.moph.go.th/vaccine-covid19/getFiles/9/163472679527.pdf,37684728,26042573,1950493,65677794
Thailand,2021-10-19,"Oxford/AstraZeneca, Pfizer/BioNTech, Sinopharm/Beijing, Sinovac",https://ddc.moph.go.th/vaccine-covid19/getFiles/9/1634726989351.pdf,38137096,26474522,1980703,66592321
Thailand,2021-10-20,"Oxford/AstraZeneca, Pfizer/BioNTech, Sinopharm/Beijing, Sinovac",https://ddc.moph.go.th/vaccine-covid19/getFiles/9/163531614187.pdf,38611193,26959785,2016124,67587102
Thailand,2021-10-21,"Oxford/AstraZeneca, Pfizer/BioNTech, Sinopharm/Beijing, Sinovac",https://ddc.moph.go.th/vaccine-covid19/getFiles/9/1635316423205.pdf,39039849,27405800,2057409,68503058
Thailand,2021-10-22,"Oxford/AstraZeneca, Pfizer/BioNTech, Sinopharm/Beijing, Sinovac",https://ddc.moph.go.th/vaccine-covid19/getFiles/9/1635316704102.pdf,39358277,27774180,2084705,69217162
Thailand,2021-10-23,"Oxford/AstraZeneca, Pfizer/BioNTech, Sinopharm/Beijing, Sinovac",https://ddc.moph.go.th/vaccine-covid19/getFiles/9/1635316802390.pdf,39708520,28106044,2108976,69923540
Thailand,2021-10-24,"Oxford/AstraZeneca, Pfizer/BioNTech, Sinopharm/Beijing, Sinovac",https://ddc.moph.go.th/vaccine-covid19/getFiles/9/1635316897606.pdf,39881034,28276165,2122425,70279624
Thailand,2021-10-25,"Oxford/AstraZeneca, Pfizer/BioNTech, Sinopharm/Beijing, Sinovac",https://ddc.moph.go.th/vaccine-covid19/getFiles/9/1635316989884.pdf,39999692,28372531,2133579,70505802
Thailand,2021-10-26,"Oxford/AstraZeneca, Pfizer/BioNTech, Sinopharm/Beijing, Sinovac",https://ddc.moph.go.th/vaccine-covid19/getFiles/9/1635317099750.pdf,40346281,28713904,2177335,71237520
Thailand,2021-10-27,"Oxford/AstraZeneca, Pfizer/BioNTech, Sinopharm/Beijing, Sinovac",https://ddc.moph.go.th/vaccine-covid19/getFiles/9/1635319481696.pdf,40717544,29115651,2216334,72049529
Thailand,2021-10-28,"Oxford/AstraZeneca, Pfizer/BioNTech, Sinopharm/Beijing, Sinovac",https://ddc.moph.go.th/vaccine-covid19/getFiles/9/1635502921635.pdf,41075152,29469487,2267844,72812483
Thailand,2021-10-29,"Oxford/AstraZeneca, Pfizer/BioNTech, Sinopharm/Beijing, Sinovac",https://ddc.moph.go.th/vaccine-covid19/getFiles/9/1635741862137.pdf,41495703,29881984,2314352,73692039
Thailand,2021-10-30,"Oxford/AstraZeneca, Pfizer/BioNTech, Sinopharm/Beijing, Sinovac",https://ddc.moph.go.th/vaccine-covid19/getFiles/9/1635742068866.pdf,41924824,30409329,2360278,74694431
Thailand,2021-10-31,"Oxford/AstraZeneca, Pfizer/BioNTech, Sinopharm/Beijing, Sinovac",https://ddc.moph.go.th/vaccine-covid19/getFiles/9/1635742829738.pdf,42247135,30743399,2399024,75389558
Thailand,2021-11-01,"Oxford/AstraZeneca, Pfizer/BioNTech, Sinopharm/Beijing, Sinovac",https://ddc.moph.go.th/vaccine-covid19/getFiles/9/1635742960121.pdf,42388465,30911219,2410593,75710277
Thailand,2021-11-02,"Oxford/AstraZeneca, Pfizer/BioNTech, Sinopharm/Beijing, Sinovac",https://ddc.moph.go.th/vaccine-covid19/getFiles/9/163593297326.pdf,42548483,31244587,2433046,76226116
Thailand,2021-11-03,"Oxford/AstraZeneca, Pfizer/BioNTech, Sinopharm/Beijing, Sinovac",https://ddc.moph.go.th/vaccine-covid19/getFiles/9/1635933297404.pdf,42815600,31730365,2468127,77014092
Thailand,2021-11-04,"Oxford/AstraZeneca, Pfizer/BioNTech, Sinopharm/Beijing, Sinovac",https://ddc.moph.go.th/vaccine-covid19/getFiles/9/1636105825575.pdf,43112788,32223467,2495219,77831474
Thailand,2021-11-05,"Oxford/AstraZeneca, Pfizer/BioNTech, Sinopharm/Beijing, Sinovac",https://ddc.moph.go.th/vaccine-covid19/getFiles/9/1636105978660.pdf,43403391,32726021,2526712,78656124
Thailand,2021-11-06,"Oxford/AstraZeneca, Pfizer/BioNTech, Sinopharm/Beijing, Sinovac",https://ddc.moph.go.th/vaccine-covid19/getFiles/9/1636366253713.pdf,43694336,33263737,2559899,79517972
Thailand,2021-11-07,"Oxford/AstraZeneca, Pfizer/BioNTech, Sinopharm/Beijing, Sinovac",https://ddc.moph.go.th/vaccine-covid19/getFiles/9/1636366099702.pdf,43914118,33719280,2588155,80221553
Thailand,2021-11-08,"Oxford/AstraZeneca, Pfizer/BioNTech, Sinopharm/Beijing, Sinovac",https://ddc.moph.go.th/vaccine-covid19/getFiles/9/163636592869.pdf,43990610,33912537,2596465,80499612
Thailand,2021-11-09,"Oxford/AstraZeneca, Pfizer/BioNTech, Sinopharm/Beijing, Sinovac",https://ddc.moph.go.th/vaccine-covid19/getFiles/9/1636536146176.pdf,44116509,34240355,2611943,80968807
Thailand,2021-11-10,"Oxford/AstraZeneca, Pfizer/BioNTech, Sinopharm/Beijing, Sinovac",https://ddc.moph.go.th/vaccine-covid19/getFiles/9/1636617612305.pdf,44355673,34760830,2644559,81761062
Thailand,2021-11-11,"Oxford/AstraZeneca, Pfizer/BioNTech, Sinopharm/Beijing, Sinovac",https://ddc.moph.go.th/vaccine-covid19/getFiles/9/163672492489.pdf,44579576,35277108,2675847,82532531
Thailand,2021-11-12,"Oxford/AstraZeneca, Pfizer/BioNTech, Sinopharm/Beijing, Sinovac",https://ddc.moph.go.th/vaccine-covid19/getFiles/9/1636725088517.pdf,44809613,35800674,2710334,83320621
Thailand,2021-11-13,"Oxford/AstraZeneca, Pfizer/BioNTech, Sinopharm/Beijing, Sinovac",https://ddc.moph.go.th/vaccine-covid19/getFiles/9/1637036718660.pdf,45069302,36281904,2743359,84094565
Thailand,2021-11-14,"Oxford/AstraZeneca, Pfizer/BioNTech, Sinopharm/Beijing, Sinovac",https://ddc.moph.go.th/vaccine-covid19/getFiles/9/1637037412694.pdf,45204553,36504141,2759037,84467731
Thailand,2021-11-15,"Oxford/AstraZeneca, Pfizer/BioNTech, Sinopharm/Beijing, Sinovac",https://ddc.moph.go.th/vaccine-covid19/getFiles/9/1637037567605.pdf,45374194,36855732,2782979,85012905
Thailand,2021-11-16,"Oxford/AstraZeneca, Pfizer/BioNTech, Sinopharm/Beijing, Sinovac",https://ddc.moph.go.th/vaccine-covid19/getFiles/9/1637119591756.pdf,45488767,37114546,2808813,85412126
Thailand,2021-11-17,"Oxford/AstraZeneca, Pfizer/BioNTech, Sinopharm/Beijing, Sinovac",https://ddc.moph.go.th/vaccine-covid19/getFiles/9/1637131175420.pdf,45700036,37527295,2844176,86071507
Thailand,2021-11-18,"Oxford/AstraZeneca, Pfizer/BioNTech, Sinopharm/Beijing, Sinovac",https://ddc.moph.go.th/vaccine-covid19/getFiles/9/1637218430325.pdf,46005152,37939622,2946052,86890826
Thailand,2021-11-20,"Oxford/AstraZeneca, Pfizer/BioNTech, Sinopharm/Beijing, Sinovac",https://ddc.moph.go.th/vaccine-covid19/getFiles/9/1637392063699.pdf,46473004,38836504,3021444,88330952
Thailand,2021-11-21,"Oxford/AstraZeneca, Pfizer/BioNTech, Sinopharm/Beijing, Sinovac",https://ddc.moph.go.th/vaccine-covid19/getFiles/9/1637635451159.pdf,46646938,39101640,3055018,88803596
Thailand,2021-11-22,"Oxford/AstraZeneca, Pfizer/BioNTech, Sinopharm/Beijing, Sinovac",https://ddc.moph.go.th/vaccine-covid19/getFiles/9/1637637687390.pdf,46718014,39202716,3068505,88989235
Thailand,2021-11-23,"Oxford/AstraZeneca, Pfizer/BioNTech, Sinopharm/Beijing, Sinovac",https://ddc.moph.go.th/vaccine-covid19/getFiles/9/1637896499486.pdf,46836876,39403769,3096146,89336791
Thailand,2021-11-24,"Oxford/AstraZeneca, Pfizer/BioNTech, Sinopharm/Beijing, Sinovac",https://ddc.moph.go.th/vaccine-covid19/getFiles/9/1637896638562.pdf,47034024,39724270,3135889,89894183
Thailand,2021-11-25,"Oxford/AstraZeneca, Pfizer/BioNTech, Sinopharm/Beijing, Sinovac",https://ddc.moph.go.th/vaccine-covid19/getFiles/9/1637896759389.pdf,47233526,40056072,3179357,90468955
Thailand,2021-11-26,"Oxford/AstraZeneca, Pfizer/BioNTech, Sinopharm/Beijing, Sinovac",https://ddc.moph.go.th/vaccine-covid19/getFiles/9/1637911395624.pdf,47331644,40202745,3200680,90735069
Thailand,2021-11-27,"Oxford/AstraZeneca, Pfizer/BioNTech, Sinopharm/Beijing, Sinovac",https://ddc.moph.go.th/vaccine-covid19/getFiles/9/163817713942.pdf,47650767,40737473,3269816,91658056
Thailand,2021-11-28,"Oxford/AstraZeneca, Pfizer/BioNTech, Sinopharm/Beijing, Sinovac",https://ddc.moph.go.th/vaccine-covid19/getFiles/9/1638177332554.pdf,47847646,40963885,3313765,92125296
Thailand,2021-11-29,"Oxford/AstraZeneca, Pfizer/BioNTech, Sinopharm/Beijing, Sinovac",https://ddc.moph.go.th/vaccine-covid19/getFiles/9/1638177625790.pdf,47963180,41053644,3343593,92360417
Thailand,2021-12-01,"Oxford/AstraZeneca, Pfizer/BioNTech, Sinopharm/Beijing, Sinovac, Moderna",https://ddc.moph.go.th/covid19-dashboard/,48840982,42131710,3609789,94582481
Thailand,2021-12-02,"Oxford/AstraZeneca, Pfizer/BioNTech, Sinopharm/Beijing, Sinovac, Moderna",https://ddc.moph.go.th/covid19-dashboard/,49048099,42370898,3687171,95106168
Thailand,2021-12-03,"Oxford/AstraZeneca, Pfizer/BioNTech, Sinopharm/Beijing, Sinovac, Moderna",https://ddc.moph.go.th/covid19-dashboard/,49298481,42649918,3778805,95727204
Thailand,2021-12-04,"Oxford/AstraZeneca, Pfizer/BioNTech, Sinopharm/Beijing, Sinovac, Moderna",https://ddc.moph.go.th/covid19-dashboard/,49368171,42700253,3812102,95880526
Thailand,2021-12-05,"Oxford/AstraZeneca, Pfizer/BioNTech, Sinopharm/Beijing, Sinovac, Moderna",https://ddc.moph.go.th/covid19-dashboard/,49473972,42733111,3859549,96066632
Thailand,2021-12-06,"Oxford/AstraZeneca, Pfizer/BioNTech, Sinopharm/Beijing, Sinovac, Moderna",https://ddc.moph.go.th/covid19-dashboard/,49508737,42766958,3879823,96155518
Thailand,2021-12-07,"Oxford/AstraZeneca, Pfizer/BioNTech, Sinopharm/Beijing, Sinovac, Moderna",https://ddc.moph.go.th/covid19-dashboard/,49664130,42966853,3963155,96594138
Thailand,2021-12-08,"Oxford/AstraZeneca, Pfizer/BioNTech, Sinopharm/Beijing, Sinovac, Moderna",https://ddc.moph.go.th/covid19-dashboard/,49813716,43142155,4062802,97018673
Thailand,2021-12-09,"Oxford/AstraZeneca, Pfizer/BioNTech, Sinopharm/Beijing, Sinovac, Moderna",https://ddc.moph.go.th/covid19-dashboard/,49980567,43381279,4160267,97522113
Thailand,2021-12-10,"Oxford/AstraZeneca, Pfizer/BioNTech, Sinopharm/Beijing, Sinovac, Moderna",https://ddc.moph.go.th/covid19-dashboard/,50020247,43438355,4208476,97667078
Thailand,2021-12-11,"Oxford/AstraZeneca, Pfizer/BioNTech, Sinopharm/Beijing, Sinovac, Moderna",https://ddc.moph.go.th/covid19-dashboard/,50038965,43474455,4249302,97762722
Thailand,2021-12-12,"Oxford/AstraZeneca, Pfizer/BioNTech, Sinopharm/Beijing, Sinovac, Moderna",https://ddc.moph.go.th/covid19-dashboard/,50051808,43504221,4274782,97830811
Thailand,2021-12-13,"Oxford/AstraZeneca, Pfizer/BioNTech, Sinopharm/Beijing, Sinovac, Moderna",https://ddc.moph.go.th/covid19-dashboard/,50164404,43694647,4367801,98226852
Thailand,2021-12-14,"Oxford/AstraZeneca, Pfizer/BioNTech, Sinopharm/Beijing, Sinovac, Moderna",https://ddc.moph.go.th/covid19-dashboard/,50264984,43847191,4482109,98594284
Thailand,2021-12-15,"Oxford/AstraZeneca, Pfizer/BioNTech, Sinopharm/Beijing, Sinovac, Moderna",https://ddc.moph.go.th/covid19-dashboard/,50366703,44024363,4622387,99013453
Thailand,2021-12-16,"Oxford/AstraZeneca, Pfizer/BioNTech, Sinopharm/Beijing, Sinovac, Moderna",https://ddc.moph.go.th/covid19-dashboard/,50467295,44189108,4783664,99440067
Thailand,2021-12-17,"Oxford/AstraZeneca, Pfizer/BioNTech, Sinopharm/Beijing, Sinovac, Moderna",https://ddc.moph.go.th/covid19-dashboard/,50595913,44410004,5019159,100025076
Thailand,2021-12-18,"Oxford/AstraZeneca, Pfizer/BioNTech, Sinopharm/Beijing, Sinovac, Moderna",https://ddc.moph.go.th/covid19-dashboard/,50618937,44460505,5115418,100194860
Thailand,2021-12-19,"Oxford/AstraZeneca, Pfizer/BioNTech, Sinopharm/Beijing, Sinovac, Moderna",https://ddc.moph.go.th/covid19-dashboard/,50630939,44487672,5163806,100282417
Thailand,2021-12-20,"Oxford/AstraZeneca, Pfizer/BioNTech, Sinopharm/Beijing, Sinovac, Moderna",https://ddc.moph.go.th/covid19-dashboard/,50708164,44631265,5351484,100690913
Thailand,2021-12-21,"Oxford/AstraZeneca, Pfizer/BioNTech, Sinopharm/Beijing, Sinovac, Moderna",https://ddc.moph.go.th/covid19-dashboard/,50781488,44774101,5562740,101118329
Thailand,2021-12-22,"Oxford/AstraZeneca, Pfizer/BioNTech, Sinopharm/Beijing, Sinovac, Moderna",https://ddc.moph.go.th/covid19-dashboard/,50858710,44937475,5784986,101581171
Thailand,2021-12-23,"Oxford/AstraZeneca, Pfizer/BioNTech, Sinopharm/Beijing, Sinovac, Moderna",https://ddc.moph.go.th/covid19-dashboard/,50925277,45100374,6011557,102037208
Thailand,2021-12-24,"Oxford/AstraZeneca, Pfizer/BioNTech, Sinopharm/Beijing, Sinovac, Moderna",https://ddc.moph.go.th/covid19-dashboard/,50956447,45202632,6144004,102303083
Thailand,2021-12-25,"Oxford/AstraZeneca, Pfizer/BioNTech, Sinopharm/Beijing, Sinovac, Moderna",https://ddc.moph.go.th/covid19-dashboard/,50956447,45202632,6144004,102303083
Thailand,2021-12-26,"Oxford/AstraZeneca, Pfizer/BioNTech, Sinopharm/Beijing, Sinovac, Moderna",https://ddc.moph.go.th/covid19-dashboard/,50965093,45229974,6196746,102391813
Thailand,2021-12-27,"Oxford/AstraZeneca, Pfizer/BioNTech, Sinopharm/Beijing, Sinovac, Moderna",https://ddc.moph.go.th/covid19-dashboard/,51032657,45436831,6417165,102886653
Thailand,2021-12-28,"Oxford/AstraZeneca, Pfizer/BioNTech, Sinopharm/Beijing, Sinovac, Moderna",https://ddc.moph.go.th/covid19-dashboard/,51096868,45623350,6649458,103369676
Thailand,2021-12-29,"Oxford/AstraZeneca, Pfizer/BioNTech, Sinopharm/Beijing, Sinovac, Moderna",https://ddc.moph.go.th/covid19-dashboard/,51159014,45790409,6861654,103811077
Thailand,2021-12-30,"Oxford/AstraZeneca, Pfizer/BioNTech, Sinopharm/Beijing, Sinovac, Moderna",https://ddc.moph.go.th/covid19-dashboard/,51198200,45894043,7007321,104099564
Thailand,2021-12-31,"Oxford/AstraZeneca, Pfizer/BioNTech, Sinopharm/Beijing, Sinovac, Moderna",https://ddc.moph.go.th/covid19-dashboard/,51200924,45896157,7017117,104114198
Thailand,2022-01-01,"Oxford/AstraZeneca, Pfizer/BioNTech, Sinopharm/Beijing, Sinovac, Moderna",https://ddc.moph.go.th/covid19-dashboard/,51202296,45897637,7024334,104124267
Thailand,2022-01-02,"Oxford/AstraZeneca, Pfizer/BioNTech, Sinopharm/Beijing, Sinovac, Moderna",https://ddc.moph.go.th/covid19-dashboard/,51204134,45899224,7035326,104138684
Thailand,2022-01-03,"Oxford/AstraZeneca, Pfizer/BioNTech, Sinopharm/Beijing, Sinovac, Moderna",https://ddc.moph.go.th/covid19-dashboard/,51207076,45906924,7052252,104166252
Thailand,2022-01-04,"Oxford/AstraZeneca, Pfizer/BioNTech, Sinopharm/Beijing, Sinovac, Moderna",https://ddc.moph.go.th/covid19-dashboard/,51235121,46021252,7193018,104449391
Thailand,2022-01-05,"Oxford/AstraZeneca, Pfizer/BioNTech, Sinopharm/Beijing, Sinovac, Moderna",https://ddc.moph.go.th/covid19-dashboard/,51274686,46179580,7417945,104872211
Thailand,2022-01-06,"Oxford/AstraZeneca, Pfizer/BioNTech, Sinopharm/Beijing, Sinovac, Moderna",https://ddc.moph.go.th/covid19-dashboard/,51322582,46347457,7725751,105395790
Thailand,2022-01-07,"Oxford/AstraZeneca, Pfizer/BioNTech, Sinopharm/Beijing, Sinovac, Moderna",https://ddc.moph.go.th/covid19-dashboard/,51382482,46539902,8157068,106079452
Thailand,2022-01-08,"Oxford/AstraZeneca, Pfizer/BioNTech, Sinopharm/Beijing, Sinovac, Moderna",https://ddc.moph.go.th/covid19-dashboard/,51392450,46565077,8280461,106237988
Thailand,2022-01-09,"Oxford/AstraZeneca, Pfizer/BioNTech, Sinopharm/Beijing, Sinovac, Moderna",https://ddc.moph.go.th/covid19-dashboard/,51398905,46578362,8367647,106344914
Thailand,2022-01-10,"Oxford/AstraZeneca, Pfizer/BioNTech, Sinopharm/Beijing, Sinovac, Moderna",https://ddc.moph.go.th/covid19-dashboard/,51444637,46707387,8703384,106855408
Thailand,2022-01-11,"Oxford/AstraZeneca, Pfizer/BioNTech, Sinopharm/Beijing, Sinovac, Moderna",https://ddc.moph.go.th/covid19-dashboard/,51492098,46816629,9083660,107392387
Thailand,2022-01-12,"Oxford/AstraZeneca, Pfizer/BioNTech, Sinopharm/Beijing, Sinovac, Moderna",https://ddc.moph.go.th/covid19-dashboard/,51541140,46934511,9408820,107884471
Thailand,2022-01-13,"Oxford/AstraZeneca, Pfizer/BioNTech, Sinopharm/Beijing, Sinovac, Moderna",https://ddc.moph.go.th/covid19-dashboard/,51588291,47056458,9883050,108527799
Thailand,2022-01-14,"Oxford/AstraZeneca, Pfizer/BioNTech, Sinopharm/Beijing, Sinovac, Moderna",https://ddc.moph.go.th/covid19-dashboard/,51651898,47226016,10403807,109281721
Thailand,2022-01-15,"Oxford/AstraZeneca, Pfizer/BioNTech, Sinopharm/Beijing, Sinovac, Moderna",https://ddc.moph.go.th/covid19-dashboard/,51664690,47245014,10570472,109480176
Thailand,2022-01-16,"Oxford/AstraZeneca, Pfizer/BioNTech, Sinopharm/Beijing, Sinovac, Moderna",https://ddc.moph.go.th/covid19-dashboard/,51671198,47255647,10656149,109582994
Thailand,2022-01-17,"Oxford/AstraZeneca, Pfizer/BioNTech, Sinopharm/Beijing, Sinovac, Moderna",https://ddc.moph.go.th/covid19-dashboard/,51711463,47347396,10974122,110032981
Thailand,2022-01-18,"Oxford/AstraZeneca, Pfizer/BioNTech, Sinopharm/Beijing, Sinovac, Moderna",https://ddc.moph.go.th/covid19-dashboard/,51753335,47441606,11332613,110527554
Thailand,2022-01-19,"Oxford/AstraZeneca, Pfizer/BioNTech, Sinopharm/Beijing, Sinovac, Moderna",https://ddc.moph.go.th/covid19-dashboard/,51795821,47541370,11711725,111048916
Thailand,2022-01-20,"Oxford/AstraZeneca, Pfizer/BioNTech, Sinopharm/Beijing, Sinovac, Moderna",https://ddc.moph.go.th/covid19-dashboard/,51838436,47640739,12130735,111609910
Thailand,2022-01-21,"Oxford/AstraZeneca, Pfizer/BioNTech, Sinopharm/Beijing, Sinovac, Moderna",https://ddc.moph.go.th/covid19-dashboard/,51890700,47772823,12642619,112306142
Thailand,2022-01-22,"Oxford/AstraZeneca, Pfizer/BioNTech, Sinopharm/Beijing, Sinovac, Moderna",https://ddc.moph.go.th/covid19-dashboard/,51901130,47786364,12796401,112483895
Thailand,2022-01-23,"Oxford/AstraZeneca, Pfizer/BioNTech, Sinopharm/Beijing, Sinovac, Moderna",https://ddc.moph.go.th/covid19-dashboard/,51907959,47793616,12889395,112590970
Thailand,2022-01-24,"Oxford/AstraZeneca, Pfizer/BioNTech, Sinopharm/Beijing, Sinovac, Moderna",https://ddc.moph.go.th/covid19-dashboard/,51940984,47860515,13219588,113021087
Thailand,2022-01-25,"Oxford/AstraZeneca, Pfizer/BioNTech, Sinopharm/Beijing, Sinovac, Moderna",https://ddc.moph.go.th/covid19-dashboard/,51981878,47927659,13537391,113446928
Thailand,2022-01-26,"Oxford/AstraZeneca, Pfizer/BioNTech, Sinopharm/Beijing, Sinovac, Moderna",https://ddc.moph.go.th/covid19-dashboard/,52020101,47987579,13848683,113856363
Thailand,2022-01-27,"Oxford/AstraZeneca, Pfizer/BioNTech, Sinopharm/Beijing, Sinovac, Moderna",https://ddc.moph.go.th/covid19-dashboard/,52056871,48058431,14189450,114304752
Thailand,2022-01-28,"Oxford/AstraZeneca, Pfizer/BioNTech, Sinopharm/Beijing, Sinovac, Moderna",https://ddc.moph.go.th/covid19-dashboard/,52096556,48148330,14593896,114838782
Thailand,2022-01-29,"Oxford/AstraZeneca, Pfizer/BioNTech, Sinopharm/Beijing, Sinovac, Moderna",https://ddc.moph.go.th/covid19-dashboard/,52103534,48154932,14715143,114973609
Thailand,2022-01-30,"Oxford/AstraZeneca, Pfizer/BioNTech, Sinopharm/Beijing, Sinovac, Moderna",https://ddc.moph.go.th/covid19-dashboard/,52106808,48158139,14758814,115023761
