location,date,vaccine,source_url,total_vaccinations,people_vaccinated,people_fully_vaccinated
Zimbabwe,2021-02-18,Sinopharm/Beijing,https://www.arcgis.com/home/webmap/viewer.html?url=https://services9.arcgis.com/DnERH4rcjw7NU6lv/ArcGIS/rest/services/Vaccine_Distribution_Program/FeatureServer&source=sd,39,39,0
Zimbabwe,2021-02-21,Sinopharm/Beijing,https://www.arcgis.com/home/webmap/viewer.html?url=https://services9.arcgis.com/DnERH4rcjw7NU6lv/ArcGIS/rest/services/Vaccine_Distribution_Program/FeatureServer&source=sd,1314,1314,0
Zimbabwe,2021-02-23,Sinopharm/Beijing,https://www.arcgis.com/home/webmap/viewer.html?url=https://services9.arcgis.com/DnERH4rcjw7NU6lv/ArcGIS/rest/services/Vaccine_Distribution_Program/FeatureServer&source=sd,4041,4041,0
Zimbabwe,2021-02-24,Sinopharm/Beijing,https://www.arcgis.com/home/webmap/viewer.html?url=https://services9.arcgis.com/DnERH4rcjw7NU6lv/ArcGIS/rest/services/Vaccine_Distribution_Program/FeatureServer&source=sd,6115,6115,0
Zimbabwe,2021-02-25,Sinopharm/Beijing,https://www.arcgis.com/home/webmap/viewer.html?url=https://services9.arcgis.com/DnERH4rcjw7NU6lv/ArcGIS/rest/services/Vaccine_Distribution_Program/FeatureServer&source=sd,11264,11264,0
Zimbabwe,2021-02-26,Sinopharm/Beijing,https://www.arcgis.com/home/webmap/viewer.html?url=https://services9.arcgis.com/DnERH4rcjw7NU6lv/ArcGIS/rest/services/Vaccine_Distribution_Program/FeatureServer&source=sd,12836,12836,0
Zimbabwe,2021-02-27,Sinopharm/Beijing,https://www.arcgis.com/home/webmap/viewer.html?url=https://services9.arcgis.com/DnERH4rcjw7NU6lv/ArcGIS/rest/services/Vaccine_Distribution_Program/FeatureServer&source=sd,15962,15962,0
Zimbabwe,2021-02-28,Sinopharm/Beijing,https://www.arcgis.com/home/webmap/viewer.html?url=https://services9.arcgis.com/DnERH4rcjw7NU6lv/ArcGIS/rest/services/Vaccine_Distribution_Program/FeatureServer&source=sd,19100,19100,0
Zimbabwe,2021-03-01,Sinopharm/Beijing,https://www.arcgis.com/home/webmap/viewer.html?url=https://services9.arcgis.com/DnERH4rcjw7NU6lv/ArcGIS/rest/services/Vaccine_Distribution_Program/FeatureServer&source=sd,21713,21713,0
Zimbabwe,2021-03-02,Sinopharm/Beijing,https://www.arcgis.com/home/webmap/viewer.html?url=https://services9.arcgis.com/DnERH4rcjw7NU6lv/ArcGIS/rest/services/Vaccine_Distribution_Program/FeatureServer&source=sd,25334,25334,0
Zimbabwe,2021-03-03,Sinopharm/Beijing,https://www.arcgis.com/home/webmap/viewer.html?url=https://services9.arcgis.com/DnERH4rcjw7NU6lv/ArcGIS/rest/services/Vaccine_Distribution_Program/FeatureServer&source=sd,28227,28227,0
Zimbabwe,2021-03-04,Sinopharm/Beijing,https://www.arcgis.com/home/webmap/viewer.html?url=https://services9.arcgis.com/DnERH4rcjw7NU6lv/ArcGIS/rest/services/Vaccine_Distribution_Program/FeatureServer&source=sd,30915,30915,0
Zimbabwe,2021-03-05,Sinopharm/Beijing,https://www.arcgis.com/home/webmap/viewer.html?url=https://services9.arcgis.com/DnERH4rcjw7NU6lv/ArcGIS/rest/services/Vaccine_Distribution_Program/FeatureServer&source=sd,31472,31472,0
Zimbabwe,2021-03-06,Sinopharm/Beijing,https://www.arcgis.com/home/webmap/viewer.html?url=https://services9.arcgis.com/DnERH4rcjw7NU6lv/ArcGIS/rest/services/Vaccine_Distribution_Program/FeatureServer&source=sd,32251,32251,0
Zimbabwe,2021-03-07,Sinopharm/Beijing,https://www.arcgis.com/home/webmap/viewer.html?url=https://services9.arcgis.com/DnERH4rcjw7NU6lv/ArcGIS/rest/services/Vaccine_Distribution_Program/FeatureServer&source=sd,32786,32786,0
Zimbabwe,2021-03-08,Sinopharm/Beijing,https://www.arcgis.com/home/webmap/viewer.html?url=https://services9.arcgis.com/DnERH4rcjw7NU6lv/ArcGIS/rest/services/Vaccine_Distribution_Program/FeatureServer&source=sd,36064,36064,0
Zimbabwe,2021-03-09,Sinopharm/Beijing,https://www.arcgis.com/home/webmap/viewer.html?url=https://services9.arcgis.com/DnERH4rcjw7NU6lv/ArcGIS/rest/services/Vaccine_Distribution_Program/FeatureServer&source=sd,36307,36307,0
Zimbabwe,2021-03-10,Sinopharm/Beijing,https://www.arcgis.com/home/webmap/viewer.html?url=https://services9.arcgis.com/DnERH4rcjw7NU6lv/ArcGIS/rest/services/Vaccine_Distribution_Program/FeatureServer&source=sd,36447,36447,0
Zimbabwe,2021-03-11,Sinopharm/Beijing,https://www.arcgis.com/home/webmap/viewer.html?url=https://services9.arcgis.com/DnERH4rcjw7NU6lv/ArcGIS/rest/services/Vaccine_Distribution_Program/FeatureServer&source=sd,36565,36565,0
Zimbabwe,2021-03-12,Sinopharm/Beijing,https://www.arcgis.com/home/webmap/viewer.html?url=https://services9.arcgis.com/DnERH4rcjw7NU6lv/ArcGIS/rest/services/Vaccine_Distribution_Program/FeatureServer&source=sd,36829,36829,0
Zimbabwe,2021-03-13,Sinopharm/Beijing,https://www.arcgis.com/home/webmap/viewer.html?url=https://services9.arcgis.com/DnERH4rcjw7NU6lv/ArcGIS/rest/services/Vaccine_Distribution_Program/FeatureServer&source=sd,36905,36905,0
Zimbabwe,2021-03-14,Sinopharm/Beijing,https://www.arcgis.com/home/webmap/viewer.html?url=https://services9.arcgis.com/DnERH4rcjw7NU6lv/ArcGIS/rest/services/Vaccine_Distribution_Program/FeatureServer&source=sd,36905,36905,0
Zimbabwe,2021-03-15,Sinopharm/Beijing,https://www.arcgis.com/home/webmap/viewer.html?url=https://services9.arcgis.com/DnERH4rcjw7NU6lv/ArcGIS/rest/services/Vaccine_Distribution_Program/FeatureServer&source=sd,38206,38206,0
Zimbabwe,2021-03-16,Sinopharm/Beijing,https://www.arcgis.com/home/webmap/viewer.html?url=https://services9.arcgis.com/DnERH4rcjw7NU6lv/ArcGIS/rest/services/Vaccine_Distribution_Program/FeatureServer&source=sd,40096,40096,0
Zimbabwe,2021-03-17,Sinopharm/Beijing,https://www.arcgis.com/home/webmap/viewer.html?url=https://services9.arcgis.com/DnERH4rcjw7NU6lv/ArcGIS/rest/services/Vaccine_Distribution_Program/FeatureServer&source=sd,40153,40153,0
Zimbabwe,2021-03-18,Sinopharm/Beijing,https://www.arcgis.com/home/webmap/viewer.html?url=https://services9.arcgis.com/DnERH4rcjw7NU6lv/ArcGIS/rest/services/Vaccine_Distribution_Program/FeatureServer&source=sd,40548,40548,0
Zimbabwe,2021-03-19,Sinopharm/Beijing,https://www.arcgis.com/home/webmap/viewer.html?url=https://services9.arcgis.com/DnERH4rcjw7NU6lv/ArcGIS/rest/services/Vaccine_Distribution_Program/FeatureServer&source=sd,42233,42233,0
Zimbabwe,2021-03-20,Sinopharm/Beijing,https://www.arcgis.com/home/webmap/viewer.html?url=https://services9.arcgis.com/DnERH4rcjw7NU6lv/ArcGIS/rest/services/Vaccine_Distribution_Program/FeatureServer&source=sd,42756,42756,0
Zimbabwe,2021-03-21,Sinopharm/Beijing,https://www.arcgis.com/home/webmap/viewer.html?url=https://services9.arcgis.com/DnERH4rcjw7NU6lv/ArcGIS/rest/services/Vaccine_Distribution_Program/FeatureServer&source=sd,43275,43275,0
Zimbabwe,2021-03-22,Sinopharm/Beijing,https://www.arcgis.com/home/webmap/viewer.html?url=https://services9.arcgis.com/DnERH4rcjw7NU6lv/ArcGIS/rest/services/Vaccine_Distribution_Program/FeatureServer&source=sd,44120,43840,280
Zimbabwe,2021-03-23,Sinopharm/Beijing,https://www.arcgis.com/home/webmap/viewer.html?url=https://services9.arcgis.com/DnERH4rcjw7NU6lv/ArcGIS/rest/services/Vaccine_Distribution_Program/FeatureServer&source=sd,45743,44681,1062
Zimbabwe,2021-03-24,Sinopharm/Beijing,https://www.arcgis.com/home/webmap/viewer.html?url=https://services9.arcgis.com/DnERH4rcjw7NU6lv/ArcGIS/rest/services/Vaccine_Distribution_Program/FeatureServer&source=sd,52439,49950,2489
Zimbabwe,2021-03-25,Sinopharm/Beijing,https://www.arcgis.com/home/webmap/viewer.html?url=https://services9.arcgis.com/DnERH4rcjw7NU6lv/ArcGIS/rest/services/Vaccine_Distribution_Program/FeatureServer&source=sd,59533,55438,4095
Zimbabwe,2021-03-26,Sinopharm/Beijing,https://www.arcgis.com/home/webmap/viewer.html?url=https://services9.arcgis.com/DnERH4rcjw7NU6lv/ArcGIS/rest/services/Vaccine_Distribution_Program/FeatureServer&source=sd,68208,61639,6569
Zimbabwe,2021-03-27,Sinopharm/Beijing,https://www.arcgis.com/home/webmap/viewer.html?url=https://services9.arcgis.com/DnERH4rcjw7NU6lv/ArcGIS/rest/services/Vaccine_Distribution_Program/FeatureServer&source=sd,73977,66012,7965
Zimbabwe,2021-03-28,Sinopharm/Beijing,https://www.arcgis.com/home/webmap/viewer.html?url=https://services9.arcgis.com/DnERH4rcjw7NU6lv/ArcGIS/rest/services/Vaccine_Distribution_Program/FeatureServer&source=sd,79685,69057,10628
Zimbabwe,2021-03-29,"Oxford/AstraZeneca, Sinopharm/Beijing",https://www.arcgis.com/home/webmap/viewer.html?url=https://services9.arcgis.com/DnERH4rcjw7NU6lv/ArcGIS/rest/services/Vaccine_Distribution_Program/FeatureServer&source=sd,82156,70297,11859
Zimbabwe,2021-03-30,"Oxford/AstraZeneca, Sinopharm/Beijing, Sinovac",https://www.arcgis.com/home/webmap/viewer.html?url=https://services9.arcgis.com/DnERH4rcjw7NU6lv/ArcGIS/rest/services/Vaccine_Distribution_Program/FeatureServer&source=sd,86412,73490,12922
Zimbabwe,2021-03-31,"Oxford/AstraZeneca, Sinopharm/Beijing, Sinovac",https://www.arcgis.com/home/webmap/viewer.html?url=https://services9.arcgis.com/DnERH4rcjw7NU6lv/ArcGIS/rest/services/Vaccine_Distribution_Program/FeatureServer&source=sd,92426,77541,14885
Zimbabwe,2021-04-01,"Oxford/AstraZeneca, Sinopharm/Beijing, Sinovac",https://www.arcgis.com/home/webmap/viewer.html?url=https://services9.arcgis.com/DnERH4rcjw7NU6lv/ArcGIS/rest/services/Vaccine_Distribution_Program/FeatureServer&source=sd,105853,88337,17516
Zimbabwe,2021-04-02,"Oxford/AstraZeneca, Sinopharm/Beijing, Sinovac",https://www.arcgis.com/home/webmap/viewer.html?url=https://services9.arcgis.com/DnERH4rcjw7NU6lv/ArcGIS/rest/services/Vaccine_Distribution_Program/FeatureServer&source=sd,125299,104361,20938
Zimbabwe,2021-04-03,"Oxford/AstraZeneca, Sinopharm/Beijing, Sinovac",https://www.arcgis.com/home/webmap/viewer.html?url=https://services9.arcgis.com/DnERH4rcjw7NU6lv/ArcGIS/rest/services/Vaccine_Distribution_Program/FeatureServer&source=sd,133461,112134,21327
Zimbabwe,2021-04-04,"Oxford/AstraZeneca, Sinopharm/Beijing, Sinovac",https://www.arcgis.com/home/webmap/viewer.html?url=https://services9.arcgis.com/DnERH4rcjw7NU6lv/ArcGIS/rest/services/Vaccine_Distribution_Program/FeatureServer&source=sd,139446,117843,21603
Zimbabwe,2021-04-05,"Oxford/AstraZeneca, Sinopharm/Beijing, Sinovac",https://www.arcgis.com/home/webmap/viewer.html?url=https://services9.arcgis.com/DnERH4rcjw7NU6lv/ArcGIS/rest/services/Vaccine_Distribution_Program/FeatureServer&source=sd,146056,124000,22056
Zimbabwe,2021-04-06,"Oxford/AstraZeneca, Sinopharm/Beijing, Sinovac",https://www.arcgis.com/home/webmap/viewer.html?url=https://services9.arcgis.com/DnERH4rcjw7NU6lv/ArcGIS/rest/services/Vaccine_Distribution_Program/FeatureServer&source=sd,162633,139133,23500
Zimbabwe,2021-04-07,"Oxford/AstraZeneca, Sinopharm/Beijing, Sinovac",https://www.arcgis.com/home/webmap/viewer.html?url=https://services9.arcgis.com/DnERH4rcjw7NU6lv/ArcGIS/rest/services/Vaccine_Distribution_Program/FeatureServer&source=sd,179417,153238,26179
Zimbabwe,2021-04-08,"Oxford/AstraZeneca, Sinopharm/Beijing, Sinovac",https://www.arcgis.com/home/webmap/viewer.html?url=https://services9.arcgis.com/DnERH4rcjw7NU6lv/ArcGIS/rest/services/Vaccine_Distribution_Program/FeatureServer&source=sd,181700,154566,27134
Zimbabwe,2021-04-09,"Oxford/AstraZeneca, Sinopharm/Beijing, Sinovac",https://www.arcgis.com/home/webmap/viewer.html?url=https://services9.arcgis.com/DnERH4rcjw7NU6lv/ArcGIS/rest/services/Vaccine_Distribution_Program/FeatureServer&source=sd,194228,166260,27968
Zimbabwe,2021-04-10,"Oxford/AstraZeneca, Sinopharm/Beijing, Sinovac",https://www.arcgis.com/home/webmap/viewer.html?url=https://services9.arcgis.com/DnERH4rcjw7NU6lv/ArcGIS/rest/services/Vaccine_Distribution_Program/FeatureServer&source=sd,210756,181959,28797
Zimbabwe,2021-04-11,"Oxford/AstraZeneca, Sinopharm/Beijing, Sinovac",https://www.arcgis.com/home/webmap/viewer.html?url=https://services9.arcgis.com/DnERH4rcjw7NU6lv/ArcGIS/rest/services/Vaccine_Distribution_Program/FeatureServer&source=sd,211515,182617,28898
Zimbabwe,2021-04-12,"Oxford/AstraZeneca, Sinopharm/Beijing, Sinovac",https://www.arcgis.com/home/webmap/viewer.html?url=https://services9.arcgis.com/DnERH4rcjw7NU6lv/ArcGIS/rest/services/Vaccine_Distribution_Program/FeatureServer&source=sd,222602,193298,29304
Zimbabwe,2021-04-13,"Oxford/AstraZeneca, Sinopharm/Beijing, Sinovac",https://www.arcgis.com/home/webmap/viewer.html?url=https://services9.arcgis.com/DnERH4rcjw7NU6lv/ArcGIS/rest/services/Vaccine_Distribution_Program/FeatureServer&source=sd,250151,219655,30496
Zimbabwe,2021-04-15,"Oxford/AstraZeneca, Sinopharm/Beijing, Sinovac",https://www.arcgis.com/home/webmap/viewer.html?url=https://services9.arcgis.com/DnERH4rcjw7NU6lv/ArcGIS/rest/services/Vaccine_Distribution_Program/FeatureServer&source=sd,292724,257755,34969
Zimbabwe,2021-04-17,"Oxford/AstraZeneca, Sinopharm/Beijing, Sinovac",https://www.arcgis.com/home/webmap/viewer.html?url=https://services9.arcgis.com/DnERH4rcjw7NU6lv/ArcGIS/rest/services/Vaccine_Distribution_Program/FeatureServer&source=sd,299924,264118,35806
Zimbabwe,2021-04-18,"Oxford/AstraZeneca, Sinopharm/Beijing, Sinovac",https://www.arcgis.com/home/webmap/viewer.html?url=https://services9.arcgis.com/DnERH4rcjw7NU6lv/ArcGIS/rest/services/Vaccine_Distribution_Program/FeatureServer&source=sd,305014,268591,36423
Zimbabwe,2021-04-20,"Oxford/AstraZeneca, Sinopharm/Beijing, Sinovac",https://www.arcgis.com/home/webmap/viewer.html?url=https://services9.arcgis.com/DnERH4rcjw7NU6lv/ArcGIS/rest/services/Vaccine_Distribution_Program/FeatureServer&source=sd,313030,276252,36778
Zimbabwe,2021-04-21,"Oxford/AstraZeneca, Sinopharm/Beijing, Sinovac",https://www.arcgis.com/home/webmap/viewer.html?url=https://services9.arcgis.com/DnERH4rcjw7NU6lv/ArcGIS/rest/services/Vaccine_Distribution_Program/FeatureServer&source=sd,332929,295584,37345
Zimbabwe,2021-04-22,"Oxford/AstraZeneca, Sinopharm/Beijing, Sinovac",https://www.arcgis.com/home/webmap/viewer.html?url=https://services9.arcgis.com/DnERH4rcjw7NU6lv/ArcGIS/rest/services/Vaccine_Distribution_Program/FeatureServer&source=sd,332929,295584,37345
Zimbabwe,2021-04-23,"Oxford/AstraZeneca, Sinopharm/Beijing, Sinovac",https://www.arcgis.com/home/webmap/viewer.html?url=https://services9.arcgis.com/DnERH4rcjw7NU6lv/ArcGIS/rest/services/Vaccine_Distribution_Program/FeatureServer&source=sd,347115,307245,39870
Zimbabwe,2021-04-24,"Oxford/AstraZeneca, Sinopharm/Beijing, Sinovac",https://www.arcgis.com/home/webmap/viewer.html?url=https://services9.arcgis.com/DnERH4rcjw7NU6lv/ArcGIS/rest/services/Vaccine_Distribution_Program/FeatureServer&source=sd,371717,324486,47231
Zimbabwe,2021-04-25,"Oxford/AstraZeneca, Sinopharm/Beijing, Sinovac",https://www.arcgis.com/home/webmap/viewer.html?url=https://services9.arcgis.com/DnERH4rcjw7NU6lv/ArcGIS/rest/services/Vaccine_Distribution_Program/FeatureServer&source=sd,389636,336598,53038
Zimbabwe,2021-04-26,"Oxford/AstraZeneca, Sinopharm/Beijing, Sinovac",https://www.arcgis.com/home/webmap/viewer.html?url=https://services9.arcgis.com/DnERH4rcjw7NU6lv/ArcGIS/rest/services/Vaccine_Distribution_Program/FeatureServer&source=sd,411228,353832,57396
Zimbabwe,2021-04-27,"Oxford/AstraZeneca, Sinopharm/Beijing, Sinovac",https://www.arcgis.com/home/webmap/viewer.html?url=https://services9.arcgis.com/DnERH4rcjw7NU6lv/ArcGIS/rest/services/Vaccine_Distribution_Program/FeatureServer&source=sd,433917,370674,63243
Zimbabwe,2021-04-28,"Oxford/AstraZeneca, Sinopharm/Beijing, Sinovac",https://www.arcgis.com/home/webmap/viewer.html?url=https://services9.arcgis.com/DnERH4rcjw7NU6lv/ArcGIS/rest/services/Vaccine_Distribution_Program/FeatureServer&source=sd,457991,388019,69972
Zimbabwe,2021-04-29,"Oxford/AstraZeneca, Sinopharm/Beijing, Sinovac",https://www.arcgis.com/home/webmap/viewer.html?url=https://services9.arcgis.com/DnERH4rcjw7NU6lv/ArcGIS/rest/services/Vaccine_Distribution_Program/FeatureServer&source=sd,500320,414733,85587
Zimbabwe,2021-05-01,"Oxford/AstraZeneca, Sinopharm/Beijing, Sinovac",https://www.arcgis.com/home/webmap/viewer.html?url=https://services9.arcgis.com/DnERH4rcjw7NU6lv/ArcGIS/rest/services/Vaccine_Distribution_Program/FeatureServer&source=sd,520277,428133,92144
Zimbabwe,2021-05-02,"Oxford/AstraZeneca, Sinopharm/Beijing, Sinovac",https://www.arcgis.com/home/webmap/viewer.html?url=https://services9.arcgis.com/DnERH4rcjw7NU6lv/ArcGIS/rest/services/Vaccine_Distribution_Program/FeatureServer&source=sd,524177,430066,94111
Zimbabwe,2021-05-03,"Oxford/AstraZeneca, Sinopharm/Beijing, Sinovac",https://www.arcgis.com/home/webmap/viewer.html?url=https://services9.arcgis.com/DnERH4rcjw7NU6lv/ArcGIS/rest/services/Vaccine_Distribution_Program/FeatureServer&source=sd,537494,437749,99745
Zimbabwe,2021-05-04,"Oxford/AstraZeneca, Sinopharm/Beijing, Sinovac",https://www.arcgis.com/home/webmap/viewer.html?url=https://services9.arcgis.com/DnERH4rcjw7NU6lv/ArcGIS/rest/services/Vaccine_Distribution_Program/FeatureServer&source=sd,559755,452189,107566
Zimbabwe,2021-05-05,"Oxford/AstraZeneca, Sinopharm/Beijing, Sinovac",https://www.arcgis.com/home/webmap/viewer.html?url=https://services9.arcgis.com/DnERH4rcjw7NU6lv/ArcGIS/rest/services/Vaccine_Distribution_Program/FeatureServer&source=sd,576211,461021,115190
Zimbabwe,2021-05-06,"Oxford/AstraZeneca, Sinopharm/Beijing, Sinovac",https://www.arcgis.com/home/webmap/viewer.html?url=https://services9.arcgis.com/DnERH4rcjw7NU6lv/ArcGIS/rest/services/Vaccine_Distribution_Program/FeatureServer&source=sd,607333,478172,129161
Zimbabwe,2021-05-07,"Oxford/AstraZeneca, Sinopharm/Beijing, Sinovac",https://www.arcgis.com/home/webmap/viewer.html?url=https://services9.arcgis.com/DnERH4rcjw7NU6lv/ArcGIS/rest/services/Vaccine_Distribution_Program/FeatureServer&source=sd,640740,500420,140320
Zimbabwe,2021-05-08,"Oxford/AstraZeneca, Sinopharm/Beijing, Sinovac",https://www.arcgis.com/home/webmap/viewer.html?url=https://services9.arcgis.com/DnERH4rcjw7NU6lv/ArcGIS/rest/services/Vaccine_Distribution_Program/FeatureServer&source=sd,657816,509272,148544
Zimbabwe,2021-05-09,"Oxford/AstraZeneca, Sinopharm/Beijing, Sinovac",https://www.arcgis.com/home/webmap/viewer.html?url=https://services9.arcgis.com/DnERH4rcjw7NU6lv/ArcGIS/rest/services/Vaccine_Distribution_Program/FeatureServer&source=sd,684221,526064,158157
Zimbabwe,2021-05-10,"Oxford/AstraZeneca, Sinopharm/Beijing, Sinovac",https://www.arcgis.com/home/webmap/viewer.html?url=https://services9.arcgis.com/DnERH4rcjw7NU6lv/ArcGIS/rest/services/Vaccine_Distribution_Program/FeatureServer&source=sd,690631,529358,161273
Zimbabwe,2021-05-11,"Oxford/AstraZeneca, Sinopharm/Beijing, Sinovac",https://www.arcgis.com/home/webmap/viewer.html?url=https://services9.arcgis.com/DnERH4rcjw7NU6lv/ArcGIS/rest/services/Vaccine_Distribution_Program/FeatureServer&source=sd,709750,539524,170226
Zimbabwe,2021-05-12,"Oxford/AstraZeneca, Sinopharm/Beijing, Sinovac",https://www.arcgis.com/home/webmap/viewer.html?url=https://services9.arcgis.com/DnERH4rcjw7NU6lv/ArcGIS/rest/services/Vaccine_Distribution_Program/FeatureServer&source=sd,730343,549795,180548
Zimbabwe,2021-05-13,"Oxford/AstraZeneca, Sinopharm/Beijing, Sinovac",https://www.arcgis.com/home/webmap/viewer.html?url=https://services9.arcgis.com/DnERH4rcjw7NU6lv/ArcGIS/rest/services/Vaccine_Distribution_Program/FeatureServer&source=sd,751998,559873,192125
Zimbabwe,2021-05-14,"Oxford/AstraZeneca, Sinopharm/Beijing, Sinovac",https://www.arcgis.com/home/webmap/viewer.html?url=https://services9.arcgis.com/DnERH4rcjw7NU6lv/ArcGIS/rest/services/Vaccine_Distribution_Program/FeatureServer&source=sd,775219,571458,203761
Zimbabwe,2021-05-15,"Oxford/AstraZeneca, Sinopharm/Beijing, Sinovac",https://www.arcgis.com/home/webmap/viewer.html?url=https://services9.arcgis.com/DnERH4rcjw7NU6lv/ArcGIS/rest/services/Vaccine_Distribution_Program/FeatureServer&source=sd,793289,579767,213522
Zimbabwe,2021-05-16,"Oxford/AstraZeneca, Sinopharm/Beijing, Sinovac",https://www.arcgis.com/home/webmap/viewer.html?url=https://services9.arcgis.com/DnERH4rcjw7NU6lv/ArcGIS/rest/services/Vaccine_Distribution_Program/FeatureServer&source=sd,796925,581613,215312
Zimbabwe,2021-05-17,"Oxford/AstraZeneca, Sinopharm/Beijing, Sinovac",https://www.arcgis.com/home/webmap/viewer.html?url=https://services9.arcgis.com/DnERH4rcjw7NU6lv/ArcGIS/rest/services/Vaccine_Distribution_Program/FeatureServer&source=sd,814236,591806,222430
Zimbabwe,2021-05-18,"Oxford/AstraZeneca, Sinopharm/Beijing, Sinovac",https://www.arcgis.com/home/webmap/viewer.html?url=https://services9.arcgis.com/DnERH4rcjw7NU6lv/ArcGIS/rest/services/Vaccine_Distribution_Program/FeatureServer&source=sd,831932,600577,231355
Zimbabwe,2021-05-19,"Oxford/AstraZeneca, Sinopharm/Beijing, Sinovac",https://www.arcgis.com/home/webmap/viewer.html?url=https://services9.arcgis.com/DnERH4rcjw7NU6lv/ArcGIS/rest/services/Vaccine_Distribution_Program/FeatureServer&source=sd,867374,615294,252080
Zimbabwe,2021-05-21,"Oxford/AstraZeneca, Sinopharm/Beijing, Sinovac",https://www.arcgis.com/home/webmap/viewer.html?url=https://services9.arcgis.com/DnERH4rcjw7NU6lv/ArcGIS/rest/services/Vaccine_Distribution_Program/FeatureServer&source=sd,904051,630346,273705
Zimbabwe,2021-05-23,"Oxford/AstraZeneca, Sinopharm/Beijing, Sinovac",https://www.arcgis.com/home/webmap/viewer.html?url=https://services9.arcgis.com/DnERH4rcjw7NU6lv/ArcGIS/rest/services/Vaccine_Distribution_Program/FeatureServer&source=sd,911011,632494,278517
Zimbabwe,2021-05-24,"Oxford/AstraZeneca, Sinopharm/Beijing, Sinovac",https://www.arcgis.com/home/webmap/viewer.html?url=https://services9.arcgis.com/DnERH4rcjw7NU6lv/ArcGIS/rest/services/Vaccine_Distribution_Program/FeatureServer&source=sd,927968,639551,288417
Zimbabwe,2021-05-26,"Oxford/AstraZeneca, Sinopharm/Beijing, Sinovac",https://www.arcgis.com/home/webmap/viewer.html?url=https://services9.arcgis.com/DnERH4rcjw7NU6lv/ArcGIS/rest/services/Vaccine_Distribution_Program/FeatureServer&source=sd,937018,643529,293489
Zimbabwe,2021-05-27,"Oxford/AstraZeneca, Sinopharm/Beijing, Sinovac",https://www.arcgis.com/home/webmap/viewer.html?url=https://services9.arcgis.com/DnERH4rcjw7NU6lv/ArcGIS/rest/services/Vaccine_Distribution_Program/FeatureServer&source=sd,953367,648119,305248
Zimbabwe,2021-05-28,"Oxford/AstraZeneca, Sinopharm/Beijing, Sinovac",https://www.arcgis.com/home/webmap/viewer.html?url=https://services9.arcgis.com/DnERH4rcjw7NU6lv/ArcGIS/rest/services/Vaccine_Distribution_Program/FeatureServer&source=sd,976774,656628,320146
Zimbabwe,2021-05-29,"Oxford/AstraZeneca, Sinopharm/Beijing, Sinovac",https://www.arcgis.com/home/webmap/viewer.html?url=https://services9.arcgis.com/DnERH4rcjw7NU6lv/ArcGIS/rest/services/Vaccine_Distribution_Program/FeatureServer&source=sd,1002443,666784,335659
Zimbabwe,2021-05-30,"Oxford/AstraZeneca, Sinopharm/Beijing, Sinovac",https://www.arcgis.com/home/webmap/viewer.html?url=https://services9.arcgis.com/DnERH4rcjw7NU6lv/ArcGIS/rest/services/Vaccine_Distribution_Program/FeatureServer&source=sd,1011951,670753,341198
Zimbabwe,2021-05-31,"Oxford/AstraZeneca, Sinopharm/Beijing, Sinovac",https://www.arcgis.com/home/webmap/viewer.html?url=https://services9.arcgis.com/DnERH4rcjw7NU6lv/ArcGIS/rest/services/Vaccine_Distribution_Program/FeatureServer&source=sd,1020056,675676,344380
Zimbabwe,2021-06-01,"Oxford/AstraZeneca, Sinopharm/Beijing, Sinovac",https://www.arcgis.com/home/webmap/viewer.html?url=https://services9.arcgis.com/DnERH4rcjw7NU6lv/ArcGIS/rest/services/Vaccine_Distribution_Program/FeatureServer&source=sd,1031259,678001,353258
Zimbabwe,2021-06-02,"Oxford/AstraZeneca, Sinopharm/Beijing, Sinovac",https://www.arcgis.com/home/webmap/viewer.html?url=https://services9.arcgis.com/DnERH4rcjw7NU6lv/ArcGIS/rest/services/Vaccine_Distribution_Program/FeatureServer&source=sd,1040192,682240,357952
Zimbabwe,2021-06-03,"Oxford/AstraZeneca, Sinopharm/Beijing, Sinovac",https://www.arcgis.com/home/webmap/viewer.html?url=https://services9.arcgis.com/DnERH4rcjw7NU6lv/ArcGIS/rest/services/Vaccine_Distribution_Program/FeatureServer&source=sd,1048482,684162,364320
Zimbabwe,2021-06-04,"Oxford/AstraZeneca, Sinopharm/Beijing, Sinovac",https://www.arcgis.com/home/webmap/viewer.html?url=https://services9.arcgis.com/DnERH4rcjw7NU6lv/ArcGIS/rest/services/Vaccine_Distribution_Program/FeatureServer&source=sd,1056216,685562,370654
Zimbabwe,2021-06-05,"Oxford/AstraZeneca, Sinopharm/Beijing, Sinovac",https://www.arcgis.com/home/webmap/viewer.html?url=https://services9.arcgis.com/DnERH4rcjw7NU6lv/ArcGIS/rest/services/Vaccine_Distribution_Program/FeatureServer&source=sd,1061929,686634,375295
Zimbabwe,2021-06-06,"Oxford/AstraZeneca, Sinopharm/Beijing, Sinovac",https://www.arcgis.com/home/webmap/viewer.html?url=https://services9.arcgis.com/DnERH4rcjw7NU6lv/ArcGIS/rest/services/Vaccine_Distribution_Program/FeatureServer&source=sd,1068085,687319,380766
Zimbabwe,2021-06-07,"Oxford/AstraZeneca, Sinopharm/Beijing, Sinovac",https://www.arcgis.com/home/webmap/viewer.html?url=https://services9.arcgis.com/DnERH4rcjw7NU6lv/ArcGIS/rest/services/Vaccine_Distribution_Program/FeatureServer&source=sd,1073949,688694,385255
Zimbabwe,2021-06-08,"Oxford/AstraZeneca, Sinopharm/Beijing, Sinovac",https://www.arcgis.com/home/webmap/viewer.html?url=https://services9.arcgis.com/DnERH4rcjw7NU6lv/ArcGIS/rest/services/Vaccine_Distribution_Program/FeatureServer&source=sd,1078787,689395,389392
Zimbabwe,2021-06-09,"Oxford/AstraZeneca, Sinopharm/Beijing, Sinovac",https://www.arcgis.com/home/webmap/viewer.html?url=https://services9.arcgis.com/DnERH4rcjw7NU6lv/ArcGIS/rest/services/Vaccine_Distribution_Program/FeatureServer&source=sd,1083961,689918,394043
Zimbabwe,2021-06-10,"Oxford/AstraZeneca, Sinopharm/Beijing, Sinovac",https://www.arcgis.com/home/webmap/viewer.html?url=https://services9.arcgis.com/DnERH4rcjw7NU6lv/ArcGIS/rest/services/Vaccine_Distribution_Program/FeatureServer&source=sd,1089484,690450,399034
Zimbabwe,2021-06-11,"Oxford/AstraZeneca, Sinopharm/Beijing, Sinovac, Sputnik V",https://www.arcgis.com/home/webmap/viewer.html?url=https://services9.arcgis.com/DnERH4rcjw7NU6lv/ArcGIS/rest/services/Vaccine_Distribution_Program/FeatureServer&source=sd,1103376,692178,411198
Zimbabwe,2021-06-13,"Oxford/AstraZeneca, Sinopharm/Beijing, Sinovac, Sputnik V",https://www.arcgis.com/home/webmap/viewer.html?url=https://services9.arcgis.com/DnERH4rcjw7NU6lv/ArcGIS/rest/services/Vaccine_Distribution_Program/FeatureServer&source=sd,1107036,693145,413891
Zimbabwe,2021-06-14,"Oxford/AstraZeneca, Sinopharm/Beijing, Sinovac, Sputnik V",https://www.arcgis.com/home/webmap/viewer.html?url=https://services9.arcgis.com/DnERH4rcjw7NU6lv/ArcGIS/rest/services/Vaccine_Distribution_Program/FeatureServer&source=sd,1108181,693566,414615
Zimbabwe,2021-06-15,"Oxford/AstraZeneca, Sinopharm/Beijing, Sinovac, Sputnik V",https://www.arcgis.com/home/webmap/viewer.html?url=https://services9.arcgis.com/DnERH4rcjw7NU6lv/ArcGIS/rest/services/Vaccine_Distribution_Program/FeatureServer&source=sd,1113456,694728,418728
Zimbabwe,2021-06-16,"Oxford/AstraZeneca, Sinopharm/Beijing, Sinovac, Sputnik V",https://www.arcgis.com/home/webmap/viewer.html?url=https://services9.arcgis.com/DnERH4rcjw7NU6lv/ArcGIS/rest/services/Vaccine_Distribution_Program/FeatureServer&source=sd,1120851,697397,423454
Zimbabwe,2021-06-17,"Oxford/AstraZeneca, Sinopharm/Beijing, Sinovac, Sputnik V",https://www.arcgis.com/home/webmap/viewer.html?url=https://services9.arcgis.com/DnERH4rcjw7NU6lv/ArcGIS/rest/services/Vaccine_Distribution_Program/FeatureServer&source=sd,1126065,698951,427114
Zimbabwe,2021-06-18,"Oxford/AstraZeneca, Sinopharm/Beijing, Sinovac, Sputnik V",https://www.arcgis.com/home/webmap/viewer.html?url=https://services9.arcgis.com/DnERH4rcjw7NU6lv/ArcGIS/rest/services/Vaccine_Distribution_Program/FeatureServer&source=sd,1133898,701346,432552
Zimbabwe,2021-06-20,"Oxford/AstraZeneca, Sinopharm/Beijing, Sinovac, Sputnik V",https://www.arcgis.com/home/webmap/viewer.html?url=https://services9.arcgis.com/DnERH4rcjw7NU6lv/ArcGIS/rest/services/Vaccine_Distribution_Program/FeatureServer&source=sd,1138711,703063,435648
Zimbabwe,2021-06-21,"Oxford/AstraZeneca, Sinopharm/Beijing, Sinovac, Sputnik V",https://www.arcgis.com/home/webmap/viewer.html?url=https://services9.arcgis.com/DnERH4rcjw7NU6lv/ArcGIS/rest/services/Vaccine_Distribution_Program/FeatureServer&source=sd,1140830,703999,436831
Zimbabwe,2021-06-22,"Oxford/AstraZeneca, Sinopharm/Beijing, Sinovac, Sputnik V",https://www.arcgis.com/home/webmap/viewer.html?url=https://services9.arcgis.com/DnERH4rcjw7NU6lv/ArcGIS/rest/services/Vaccine_Distribution_Program/FeatureServer&source=sd,1146356,706156,440200
Zimbabwe,2021-06-23,"Oxford/AstraZeneca, Sinopharm/Beijing, Sinovac, Sputnik V",https://www.arcgis.com/home/webmap/viewer.html?url=https://services9.arcgis.com/DnERH4rcjw7NU6lv/ArcGIS/rest/services/Vaccine_Distribution_Program/FeatureServer&source=sd,1166827,715054,451773
Zimbabwe,2021-06-24,"Oxford/AstraZeneca, Sinopharm/Beijing, Sinovac, Sputnik V",https://www.arcgis.com/home/webmap/viewer.html?url=https://services9.arcgis.com/DnERH4rcjw7NU6lv/ArcGIS/rest/services/Vaccine_Distribution_Program/FeatureServer&source=sd,1193293,725580,467713
Zimbabwe,2021-06-25,"Oxford/AstraZeneca, Sinopharm/Beijing, Sinovac, Sputnik V",https://www.arcgis.com/home/webmap/viewer.html?url=https://services9.arcgis.com/DnERH4rcjw7NU6lv/ArcGIS/rest/services/Vaccine_Distribution_Program/FeatureServer&source=sd,1221895,737481,484414
Zimbabwe,2021-06-26,"Oxford/AstraZeneca, Sinopharm/Beijing, Sinovac, Sputnik V",https://www.arcgis.com/home/webmap/viewer.html?url=https://services9.arcgis.com/DnERH4rcjw7NU6lv/ArcGIS/rest/services/Vaccine_Distribution_Program/FeatureServer&source=sd,1249486,747328,502158
Zimbabwe,2021-06-27,"Oxford/AstraZeneca, Sinopharm/Beijing, Sinovac, Sputnik V",https://www.arcgis.com/home/webmap/viewer.html?url=https://services9.arcgis.com/DnERH4rcjw7NU6lv/ArcGIS/rest/services/Vaccine_Distribution_Program/FeatureServer&source=sd,1275237,756289,518948
Zimbabwe,2021-06-28,"Oxford/AstraZeneca, Sinopharm/Beijing, Sinovac, Sputnik V",https://www.arcgis.com/home/webmap/viewer.html?url=https://services9.arcgis.com/DnERH4rcjw7NU6lv/ArcGIS/rest/services/Vaccine_Distribution_Program/FeatureServer&source=sd,1299132,764246,534886
Zimbabwe,2021-06-29,"Oxford/AstraZeneca, Sinopharm/Beijing, Sinovac, Sputnik V",https://www.arcgis.com/home/webmap/viewer.html?url=https://services9.arcgis.com/DnERH4rcjw7NU6lv/ArcGIS/rest/services/Vaccine_Distribution_Program/FeatureServer&source=sd,1315575,770707,544868
Zimbabwe,2021-06-30,"Oxford/AstraZeneca, Sinopharm/Beijing, Sinovac, Sputnik V",https://www.arcgis.com/home/webmap/viewer.html?url=https://services9.arcgis.com/DnERH4rcjw7NU6lv/ArcGIS/rest/services/Vaccine_Distribution_Program/FeatureServer&source=sd,1332416,777159,555257
Zimbabwe,2021-07-01,"Oxford/AstraZeneca, Sinopharm/Beijing, Sinovac, Sputnik V",https://www.arcgis.com/home/webmap/viewer.html?url=https://services9.arcgis.com/DnERH4rcjw7NU6lv/ArcGIS/rest/services/Vaccine_Distribution_Program/FeatureServer&source=sd,1341938,782696,559242
Zimbabwe,2021-07-02,"Oxford/AstraZeneca, Sinopharm/Beijing, Sinovac, Sputnik V",https://www.arcgis.com/home/webmap/viewer.html?url=https://services9.arcgis.com/DnERH4rcjw7NU6lv/ArcGIS/rest/services/Vaccine_Distribution_Program/FeatureServer&source=sd,1352698,788004,564694
Zimbabwe,2021-07-03,"Oxford/AstraZeneca, Sinopharm/Beijing, Sinovac, Sputnik V",https://www.arcgis.com/home/webmap/viewer.html?url=https://services9.arcgis.com/DnERH4rcjw7NU6lv/ArcGIS/rest/services/Vaccine_Distribution_Program/FeatureServer&source=sd,1359567,791901,567666
Zimbabwe,2021-07-04,"Oxford/AstraZeneca, Sinopharm/Beijing, Sinovac, Sputnik V",https://www.arcgis.com/home/webmap/viewer.html?url=https://services9.arcgis.com/DnERH4rcjw7NU6lv/ArcGIS/rest/services/Vaccine_Distribution_Program/FeatureServer&source=sd,1361190,793077,568113
Zimbabwe,2021-07-05,"Oxford/AstraZeneca, Sinopharm/Beijing, Sinovac, Sputnik V",https://www.arcgis.com/home/webmap/viewer.html?url=https://services9.arcgis.com/DnERH4rcjw7NU6lv/ArcGIS/rest/services/Vaccine_Distribution_Program/FeatureServer&source=sd,1369416,797715,571701
Zimbabwe,2021-07-06,"Oxford/AstraZeneca, Sinopharm/Beijing, Sinovac, Sputnik V",https://www.arcgis.com/home/webmap/viewer.html?url=https://services9.arcgis.com/DnERH4rcjw7NU6lv/ArcGIS/rest/services/Vaccine_Distribution_Program/FeatureServer&source=sd,1382547,807633,574914
Zimbabwe,2021-07-07,"Oxford/AstraZeneca, Sinopharm/Beijing, Sinovac, Sputnik V",https://www.arcgis.com/home/webmap/viewer.html?url=https://services9.arcgis.com/DnERH4rcjw7NU6lv/ArcGIS/rest/services/Vaccine_Distribution_Program/FeatureServer&source=sd,1398737,819058,579679
Zimbabwe,2021-07-08,"Oxford/AstraZeneca, Sinopharm/Beijing, Sinovac, Sputnik V",https://www.arcgis.com/home/webmap/viewer.html?url=https://services9.arcgis.com/DnERH4rcjw7NU6lv/ArcGIS/rest/services/Vaccine_Distribution_Program/FeatureServer&source=sd,1463995,875182,588813
Zimbabwe,2021-07-10,"Oxford/AstraZeneca, Sinopharm/Beijing, Sinovac, Sputnik V",https://www.arcgis.com/home/webmap/viewer.html?url=https://services9.arcgis.com/DnERH4rcjw7NU6lv/ArcGIS/rest/services/Vaccine_Distribution_Program/FeatureServer&source=sd,1477120,886619,590501
Zimbabwe,2021-07-11,"Oxford/AstraZeneca, Sinopharm/Beijing, Sinovac, Sputnik V",https://www.arcgis.com/home/webmap/viewer.html?url=https://services9.arcgis.com/DnERH4rcjw7NU6lv/ArcGIS/rest/services/Vaccine_Distribution_Program/FeatureServer&source=sd,1491397,895980,595417
Zimbabwe,2021-07-12,"Oxford/AstraZeneca, Sinopharm/Beijing, Sinovac, Sputnik V",https://www.arcgis.com/home/webmap/viewer.html?url=https://services9.arcgis.com/DnERH4rcjw7NU6lv/ArcGIS/rest/services/Vaccine_Distribution_Program/FeatureServer&source=sd,1531868,926312,605556
Zimbabwe,2021-07-13,"Oxford/AstraZeneca, Sinopharm/Beijing, Sinovac, Sputnik V",https://www.arcgis.com/home/webmap/viewer.html?url=https://services9.arcgis.com/DnERH4rcjw7NU6lv/ArcGIS/rest/services/Vaccine_Distribution_Program/FeatureServer&source=sd,1613640,988746,624894
Zimbabwe,2021-07-15,"Oxford/AstraZeneca, Sinopharm/Beijing, Sinovac, Sputnik V",https://www.arcgis.com/home/webmap/viewer.html?url=https://services9.arcgis.com/DnERH4rcjw7NU6lv/ArcGIS/rest/services/Vaccine_Distribution_Program/FeatureServer&source=sd,1731740,1096002,635738
Zimbabwe,2021-07-17,"Oxford/AstraZeneca, Sinopharm/Beijing, Sinovac, Sputnik V",https://www.arcgis.com/home/webmap/viewer.html?url=https://services9.arcgis.com/DnERH4rcjw7NU6lv/ArcGIS/rest/services/Vaccine_Distribution_Program/FeatureServer&source=sd,1771434,1132045,639389
Zimbabwe,2021-07-18,"Oxford/AstraZeneca, Sinopharm/Beijing, Sinovac, Sputnik V",https://www.arcgis.com/home/webmap/viewer.html?url=https://services9.arcgis.com/DnERH4rcjw7NU6lv/ArcGIS/rest/services/Vaccine_Distribution_Program/FeatureServer&source=sd,1785242,1144088,641154
Zimbabwe,2021-07-19,"Oxford/AstraZeneca, Sinopharm/Beijing, Sinovac, Sputnik V",https://www.arcgis.com/home/webmap/viewer.html?url=https://services9.arcgis.com/DnERH4rcjw7NU6lv/ArcGIS/rest/services/Vaccine_Distribution_Program/FeatureServer&source=sd,1827347,1184144,643203
Zimbabwe,2021-07-20,"Oxford/AstraZeneca, Sinopharm/Beijing, Sinovac, Sputnik V",https://www.arcgis.com/home/webmap/viewer.html?url=https://services9.arcgis.com/DnERH4rcjw7NU6lv/ArcGIS/rest/services/Vaccine_Distribution_Program/FeatureServer&source=sd,1897046,1247203,649843
Zimbabwe,2021-07-21,"Oxford/AstraZeneca, Sinopharm/Beijing, Sinovac, Sputnik V",https://www.arcgis.com/home/webmap/viewer.html?url=https://services9.arcgis.com/DnERH4rcjw7NU6lv/ArcGIS/rest/services/Vaccine_Distribution_Program/FeatureServer&source=sd,1949181,1292351,656830
Zimbabwe,2021-07-22,"Oxford/AstraZeneca, Sinopharm/Beijing, Sinovac, Sputnik V",https://www.arcgis.com/home/webmap/viewer.html?url=https://services9.arcgis.com/DnERH4rcjw7NU6lv/ArcGIS/rest/services/Vaccine_Distribution_Program/FeatureServer&source=sd,2016810,1352223,664587
Zimbabwe,2021-07-23,"Oxford/AstraZeneca, Sinopharm/Beijing, Sinovac, Sputnik V",https://www.arcgis.com/home/webmap/viewer.html?url=https://services9.arcgis.com/DnERH4rcjw7NU6lv/ArcGIS/rest/services/Vaccine_Distribution_Program/FeatureServer&source=sd,2116373,1438599,677774
Zimbabwe,2021-07-25,"Oxford/AstraZeneca, Sinopharm/Beijing, Sinovac, Sputnik V",https://www.arcgis.com/home/webmap/viewer.html?url=https://services9.arcgis.com/DnERH4rcjw7NU6lv/ArcGIS/rest/services/Vaccine_Distribution_Program/FeatureServer&source=sd,2178418,1491202,687216
Zimbabwe,2021-07-26,"Oxford/AstraZeneca, Sinopharm/Beijing, Sinovac, Sputnik V",https://www.arcgis.com/home/webmap/viewer.html?url=https://services9.arcgis.com/DnERH4rcjw7NU6lv/ArcGIS/rest/services/Vaccine_Distribution_Program/FeatureServer&source=sd,2178418,1491202,687216
Zimbabwe,2021-07-27,"Oxford/AstraZeneca, Sinopharm/Beijing, Sinovac, Sputnik V",https://www.arcgis.com/home/webmap/viewer.html?url=https://services9.arcgis.com/DnERH4rcjw7NU6lv/ArcGIS/rest/services/Vaccine_Distribution_Program/FeatureServer&source=sd,2275145,1561994,713151
Zimbabwe,2021-07-28,"Oxford/AstraZeneca, Sinopharm/Beijing, Sinovac, Sputnik V",https://www.arcgis.com/home/webmap/viewer.html?url=https://services9.arcgis.com/DnERH4rcjw7NU6lv/ArcGIS/rest/services/Vaccine_Distribution_Program/FeatureServer&source=sd,2323763,1593365,730398
Zimbabwe,2021-07-29,"Oxford/AstraZeneca, Sinopharm/Beijing, Sinovac, Sputnik V",https://www.arcgis.com/home/webmap/viewer.html?url=https://services9.arcgis.com/DnERH4rcjw7NU6lv/ArcGIS/rest/services/Vaccine_Distribution_Program/FeatureServer&source=sd,2375090,1623583,751507
Zimbabwe,2021-07-30,"Oxford/AstraZeneca, Sinopharm/Beijing, Sinovac, Sputnik V",https://www.arcgis.com/home/webmap/viewer.html?url=https://services9.arcgis.com/DnERH4rcjw7NU6lv/ArcGIS/rest/services/Vaccine_Distribution_Program/FeatureServer&source=sd,2413238,1645308,767930
Zimbabwe,2021-07-31,"Oxford/AstraZeneca, Sinopharm/Beijing, Sinovac, Sputnik V",https://www.arcgis.com/home/webmap/viewer.html?url=https://services9.arcgis.com/DnERH4rcjw7NU6lv/ArcGIS/rest/services/Vaccine_Distribution_Program/FeatureServer&source=sd,2433070,1653821,779249
Zimbabwe,2021-08-02,"Oxford/AstraZeneca, Sinopharm/Beijing, Sinovac, Sputnik V",https://www.arcgis.com/home/webmap/viewer.html?url=https://services9.arcgis.com/DnERH4rcjw7NU6lv/ArcGIS/rest/services/Vaccine_Distribution_Program/FeatureServer&source=sd,2473319,1674419,798900
Zimbabwe,2021-08-03,"Oxford/AstraZeneca, Sinopharm/Beijing, Sinovac, Sputnik V",https://www.arcgis.com/home/webmap/viewer.html?url=https://services9.arcgis.com/DnERH4rcjw7NU6lv/ArcGIS/rest/services/Vaccine_Distribution_Program/FeatureServer&source=sd,2603994,1740307,863687
Zimbabwe,2021-08-04,"Oxford/AstraZeneca, Sinopharm/Beijing, Sinovac, Sputnik V",https://www.arcgis.com/home/webmap/viewer.html?url=https://services9.arcgis.com/DnERH4rcjw7NU6lv/ArcGIS/rest/services/Vaccine_Distribution_Program/FeatureServer&source=sd,2603994,1740307,863687
Zimbabwe,2021-08-05,"Oxford/AstraZeneca, Sinopharm/Beijing, Sinovac, Sputnik V",https://www.arcgis.com/home/webmap/viewer.html?url=https://services9.arcgis.com/DnERH4rcjw7NU6lv/ArcGIS/rest/services/Vaccine_Distribution_Program/FeatureServer&source=sd,2783999,1817307,966692
Zimbabwe,2021-08-07,"Oxford/AstraZeneca, Sinopharm/Beijing, Sinovac, Sputnik V",https://www.arcgis.com/home/webmap/viewer.html?url=https://services9.arcgis.com/DnERH4rcjw7NU6lv/ArcGIS/rest/services/Vaccine_Distribution_Program/FeatureServer&source=sd,2853397,1851116,1002281
Zimbabwe,2021-08-08,"Oxford/AstraZeneca, Sinopharm/Beijing, Sinovac, Sputnik V",https://www.arcgis.com/home/webmap/viewer.html?url=https://services9.arcgis.com/DnERH4rcjw7NU6lv/ArcGIS/rest/services/Vaccine_Distribution_Program/FeatureServer&source=sd,2886551,1863913,1022638
Zimbabwe,2021-08-09,"Oxford/AstraZeneca, Sinopharm/Beijing, Sinovac, Sputnik V",https://www.arcgis.com/home/webmap/viewer.html?url=https://services9.arcgis.com/DnERH4rcjw7NU6lv/ArcGIS/rest/services/Vaccine_Distribution_Program/FeatureServer&source=sd,2941508,1897123,1044385
Zimbabwe,2021-08-10,"Oxford/AstraZeneca, Sinopharm/Beijing, Sinovac, Sputnik V",https://www.arcgis.com/home/webmap/viewer.html?url=https://services9.arcgis.com/DnERH4rcjw7NU6lv/ArcGIS/rest/services/Vaccine_Distribution_Program/FeatureServer&source=sd,2973559,1912301,1061258
Zimbabwe,2021-08-11,"Oxford/AstraZeneca, Sinopharm/Beijing, Sinovac, Sputnik V",https://www.arcgis.com/home/webmap/viewer.html?url=https://services9.arcgis.com/DnERH4rcjw7NU6lv/ArcGIS/rest/services/Vaccine_Distribution_Program/FeatureServer&source=sd,3017341,1932929,1084412
Zimbabwe,2021-08-12,"Oxford/AstraZeneca, Sinopharm/Beijing, Sinovac, Sputnik V",https://www.arcgis.com/home/webmap/viewer.html?url=https://services9.arcgis.com/DnERH4rcjw7NU6lv/ArcGIS/rest/services/Vaccine_Distribution_Program/FeatureServer&source=sd,3193256,2013049,1180207
Zimbabwe,2021-08-14,"Oxford/AstraZeneca, Sinopharm/Beijing, Sinovac, Sputnik V",https://www.arcgis.com/home/webmap/viewer.html?url=https://services9.arcgis.com/DnERH4rcjw7NU6lv/ArcGIS/rest/services/Vaccine_Distribution_Program/FeatureServer&source=sd,3234909,2036008,1198901
Zimbabwe,2021-08-15,"Oxford/AstraZeneca, Sinopharm/Beijing, Sinovac, Sputnik V",https://www.arcgis.com/home/webmap/viewer.html?url=https://services9.arcgis.com/DnERH4rcjw7NU6lv/ArcGIS/rest/services/Vaccine_Distribution_Program/FeatureServer&source=sd,3289258,2064023,1225235
Zimbabwe,2021-08-16,"Oxford/AstraZeneca, Sinopharm/Beijing, Sinovac, Sputnik V",https://www.arcgis.com/home/webmap/viewer.html?url=https://services9.arcgis.com/DnERH4rcjw7NU6lv/ArcGIS/rest/services/Vaccine_Distribution_Program/FeatureServer&source=sd,3345985,2091259,1254726
Zimbabwe,2021-08-17,"Oxford/AstraZeneca, Sinopharm/Beijing, Sinovac, Sputnik V",https://www.arcgis.com/home/webmap/viewer.html?url=https://services9.arcgis.com/DnERH4rcjw7NU6lv/ArcGIS/rest/services/Vaccine_Distribution_Program/FeatureServer&source=sd,3450959,2145237,1305722
Zimbabwe,2021-08-18,"Oxford/AstraZeneca, Sinopharm/Beijing, Sinovac, Sputnik V",https://www.arcgis.com/home/webmap/viewer.html?url=https://services9.arcgis.com/DnERH4rcjw7NU6lv/ArcGIS/rest/services/Vaccine_Distribution_Program/FeatureServer&source=sd,3542340,2193046,1349294
Zimbabwe,2021-08-19,"Oxford/AstraZeneca, Sinopharm/Beijing, Sinovac, Sputnik V",https://www.arcgis.com/home/webmap/viewer.html?url=https://services9.arcgis.com/DnERH4rcjw7NU6lv/ArcGIS/rest/services/Vaccine_Distribution_Program/FeatureServer&source=sd,3620937,2233265,1387672
Zimbabwe,2021-08-20,"Oxford/AstraZeneca, Sinopharm/Beijing, Sinovac, Sputnik V",https://www.arcgis.com/home/webmap/viewer.html?url=https://services9.arcgis.com/DnERH4rcjw7NU6lv/ArcGIS/rest/services/Vaccine_Distribution_Program/FeatureServer&source=sd,3699508,2271429,1428079
Zimbabwe,2021-08-21,"Oxford/AstraZeneca, Sinopharm/Beijing, Sinovac, Sputnik V",https://www.arcgis.com/home/webmap/viewer.html?url=https://services9.arcgis.com/DnERH4rcjw7NU6lv/ArcGIS/rest/services/Vaccine_Distribution_Program/FeatureServer&source=sd,3753242,2301341,1451901
Zimbabwe,2021-08-22,"Oxford/AstraZeneca, Sinopharm/Beijing, Sinovac, Sputnik V",https://www.arcgis.com/home/webmap/viewer.html?url=https://services9.arcgis.com/DnERH4rcjw7NU6lv/ArcGIS/rest/services/Vaccine_Distribution_Program/FeatureServer&source=sd,3773199,2312117,1461082
Zimbabwe,2021-08-23,"Oxford/AstraZeneca, Sinopharm/Beijing, Sinovac, Sputnik V",https://www.arcgis.com/home/webmap/viewer.html?url=https://services9.arcgis.com/DnERH4rcjw7NU6lv/ArcGIS/rest/services/Vaccine_Distribution_Program/FeatureServer&source=sd,3829011,2345043,1483968
Zimbabwe,2021-08-24,"Oxford/AstraZeneca, Sinopharm/Beijing, Sinovac, Sputnik V",https://www.arcgis.com/home/webmap/viewer.html?url=https://services9.arcgis.com/DnERH4rcjw7NU6lv/ArcGIS/rest/services/Vaccine_Distribution_Program/FeatureServer&source=sd,3889424,2382059,1507365
Zimbabwe,2021-08-25,"Oxford/AstraZeneca, Sinopharm/Beijing, Sinovac, Sputnik V",https://www.arcgis.com/home/webmap/viewer.html?url=https://services9.arcgis.com/DnERH4rcjw7NU6lv/ArcGIS/rest/services/Vaccine_Distribution_Program/FeatureServer&source=sd,4015517,2453229,1562288
Zimbabwe,2021-08-27,"Oxford/AstraZeneca, Sinopharm/Beijing, Sinovac, Sputnik V",https://www.arcgis.com/home/webmap/viewer.html?url=https://services9.arcgis.com/DnERH4rcjw7NU6lv/ArcGIS/rest/services/Vaccine_Distribution_Program/FeatureServer&source=sd,4075995,2491680,1584315
Zimbabwe,2021-08-28,"Oxford/AstraZeneca, Sinopharm/Beijing, Sinovac, Sputnik V",https://www.arcgis.com/home/webmap/viewer.html?url=https://services9.arcgis.com/DnERH4rcjw7NU6lv/ArcGIS/rest/services/Vaccine_Distribution_Program/FeatureServer&source=sd,4110354,2513053,1597301
Zimbabwe,2021-08-29,"Oxford/AstraZeneca, Sinopharm/Beijing, Sinovac, Sputnik V",https://www.arcgis.com/home/webmap/viewer.html?url=https://services9.arcgis.com/DnERH4rcjw7NU6lv/ArcGIS/rest/services/Vaccine_Distribution_Program/FeatureServer&source=sd,4137853,2530181,1607672
Zimbabwe,2021-08-30,"Oxford/AstraZeneca, Sinopharm/Beijing, Sinovac, Sputnik V",https://www.arcgis.com/home/webmap/viewer.html?url=https://services9.arcgis.com/DnERH4rcjw7NU6lv/ArcGIS/rest/services/Vaccine_Distribution_Program/FeatureServer&source=sd,4172657,2552273,1620384
Zimbabwe,2021-08-31,"Oxford/AstraZeneca, Sinopharm/Beijing, Sinovac, Sputnik V",https://www.arcgis.com/home/webmap/viewer.html?url=https://services9.arcgis.com/DnERH4rcjw7NU6lv/ArcGIS/rest/services/Vaccine_Distribution_Program/FeatureServer&source=sd,4219824,2582405,1637419
Zimbabwe,2021-09-01,"Oxford/AstraZeneca, Sinopharm/Beijing, Sinovac, Sputnik V",https://www.arcgis.com/home/webmap/viewer.html?url=https://services9.arcgis.com/DnERH4rcjw7NU6lv/ArcGIS/rest/services/Vaccine_Distribution_Program/FeatureServer&source=sd,4270430,2615233,1655197
Zimbabwe,2021-09-02,"Oxford/AstraZeneca, Sinopharm/Beijing, Sinovac, Sputnik V",https://www.arcgis.com/home/webmap/viewer.html?url=https://services9.arcgis.com/DnERH4rcjw7NU6lv/ArcGIS/rest/services/Vaccine_Distribution_Program/FeatureServer&source=sd,4323735,2649505,1674230
Zimbabwe,2021-09-03,"Oxford/AstraZeneca, Sinopharm/Beijing, Sinovac, Sputnik V",https://www.arcgis.com/home/webmap/viewer.html?url=https://services9.arcgis.com/DnERH4rcjw7NU6lv/ArcGIS/rest/services/Vaccine_Distribution_Program/FeatureServer&source=sd,4372216,2681657,1690559
Zimbabwe,2021-09-04,"Oxford/AstraZeneca, Sinopharm/Beijing, Sinovac, Sputnik V",https://www.arcgis.com/home/webmap/viewer.html?url=https://services9.arcgis.com/DnERH4rcjw7NU6lv/ArcGIS/rest/services/Vaccine_Distribution_Program/FeatureServer&source=sd,4400246,2698332,1701914
Zimbabwe,2021-09-05,"Oxford/AstraZeneca, Sinopharm/Beijing, Sinovac, Sputnik V",https://www.arcgis.com/home/webmap/viewer.html?url=https://services9.arcgis.com/DnERH4rcjw7NU6lv/ArcGIS/rest/services/Vaccine_Distribution_Program/FeatureServer&source=sd,4431599,2713248,1718351
Zimbabwe,2021-09-07,"Oxford/AstraZeneca, Sinopharm/Beijing, Sinovac, Sputnik V",https://www.arcgis.com/home/webmap/viewer.html?url=https://services9.arcgis.com/DnERH4rcjw7NU6lv/ArcGIS/rest/services/Vaccine_Distribution_Program/FeatureServer&source=sd,4493943,2750381,1743562
Zimbabwe,2021-09-08,"Oxford/AstraZeneca, Sinopharm/Beijing, Sinovac, Sputnik V",https://www.arcgis.com/home/webmap/viewer.html?url=https://services9.arcgis.com/DnERH4rcjw7NU6lv/ArcGIS/rest/services/Vaccine_Distribution_Program/FeatureServer&source=sd,4543503,2772230,1771273
Zimbabwe,2021-09-09,"Oxford/AstraZeneca, Sinopharm/Beijing, Sinovac, Sputnik V",https://www.arcgis.com/home/webmap/viewer.html?url=https://services9.arcgis.com/DnERH4rcjw7NU6lv/ArcGIS/rest/services/Vaccine_Distribution_Program/FeatureServer&source=sd,4592447,2795351,1797096
Zimbabwe,2021-09-10,"Oxford/AstraZeneca, Sinopharm/Beijing, Sinovac, Sputnik V",https://www.arcgis.com/home/webmap/viewer.html?url=https://services9.arcgis.com/DnERH4rcjw7NU6lv/ArcGIS/rest/services/Vaccine_Distribution_Program/FeatureServer&source=sd,4646875,2814723,1832152
Zimbabwe,2021-09-11,"Oxford/AstraZeneca, Sinopharm/Beijing, Sinovac, Sputnik V",https://www.arcgis.com/home/webmap/viewer.html?url=https://services9.arcgis.com/DnERH4rcjw7NU6lv/ArcGIS/rest/services/Vaccine_Distribution_Program/FeatureServer&source=sd,4699332,2835275,1864057
Zimbabwe,2021-09-13,"Oxford/AstraZeneca, Sinopharm/Beijing, Sinovac, Sputnik V",https://www.arcgis.com/home/webmap/viewer.html?url=https://services9.arcgis.com/DnERH4rcjw7NU6lv/ArcGIS/rest/services/Vaccine_Distribution_Program/FeatureServer&source=sd,4742783,2847082,1895701
Zimbabwe,2021-09-14,"Oxford/AstraZeneca, Sinopharm/Beijing, Sinovac, Sputnik V",https://www.arcgis.com/home/webmap/viewer.html?url=https://services9.arcgis.com/DnERH4rcjw7NU6lv/ArcGIS/rest/services/Vaccine_Distribution_Program/FeatureServer&source=sd,4791188,2864020,1927168
Zimbabwe,2021-09-15,"Oxford/AstraZeneca, Sinopharm/Beijing, Sinovac, Sputnik V",https://www.arcgis.com/home/webmap/viewer.html?url=https://services9.arcgis.com/DnERH4rcjw7NU6lv/ArcGIS/rest/services/Vaccine_Distribution_Program/FeatureServer&source=sd,4846243,2882264,1963979
Zimbabwe,2021-09-16,"Oxford/AstraZeneca, Sinopharm/Beijing, Sinovac, Sputnik V",https://www.arcgis.com/home/webmap/viewer.html?url=https://services9.arcgis.com/DnERH4rcjw7NU6lv/ArcGIS/rest/services/Vaccine_Distribution_Program/FeatureServer&source=sd,4954729,2920977,2033752
Zimbabwe,2021-09-18,"Oxford/AstraZeneca, Sinopharm/Beijing, Sinovac, Sputnik V",https://www.arcgis.com/home/webmap/viewer.html?url=https://services9.arcgis.com/DnERH4rcjw7NU6lv/ArcGIS/rest/services/Vaccine_Distribution_Program/FeatureServer&source=sd,4982928,2931177,2051751
Zimbabwe,2021-09-19,"Oxford/AstraZeneca, Sinopharm/Beijing, Sinovac, Sputnik V",https://www.arcgis.com/home/webmap/viewer.html?url=https://services9.arcgis.com/DnERH4rcjw7NU6lv/ArcGIS/rest/services/Vaccine_Distribution_Program/FeatureServer&source=sd,5005468,2939152,2066316
Zimbabwe,2021-09-20,"Oxford/AstraZeneca, Sinopharm/Beijing, Sinovac, Sputnik V",https://www.arcgis.com/home/webmap/viewer.html?url=https://services9.arcgis.com/DnERH4rcjw7NU6lv/ArcGIS/rest/services/Vaccine_Distribution_Program/FeatureServer&source=sd,5035236,2952272,2082964
Zimbabwe,2021-09-21,"Oxford/AstraZeneca, Sinopharm/Beijing, Sinovac, Sputnik V",https://www.arcgis.com/home/webmap/viewer.html?url=https://services9.arcgis.com/DnERH4rcjw7NU6lv/ArcGIS/rest/services/Vaccine_Distribution_Program/FeatureServer&source=sd,5074458,2966639,2107819
Zimbabwe,2021-09-22,"Oxford/AstraZeneca, Sinopharm/Beijing, Sinovac, Sputnik V",https://www.arcgis.com/home/webmap/viewer.html?url=https://services9.arcgis.com/DnERH4rcjw7NU6lv/ArcGIS/rest/services/Vaccine_Distribution_Program/FeatureServer&source=sd,5113949,2982475,2131474
Zimbabwe,2021-09-23,"Oxford/AstraZeneca, Sinopharm/Beijing, Sinovac, Sputnik V",https://www.arcgis.com/home/webmap/viewer.html?url=https://services9.arcgis.com/DnERH4rcjw7NU6lv/ArcGIS/rest/services/Vaccine_Distribution_Program/FeatureServer&source=sd,5156935,2998372,2158563
Zimbabwe,2021-09-24,"Oxford/AstraZeneca, Sinopharm/Beijing, Sinovac, Sputnik V",https://www.arcgis.com/home/webmap/viewer.html?url=https://services9.arcgis.com/DnERH4rcjw7NU6lv/ArcGIS/rest/services/Vaccine_Distribution_Program/FeatureServer&source=sd,5187790,3012020,2175770
Zimbabwe,2021-09-25,"Oxford/AstraZeneca, Sinopharm/Beijing, Sinovac, Sputnik V",https://www.arcgis.com/home/webmap/viewer.html?url=https://services9.arcgis.com/DnERH4rcjw7NU6lv/ArcGIS/rest/services/Vaccine_Distribution_Program/FeatureServer&source=sd,5209099,3020469,2188630
Zimbabwe,2021-09-26,"Oxford/AstraZeneca, Sinopharm/Beijing, Sinovac, Sputnik V",https://www.arcgis.com/home/webmap/viewer.html?url=https://services9.arcgis.com/DnERH4rcjw7NU6lv/ArcGIS/rest/services/Vaccine_Distribution_Program/FeatureServer&source=sd,5225302,3027050,2198252
Zimbabwe,2021-09-27,"Oxford/AstraZeneca, Sinopharm/Beijing, Sinovac, Sputnik V",https://www.arcgis.com/home/webmap/viewer.html?url=https://services9.arcgis.com/DnERH4rcjw7NU6lv/ArcGIS/rest/services/Vaccine_Distribution_Program/FeatureServer&source=sd,5253988,3041408,2212580
Zimbabwe,2021-09-28,"Oxford/AstraZeneca, Sinopharm/Beijing, Sinovac, Sputnik V",https://www.arcgis.com/home/webmap/viewer.html?url=https://services9.arcgis.com/DnERH4rcjw7NU6lv/ArcGIS/rest/services/Vaccine_Distribution_Program/FeatureServer&source=sd,5280523,3050513,2230010
Zimbabwe,2021-09-29,"Oxford/AstraZeneca, Sinopharm/Beijing, Sinovac, Sputnik V",https://www.arcgis.com/home/webmap/viewer.html?url=https://services9.arcgis.com/DnERH4rcjw7NU6lv/ArcGIS/rest/services/Vaccine_Distribution_Program/FeatureServer&source=sd,5310771,3062070,2248701
Zimbabwe,2021-09-30,"Oxford/AstraZeneca, Sinopharm/Beijing, Sinovac, Sputnik V",https://www.arcgis.com/home/webmap/viewer.html?url=https://services9.arcgis.com/DnERH4rcjw7NU6lv/ArcGIS/rest/services/Vaccine_Distribution_Program/FeatureServer&source=sd,5346026,3074191,2271835
Zimbabwe,2021-10-01,"Oxford/AstraZeneca, Sinopharm/Beijing, Sinovac, Sputnik V",https://www.arcgis.com/home/webmap/viewer.html?url=https://services9.arcgis.com/DnERH4rcjw7NU6lv/ArcGIS/rest/services/Vaccine_Distribution_Program/FeatureServer&source=sd,5375341,3087428,2287913
Zimbabwe,2021-10-02,"Oxford/AstraZeneca, Sinopharm/Beijing, Sinovac, Sputnik V",https://www.arcgis.com/home/webmap/viewer.html?url=https://services9.arcgis.com/DnERH4rcjw7NU6lv/ArcGIS/rest/services/Vaccine_Distribution_Program/FeatureServer&source=sd,5395206,3096139,2299067
Zimbabwe,2021-10-03,"Oxford/AstraZeneca, Sinopharm/Beijing, Sinovac, Sputnik V",https://www.arcgis.com/home/webmap/viewer.html?url=https://services9.arcgis.com/DnERH4rcjw7NU6lv/ArcGIS/rest/services/Vaccine_Distribution_Program/FeatureServer&source=sd,5410959,3101922,2309037
Zimbabwe,2021-10-04,"Oxford/AstraZeneca, Sinopharm/Beijing, Sinovac, Sputnik V",https://www.arcgis.com/home/webmap/viewer.html?url=https://services9.arcgis.com/DnERH4rcjw7NU6lv/ArcGIS/rest/services/Vaccine_Distribution_Program/FeatureServer&source=sd,5423585,3108023,2315562
Zimbabwe,2021-10-05,"Oxford/AstraZeneca, Sinopharm/Beijing, Sinovac, Sputnik V",https://www.arcgis.com/home/webmap/viewer.html?url=https://services9.arcgis.com/DnERH4rcjw7NU6lv/ArcGIS/rest/services/Vaccine_Distribution_Program/FeatureServer&source=sd,5459691,3124025,2335666
Zimbabwe,2021-10-06,"Oxford/AstraZeneca, Sinopharm/Beijing, Sinovac, Sputnik V",https://www.arcgis.com/home/webmap/viewer.html?url=https://services9.arcgis.com/DnERH4rcjw7NU6lv/ArcGIS/rest/services/Vaccine_Distribution_Program/FeatureServer&source=sd,5486736,3135813,2350923
Zimbabwe,2021-10-07,"Oxford/AstraZeneca, Sinopharm/Beijing, Sinovac, Sputnik V",https://www.arcgis.com/home/webmap/viewer.html?url=https://services9.arcgis.com/DnERH4rcjw7NU6lv/ArcGIS/rest/services/Vaccine_Distribution_Program/FeatureServer&source=sd,5514789,3148044,2366745
Zimbabwe,2021-10-08,"Oxford/AstraZeneca, Sinopharm/Beijing, Sinovac, Sputnik V",https://www.arcgis.com/home/webmap/viewer.html?url=https://services9.arcgis.com/DnERH4rcjw7NU6lv/ArcGIS/rest/services/Vaccine_Distribution_Program/FeatureServer&source=sd,5543712,3157236,2386476
Zimbabwe,2021-10-09,"Oxford/AstraZeneca, Sinopharm/Beijing, Sinovac, Sputnik V",https://www.arcgis.com/home/webmap/viewer.html?url=https://services9.arcgis.com/DnERH4rcjw7NU6lv/ArcGIS/rest/services/Vaccine_Distribution_Program/FeatureServer&source=sd,5559524,3163979,2395545
Zimbabwe,2021-10-10,"Oxford/AstraZeneca, Sinopharm/Beijing, Sinovac, Sputnik V",https://www.arcgis.com/home/webmap/viewer.html?url=https://services9.arcgis.com/DnERH4rcjw7NU6lv/ArcGIS/rest/services/Vaccine_Distribution_Program/FeatureServer&source=sd,5568730,3166826,2401904
Zimbabwe,2021-10-11,"Oxford/AstraZeneca, Sinopharm/Beijing, Sinovac, Sputnik V",https://www.arcgis.com/home/webmap/viewer.html?url=https://services9.arcgis.com/DnERH4rcjw7NU6lv/ArcGIS/rest/services/Vaccine_Distribution_Program/FeatureServer&source=sd,5582014,3171872,2410142
Zimbabwe,2021-10-12,"Oxford/AstraZeneca, Sinopharm/Beijing, Sinovac, Sputnik V",https://www.arcgis.com/home/webmap/viewer.html?url=https://services9.arcgis.com/DnERH4rcjw7NU6lv/ArcGIS/rest/services/Vaccine_Distribution_Program/FeatureServer&source=sd,5599682,3178442,2421240
Zimbabwe,2021-10-13,"Oxford/AstraZeneca, Sinopharm/Beijing, Sinovac, Sputnik V",https://www.arcgis.com/home/webmap/viewer.html?url=https://services9.arcgis.com/DnERH4rcjw7NU6lv/ArcGIS/rest/services/Vaccine_Distribution_Program/FeatureServer&source=sd,5615241,3181905,2433336
Zimbabwe,2021-10-14,"Oxford/AstraZeneca, Sinopharm/Beijing, Sinovac, Sputnik V",https://www.arcgis.com/home/webmap/viewer.html?url=https://services9.arcgis.com/DnERH4rcjw7NU6lv/ArcGIS/rest/services/Vaccine_Distribution_Program/FeatureServer&source=sd,5639871,3194947,2444924
Zimbabwe,2021-10-15,"Oxford/AstraZeneca, Sinopharm/Beijing, Sinovac, Sputnik V",https://www.arcgis.com/home/webmap/viewer.html?url=https://services9.arcgis.com/DnERH4rcjw7NU6lv/ArcGIS/rest/services/Vaccine_Distribution_Program/FeatureServer&source=sd,5656342,3199000,2457342
Zimbabwe,2021-10-16,"Oxford/AstraZeneca, Sinopharm/Beijing, Sinovac, Sputnik V",https://www.arcgis.com/home/webmap/viewer.html?url=https://services9.arcgis.com/DnERH4rcjw7NU6lv/ArcGIS/rest/services/Vaccine_Distribution_Program/FeatureServer&source=sd,5669562,3205003,2464559
Zimbabwe,2021-10-17,"Oxford/AstraZeneca, Sinopharm/Beijing, Sinovac, Sputnik V",https://www.arcgis.com/home/webmap/viewer.html?url=https://services9.arcgis.com/DnERH4rcjw7NU6lv/ArcGIS/rest/services/Vaccine_Distribution_Program/FeatureServer&source=sd,5683279,3212401,2470878
Zimbabwe,2021-10-18,"Oxford/AstraZeneca, Sinopharm/Beijing, Sinovac, Sputnik V",https://www.arcgis.com/home/webmap/viewer.html?url=https://services9.arcgis.com/DnERH4rcjw7NU6lv/ArcGIS/rest/services/Vaccine_Distribution_Program/FeatureServer&source=sd,5724592,3232294,2492298
Zimbabwe,2021-10-19,"Oxford/AstraZeneca, Sinopharm/Beijing, Sinovac, Sputnik V",https://www.arcgis.com/home/webmap/viewer.html?url=https://services9.arcgis.com/DnERH4rcjw7NU6lv/ArcGIS/rest/services/Vaccine_Distribution_Program/FeatureServer&source=sd,5738351,3238377,2499974
Zimbabwe,2021-10-20,"Oxford/AstraZeneca, Sinopharm/Beijing, Sinovac, Sputnik V",https://www.arcgis.com/home/webmap/viewer.html?url=https://services9.arcgis.com/DnERH4rcjw7NU6lv/ArcGIS/rest/services/Vaccine_Distribution_Program/FeatureServer&source=sd,5758371,3248185,2510186
Zimbabwe,2021-10-21,"Oxford/AstraZeneca, Sinopharm/Beijing, Sinovac, Sputnik V",https://www.arcgis.com/home/webmap/viewer.html?url=https://services9.arcgis.com/DnERH4rcjw7NU6lv/ArcGIS/rest/services/Vaccine_Distribution_Program/FeatureServer&source=sd,5774887,3255254,2519633
Zimbabwe,2021-10-22,"Oxford/AstraZeneca, Sinopharm/Beijing, Sinovac, Sputnik V",https://www.arcgis.com/home/webmap/viewer.html?url=https://services9.arcgis.com/DnERH4rcjw7NU6lv/ArcGIS/rest/services/Vaccine_Distribution_Program/FeatureServer&source=sd,5792394,3262463,2529931
Zimbabwe,2021-10-23,"Oxford/AstraZeneca, Sinopharm/Beijing, Sinovac, Sputnik V",https://www.arcgis.com/home/webmap/viewer.html?url=https://services9.arcgis.com/DnERH4rcjw7NU6lv/ArcGIS/rest/services/Vaccine_Distribution_Program/FeatureServer&source=sd,5804480,3267571,2536909
Zimbabwe,2021-10-24,"Oxford/AstraZeneca, Sinopharm/Beijing, Sinovac, Sputnik V",https://www.arcgis.com/home/webmap/viewer.html?url=https://services9.arcgis.com/DnERH4rcjw7NU6lv/ArcGIS/rest/services/Vaccine_Distribution_Program/FeatureServer&source=sd,5816033,3274509,2541524
Zimbabwe,2021-10-25,"Oxford/AstraZeneca, Sinopharm/Beijing, Sinovac, Sputnik V",https://www.arcgis.com/home/webmap/viewer.html?url=https://services9.arcgis.com/DnERH4rcjw7NU6lv/ArcGIS/rest/services/Vaccine_Distribution_Program/FeatureServer&source=sd,5828604,3280887,2547717
Zimbabwe,2021-10-26,"Oxford/AstraZeneca, Sinopharm/Beijing, Sinovac, Sputnik V",https://www.arcgis.com/home/webmap/viewer.html?url=https://services9.arcgis.com/DnERH4rcjw7NU6lv/ArcGIS/rest/services/Vaccine_Distribution_Program/FeatureServer&source=sd,5844299,3287578,2556721
Zimbabwe,2021-10-27,"Oxford/AstraZeneca, Sinopharm/Beijing, Sinovac, Sputnik V",https://www.arcgis.com/home/webmap/viewer.html?url=https://services9.arcgis.com/DnERH4rcjw7NU6lv/ArcGIS/rest/services/Vaccine_Distribution_Program/FeatureServer&source=sd,5860351,3293939,2566412
Zimbabwe,2021-10-28,"Oxford/AstraZeneca, Sinopharm/Beijing, Sinovac, Sputnik V",https://www.arcgis.com/home/webmap/viewer.html?url=https://services9.arcgis.com/DnERH4rcjw7NU6lv/ArcGIS/rest/services/Vaccine_Distribution_Program/FeatureServer&source=sd,5874572,3299736,2574836
Zimbabwe,2021-10-29,"Oxford/AstraZeneca, Sinopharm/Beijing, Sinovac, Sputnik V",https://www.arcgis.com/home/webmap/viewer.html?url=https://services9.arcgis.com/DnERH4rcjw7NU6lv/ArcGIS/rest/services/Vaccine_Distribution_Program/FeatureServer&source=sd,5891679,3307999,2583680
Zimbabwe,2021-10-30,"Oxford/AstraZeneca, Sinopharm/Beijing, Sinovac, Sputnik V",https://www.arcgis.com/home/webmap/viewer.html?url=https://services9.arcgis.com/DnERH4rcjw7NU6lv/ArcGIS/rest/services/Vaccine_Distribution_Program/FeatureServer&source=sd,5903388,3312646,2590742
Zimbabwe,2021-10-31,"Oxford/AstraZeneca, Sinopharm/Beijing, Sinovac, Sputnik V",https://www.arcgis.com/home/webmap/viewer.html?url=https://services9.arcgis.com/DnERH4rcjw7NU6lv/ArcGIS/rest/services/Vaccine_Distribution_Program/FeatureServer&source=sd,5911588,3316429,2595159
Zimbabwe,2021-11-01,"Oxford/AstraZeneca, Sinopharm/Beijing, Sinovac, Sputnik V",https://www.arcgis.com/home/webmap/viewer.html?url=https://services9.arcgis.com/DnERH4rcjw7NU6lv/ArcGIS/rest/services/Vaccine_Distribution_Program/FeatureServer&source=sd,5923317,3322864,2600453
Zimbabwe,2021-11-02,"Oxford/AstraZeneca, Sinopharm/Beijing, Sinovac, Sputnik V",https://www.arcgis.com/home/webmap/viewer.html?url=https://services9.arcgis.com/DnERH4rcjw7NU6lv/ArcGIS/rest/services/Vaccine_Distribution_Program/FeatureServer&source=sd,5942262,3331466,2610796
Zimbabwe,2021-11-03,"Oxford/AstraZeneca, Sinopharm/Beijing, Sinovac, Sputnik V",https://www.arcgis.com/home/webmap/viewer.html?url=https://services9.arcgis.com/DnERH4rcjw7NU6lv/ArcGIS/rest/services/Vaccine_Distribution_Program/FeatureServer&source=sd,5959034,3340933,2618101
Zimbabwe,2021-11-04,"Oxford/AstraZeneca, Sinopharm/Beijing, Sinovac, Sputnik V",https://www.arcgis.com/home/webmap/viewer.html?url=https://services9.arcgis.com/DnERH4rcjw7NU6lv/ArcGIS/rest/services/Vaccine_Distribution_Program/FeatureServer&source=sd,5975760,3350163,2625597
Zimbabwe,2021-11-05,"Oxford/AstraZeneca, Sinopharm/Beijing, Sinovac, Sputnik V",https://www.arcgis.com/home/webmap/viewer.html?url=https://services9.arcgis.com/DnERH4rcjw7NU6lv/ArcGIS/rest/services/Vaccine_Distribution_Program/FeatureServer&source=sd,5990358,3356421,2633937
Zimbabwe,2021-11-06,"Oxford/AstraZeneca, Sinopharm/Beijing, Sinovac, Sputnik V",https://www.arcgis.com/home/webmap/viewer.html?url=https://services9.arcgis.com/DnERH4rcjw7NU6lv/ArcGIS/rest/services/Vaccine_Distribution_Program/FeatureServer&source=sd,6007025,3364633,2642392
Zimbabwe,2021-11-07,"Oxford/AstraZeneca, Sinopharm/Beijing, Sinovac, Sputnik V",https://www.arcgis.com/home/webmap/viewer.html?url=https://services9.arcgis.com/DnERH4rcjw7NU6lv/ArcGIS/rest/services/Vaccine_Distribution_Program/FeatureServer&source=sd,6021461,3372721,2648740
Zimbabwe,2021-11-08,"Oxford/AstraZeneca, Sinopharm/Beijing, Sinovac, Sputnik V",https://www.arcgis.com/home/webmap/viewer.html?url=https://services9.arcgis.com/DnERH4rcjw7NU6lv/ArcGIS/rest/services/Vaccine_Distribution_Program/FeatureServer&source=sd,6034324,3380245,2654079
Zimbabwe,2021-11-09,"Oxford/AstraZeneca, Sinopharm/Beijing, Sinovac, Sputnik V",https://www.arcgis.com/home/webmap/viewer.html?url=https://services9.arcgis.com/DnERH4rcjw7NU6lv/ArcGIS/rest/services/Vaccine_Distribution_Program/FeatureServer&source=sd,6056713,3394826,2661887
Zimbabwe,2021-11-10,"Oxford/AstraZeneca, Sinopharm/Beijing, Sinovac, Sputnik V",https://www.arcgis.com/home/webmap/viewer.html?url=https://services9.arcgis.com/DnERH4rcjw7NU6lv/ArcGIS/rest/services/Vaccine_Distribution_Program/FeatureServer&source=sd,6079213,3409464,2669749
Zimbabwe,2021-11-11,"Oxford/AstraZeneca, Sinopharm/Beijing, Sinovac, Sputnik V",https://www.arcgis.com/home/webmap/viewer.html?url=https://services9.arcgis.com/DnERH4rcjw7NU6lv/ArcGIS/rest/services/Vaccine_Distribution_Program/FeatureServer&source=sd,6101678,3423588,2678090
Zimbabwe,2021-11-12,"Oxford/AstraZeneca, Sinopharm/Beijing, Sinovac, Sputnik V",https://www.arcgis.com/home/webmap/viewer.html?url=https://services9.arcgis.com/DnERH4rcjw7NU6lv/ArcGIS/rest/services/Vaccine_Distribution_Program/FeatureServer&source=sd,6130358,3443813,2686545
Zimbabwe,2021-11-13,"Oxford/AstraZeneca, Sinopharm/Beijing, Sinovac, Sputnik V",https://www.arcgis.com/home/webmap/viewer.html?url=https://services9.arcgis.com/DnERH4rcjw7NU6lv/ArcGIS/rest/services/Vaccine_Distribution_Program/FeatureServer&source=sd,6155370,3462939,2692431
Zimbabwe,2021-11-14,"Oxford/AstraZeneca, Sinopharm/Beijing, Sinovac, Sputnik V",https://www.arcgis.com/home/webmap/viewer.html?url=https://services9.arcgis.com/DnERH4rcjw7NU6lv/ArcGIS/rest/services/Vaccine_Distribution_Program/FeatureServer&source=sd,6165714,3469198,2696516
Zimbabwe,2021-11-15,"Oxford/AstraZeneca, Sinopharm/Beijing, Sinovac, Sputnik V",https://www.arcgis.com/home/webmap/viewer.html?url=https://services9.arcgis.com/DnERH4rcjw7NU6lv/ArcGIS/rest/services/Vaccine_Distribution_Program/FeatureServer&source=sd,6190303,3484207,2706096
Zimbabwe,2021-11-16,"Oxford/AstraZeneca, Sinopharm/Beijing, Sinovac, Sputnik V",https://www.arcgis.com/home/webmap/viewer.html?url=https://services9.arcgis.com/DnERH4rcjw7NU6lv/ArcGIS/rest/services/Vaccine_Distribution_Program/FeatureServer&source=sd,6228119,3515140,2712979
Zimbabwe,2021-11-18,"Oxford/AstraZeneca, Sinopharm/Beijing, Sinovac, Sputnik V",https://www.arcgis.com/home/webmap/viewer.html?url=https://services9.arcgis.com/DnERH4rcjw7NU6lv/ArcGIS/rest/services/Vaccine_Distribution_Program/FeatureServer&source=sd,6310431,3583256,2727175
Zimbabwe,2021-11-19,"Oxford/AstraZeneca, Sinopharm/Beijing, Sinovac, Sputnik V",https://www.arcgis.com/home/webmap/viewer.html?url=https://services9.arcgis.com/DnERH4rcjw7NU6lv/ArcGIS/rest/services/Vaccine_Distribution_Program/FeatureServer&source=sd,6362499,3625221,2737278
Zimbabwe,2021-11-20,"Oxford/AstraZeneca, Sinopharm/Beijing, Sinovac, Sputnik V",https://www.arcgis.com/home/webmap/viewer.html?url=https://services9.arcgis.com/DnERH4rcjw7NU6lv/ArcGIS/rest/services/Vaccine_Distribution_Program/FeatureServer&source=sd,6396012,3651820,2744192
Zimbabwe,2021-11-21,"Oxford/AstraZeneca, Sinopharm/Beijing, Sinovac, Sputnik V",https://www.arcgis.com/home/webmap/viewer.html?url=https://services9.arcgis.com/DnERH4rcjw7NU6lv/ArcGIS/rest/services/Vaccine_Distribution_Program/FeatureServer&source=sd,6419704,3672011,2747693
Zimbabwe,2021-11-22,"Oxford/AstraZeneca, Sinopharm/Beijing, Sinovac, Sputnik V",https://www.arcgis.com/home/webmap/viewer.html?url=https://services9.arcgis.com/DnERH4rcjw7NU6lv/ArcGIS/rest/services/Vaccine_Distribution_Program/FeatureServer&source=sd,6433842,3681490,2752352
Zimbabwe,2021-11-23,"Oxford/AstraZeneca, Sinopharm/Beijing, Sinovac, Sputnik V",https://www.arcgis.com/home/webmap/viewer.html?url=https://services9.arcgis.com/DnERH4rcjw7NU6lv/ArcGIS/rest/services/Vaccine_Distribution_Program/FeatureServer&source=sd,6454719,3697233,2757486
Zimbabwe,2021-11-24,"Oxford/AstraZeneca, Sinopharm/Beijing, Sinovac, Sputnik V",https://www.arcgis.com/home/webmap/viewer.html?url=https://services9.arcgis.com/DnERH4rcjw7NU6lv/ArcGIS/rest/services/Vaccine_Distribution_Program/FeatureServer&source=sd,6486873,3719630,2767243
Zimbabwe,2021-11-25,"Oxford/AstraZeneca, Sinopharm/Beijing, Sinovac, Sputnik V",https://www.arcgis.com/home/webmap/viewer.html?url=https://services9.arcgis.com/DnERH4rcjw7NU6lv/ArcGIS/rest/services/Vaccine_Distribution_Program/FeatureServer&source=sd,6513046,3738317,2774729
Zimbabwe,2021-11-26,"Oxford/AstraZeneca, Sinopharm/Beijing, Sinovac, Sputnik V",https://www.arcgis.com/home/webmap/viewer.html?url=https://services9.arcgis.com/DnERH4rcjw7NU6lv/ArcGIS/rest/services/Vaccine_Distribution_Program/FeatureServer&source=sd,6544331,3757352,2786979
Zimbabwe,2021-11-27,"Oxford/AstraZeneca, Sinopharm/Beijing, Sinovac, Sputnik V",https://www.arcgis.com/home/webmap/viewer.html?url=https://services9.arcgis.com/DnERH4rcjw7NU6lv/ArcGIS/rest/services/Vaccine_Distribution_Program/FeatureServer&source=sd,6560442,3765392,2795050
Zimbabwe,2021-11-28,"Oxford/AstraZeneca, Sinopharm/Beijing, Sinovac, Sputnik V",https://www.arcgis.com/home/webmap/viewer.html?url=https://services9.arcgis.com/DnERH4rcjw7NU6lv/ArcGIS/rest/services/Vaccine_Distribution_Program/FeatureServer&source=sd,6568694,3770886,2797808
Zimbabwe,2021-11-29,"Oxford/AstraZeneca, Sinopharm/Beijing, Sinovac, Sputnik V",https://www.arcgis.com/home/webmap/viewer.html?url=https://services9.arcgis.com/DnERH4rcjw7NU6lv/ArcGIS/rest/services/Vaccine_Distribution_Program/FeatureServer&source=sd,6586503,3782038,2804465
Zimbabwe,2021-11-30,"Oxford/AstraZeneca, Sinopharm/Beijing, Sinovac, Sputnik V",https://www.arcgis.com/home/webmap/viewer.html?url=https://services9.arcgis.com/DnERH4rcjw7NU6lv/ArcGIS/rest/services/Vaccine_Distribution_Program/FeatureServer&source=sd,6611942,3795401,2816541
Zimbabwe,2021-12-01,"Oxford/AstraZeneca, Sinopharm/Beijing, Sinovac, Sputnik V",https://www.arcgis.com/home/webmap/viewer.html?url=https://services9.arcgis.com/DnERH4rcjw7NU6lv/ArcGIS/rest/services/Vaccine_Distribution_Program/FeatureServer&source=sd,6640440,3809900,2830540
Zimbabwe,2021-12-02,"Oxford/AstraZeneca, Sinopharm/Beijing, Sinovac, Sputnik V",https://www.arcgis.com/home/webmap/viewer.html?url=https://services9.arcgis.com/DnERH4rcjw7NU6lv/ArcGIS/rest/services/Vaccine_Distribution_Program/FeatureServer&source=sd,6682111,3830488,2851623
Zimbabwe,2021-12-03,"Oxford/AstraZeneca, Sinopharm/Beijing, Sinovac, Sputnik V",https://www.arcgis.com/home/webmap/viewer.html?url=https://services9.arcgis.com/DnERH4rcjw7NU6lv/ArcGIS/rest/services/Vaccine_Distribution_Program/FeatureServer&source=sd,6710095,3845246,2864849
Zimbabwe,2021-12-04,"Oxford/AstraZeneca, Sinopharm/Beijing, Sinovac, Sputnik V",https://www.arcgis.com/home/webmap/viewer.html?url=https://services9.arcgis.com/DnERH4rcjw7NU6lv/ArcGIS/rest/services/Vaccine_Distribution_Program/FeatureServer&source=sd,6742193,3866139,2876054
Zimbabwe,2021-12-05,"Oxford/AstraZeneca, Sinopharm/Beijing, Sinovac, Sputnik V",https://www.arcgis.com/home/webmap/viewer.html?url=https://services9.arcgis.com/DnERH4rcjw7NU6lv/ArcGIS/rest/services/Vaccine_Distribution_Program/FeatureServer&source=sd,6759589,3875546,2884043
Zimbabwe,2021-12-06,"Oxford/AstraZeneca, Sinopharm/Beijing, Sinovac, Sputnik V",https://www.arcgis.com/home/webmap/viewer.html?url=https://services9.arcgis.com/DnERH4rcjw7NU6lv/ArcGIS/rest/services/Vaccine_Distribution_Program/FeatureServer&source=sd,6775471,3883107,2892364
Zimbabwe,2021-12-07,"Oxford/AstraZeneca, Sinopharm/Beijing, Sinovac, Sputnik V",https://www.arcgis.com/home/webmap/viewer.html?url=https://services9.arcgis.com/DnERH4rcjw7NU6lv/ArcGIS/rest/services/Vaccine_Distribution_Program/FeatureServer&source=sd,6808392,3897441,2910951
Zimbabwe,2021-12-08,"Oxford/AstraZeneca, Sinopharm/Beijing, Sinovac, Sputnik V",https://www.arcgis.com/home/webmap/viewer.html?url=https://services9.arcgis.com/DnERH4rcjw7NU6lv/ArcGIS/rest/services/Vaccine_Distribution_Program/FeatureServer&source=sd,6834846,3908712,2926134
Zimbabwe,2021-12-09,"Oxford/AstraZeneca, Sinopharm/Beijing, Sinovac, Sputnik V",https://www.arcgis.com/home/webmap/viewer.html?url=https://services9.arcgis.com/DnERH4rcjw7NU6lv/ArcGIS/rest/services/Vaccine_Distribution_Program/FeatureServer&source=sd,6871310,3924960,2946350
Zimbabwe,2021-12-10,"Oxford/AstraZeneca, Sinopharm/Beijing, Sinovac, Sputnik V",https://www.arcgis.com/home/webmap/viewer.html?url=https://services9.arcgis.com/DnERH4rcjw7NU6lv/ArcGIS/rest/services/Vaccine_Distribution_Program/FeatureServer&source=sd,6899067,3938056,2961011
Zimbabwe,2021-12-11,"Oxford/AstraZeneca, Sinopharm/Beijing, Sinovac, Sputnik V",https://www.arcgis.com/home/webmap/viewer.html?url=https://services9.arcgis.com/DnERH4rcjw7NU6lv/ArcGIS/rest/services/Vaccine_Distribution_Program/FeatureServer&source=sd,6911698,3944813,2966885
Zimbabwe,2021-12-12,"Oxford/AstraZeneca, Sinopharm/Beijing, Sinovac, Sputnik V",https://www.arcgis.com/home/webmap/viewer.html?url=https://services9.arcgis.com/DnERH4rcjw7NU6lv/ArcGIS/rest/services/Vaccine_Distribution_Program/FeatureServer&source=sd,6933837,3956872,2976965
Zimbabwe,2021-12-13,"Oxford/AstraZeneca, Sinopharm/Beijing, Sinovac, Sputnik V",https://www.arcgis.com/home/webmap/viewer.html?url=https://services9.arcgis.com/DnERH4rcjw7NU6lv/ArcGIS/rest/services/Vaccine_Distribution_Program/FeatureServer&source=sd,6956144,3967781,2988363
Zimbabwe,2021-12-14,"Oxford/AstraZeneca, Sinopharm/Beijing, Sinovac, Sputnik V",https://www.arcgis.com/home/webmap/viewer.html?url=https://services9.arcgis.com/DnERH4rcjw7NU6lv/ArcGIS/rest/services/Vaccine_Distribution_Program/FeatureServer&source=sd,6980400,3981769,2998631
Zimbabwe,2021-12-15,"Oxford/AstraZeneca, Sinopharm/Beijing, Sinovac, Sputnik V",https://www.arcgis.com/home/webmap/viewer.html?url=https://services9.arcgis.com/DnERH4rcjw7NU6lv/ArcGIS/rest/services/Vaccine_Distribution_Program/FeatureServer&source=sd,7013400,4000022,3013378
Zimbabwe,2021-12-16,"Oxford/AstraZeneca, Sinopharm/Beijing, Sinovac, Sputnik V",https://www.arcgis.com/home/webmap/viewer.html?url=https://services9.arcgis.com/DnERH4rcjw7NU6lv/ArcGIS/rest/services/Vaccine_Distribution_Program/FeatureServer&source=sd,7058474,4023289,3035185
Zimbabwe,2021-12-17,"Oxford/AstraZeneca, Sinopharm/Beijing, Sinovac, Sputnik V",https://www.arcgis.com/home/webmap/viewer.html?url=https://services9.arcgis.com/DnERH4rcjw7NU6lv/ArcGIS/rest/services/Vaccine_Distribution_Program/FeatureServer&source=sd,7092391,4038743,3053648
Zimbabwe,2021-12-18,"Oxford/AstraZeneca, Sinopharm/Beijing, Sinovac, Sputnik V",https://www.arcgis.com/home/webmap/viewer.html?url=https://services9.arcgis.com/DnERH4rcjw7NU6lv/ArcGIS/rest/services/Vaccine_Distribution_Program/FeatureServer&source=sd,7111946,4048019,3063927
Zimbabwe,2021-12-19,"Oxford/AstraZeneca, Sinopharm/Beijing, Sinovac, Sputnik V",https://www.arcgis.com/home/webmap/viewer.html?url=https://services9.arcgis.com/DnERH4rcjw7NU6lv/ArcGIS/rest/services/Vaccine_Distribution_Program/FeatureServer&source=sd,7123684,4054165,3069519
Zimbabwe,2021-12-20,"Oxford/AstraZeneca, Sinopharm/Beijing, Sinovac, Sputnik V",https://www.arcgis.com/home/webmap/viewer.html?url=https://services9.arcgis.com/DnERH4rcjw7NU6lv/ArcGIS/rest/services/Vaccine_Distribution_Program/FeatureServer&source=sd,7135013,4060322,3074691
Zimbabwe,2021-12-21,"Oxford/AstraZeneca, Sinopharm/Beijing, Sinovac, Sputnik V",https://www.arcgis.com/home/webmap/viewer.html?url=https://services9.arcgis.com/DnERH4rcjw7NU6lv/ArcGIS/rest/services/Vaccine_Distribution_Program/FeatureServer&source=sd,7151946,4069302,3082644
Zimbabwe,2021-12-22,"Oxford/AstraZeneca, Sinopharm/Beijing, Sinovac, Sputnik V",https://www.arcgis.com/home/webmap/viewer.html?url=https://services9.arcgis.com/DnERH4rcjw7NU6lv/ArcGIS/rest/services/Vaccine_Distribution_Program/FeatureServer&source=sd,7167610,4078945,3088665
Zimbabwe,2021-12-23,"Oxford/AstraZeneca, Sinopharm/Beijing, Sinovac, Sputnik V",https://www.arcgis.com/home/webmap/viewer.html?url=https://services9.arcgis.com/DnERH4rcjw7NU6lv/ArcGIS/rest/services/Vaccine_Distribution_Program/FeatureServer&source=sd,7188128,4089315,3098813
Zimbabwe,2021-12-24,"Oxford/AstraZeneca, Sinopharm/Beijing, Sinovac, Sputnik V",https://www.arcgis.com/home/webmap/viewer.html?url=https://services9.arcgis.com/DnERH4rcjw7NU6lv/ArcGIS/rest/services/Vaccine_Distribution_Program/FeatureServer&source=sd,7200776,4095685,3105091
Zimbabwe,2021-12-25,"Oxford/AstraZeneca, Sinopharm/Beijing, Sinovac, Sputnik V",https://www.arcgis.com/home/webmap/viewer.html?url=https://services9.arcgis.com/DnERH4rcjw7NU6lv/ArcGIS/rest/services/Vaccine_Distribution_Program/FeatureServer&source=sd,7209049,4100069,3108980
Zimbabwe,2021-12-26,"Oxford/AstraZeneca, Sinopharm/Beijing, Sinovac, Sputnik V",https://www.arcgis.com/home/webmap/viewer.html?url=https://services9.arcgis.com/DnERH4rcjw7NU6lv/ArcGIS/rest/services/Vaccine_Distribution_Program/FeatureServer&source=sd,7214640,4103288,3111352
Zimbabwe,2021-12-27,"Oxford/AstraZeneca, Sinopharm/Beijing, Sinovac, Sputnik V",https://www.arcgis.com/home/webmap/viewer.html?url=https://services9.arcgis.com/DnERH4rcjw7NU6lv/ArcGIS/rest/services/Vaccine_Distribution_Program/FeatureServer&source=sd,7218438,4105296,3113142
Zimbabwe,2021-12-28,"Oxford/AstraZeneca, Sinopharm/Beijing, Sinovac, Sputnik V",https://www.arcgis.com/home/webmap/viewer.html?url=https://services9.arcgis.com/DnERH4rcjw7NU6lv/ArcGIS/rest/services/Vaccine_Distribution_Program/FeatureServer&source=sd,7222341,4107151,3115190
Zimbabwe,2021-12-29,"Oxford/AstraZeneca, Sinopharm/Beijing, Sinovac, Sputnik V",https://www.arcgis.com/home/webmap/viewer.html?url=https://services9.arcgis.com/DnERH4rcjw7NU6lv/ArcGIS/rest/services/Vaccine_Distribution_Program/FeatureServer&source=sd,7234293,4112517,3121776
Zimbabwe,2021-12-31,"Oxford/AstraZeneca, Sinopharm/Beijing, Sinovac, Sputnik V",https://www.arcgis.com/home/webmap/viewer.html?url=https://services9.arcgis.com/DnERH4rcjw7NU6lv/ArcGIS/rest/services/Vaccine_Distribution_Program/FeatureServer&source=sd,7259546,4124378,3135168
Zimbabwe,2022-01-01,"Oxford/AstraZeneca, Sinopharm/Beijing, Sinovac, Sputnik V",https://www.arcgis.com/home/webmap/viewer.html?url=https://services9.arcgis.com/DnERH4rcjw7NU6lv/ArcGIS/rest/services/Vaccine_Distribution_Program/FeatureServer&source=sd,7270566,4130228,3140338
Zimbabwe,2022-01-02,"Oxford/AstraZeneca, Sinopharm/Beijing, Sinovac, Sputnik V",https://www.arcgis.com/home/webmap/viewer.html?url=https://services9.arcgis.com/DnERH4rcjw7NU6lv/ArcGIS/rest/services/Vaccine_Distribution_Program/FeatureServer&source=sd,7277161,4133140,3144021
Zimbabwe,2022-01-03,"Oxford/AstraZeneca, Sinopharm/Beijing, Sinovac, Sputnik V",https://www.arcgis.com/home/webmap/viewer.html?url=https://services9.arcgis.com/DnERH4rcjw7NU6lv/ArcGIS/rest/services/Vaccine_Distribution_Program/FeatureServer&source=sd,7284223,4136571,3147652
Zimbabwe,2022-01-04,"Oxford/AstraZeneca, Sinopharm/Beijing, Sinovac, Sputnik V",https://www.arcgis.com/home/webmap/viewer.html?url=https://services9.arcgis.com/DnERH4rcjw7NU6lv/ArcGIS/rest/services/Vaccine_Distribution_Program/FeatureServer&source=sd,7294485,4141434,3153051
Zimbabwe,2022-01-05,"Oxford/AstraZeneca, Sinopharm/Beijing, Sinovac, Sputnik V",https://www.arcgis.com/home/webmap/viewer.html?url=https://services9.arcgis.com/DnERH4rcjw7NU6lv/ArcGIS/rest/services/Vaccine_Distribution_Program/FeatureServer&source=sd,7310056,4148268,3161788
Zimbabwe,2022-01-06,"Oxford/AstraZeneca, Sinopharm/Beijing, Sinovac, Sputnik V",https://www.arcgis.com/home/webmap/viewer.html?url=https://services9.arcgis.com/DnERH4rcjw7NU6lv/ArcGIS/rest/services/Vaccine_Distribution_Program/FeatureServer&source=sd,7323933,4154155,3169778
Zimbabwe,2022-01-07,"Oxford/AstraZeneca, Sinopharm/Beijing, Sinovac, Sputnik V",https://www.arcgis.com/home/webmap/viewer.html?url=https://services9.arcgis.com/DnERH4rcjw7NU6lv/ArcGIS/rest/services/Vaccine_Distribution_Program/FeatureServer&source=sd,7338669,4160978,3177691
Zimbabwe,2022-01-08,"Oxford/AstraZeneca, Sinopharm/Beijing, Sinovac, Sputnik V",https://www.arcgis.com/home/webmap/viewer.html?url=https://services9.arcgis.com/DnERH4rcjw7NU6lv/ArcGIS/rest/services/Vaccine_Distribution_Program/FeatureServer&source=sd,7346907,4165098,3181809
Zimbabwe,2022-01-09,"Oxford/AstraZeneca, Sinopharm/Beijing, Sinovac, Sputnik V",https://www.arcgis.com/home/webmap/viewer.html?url=https://services9.arcgis.com/DnERH4rcjw7NU6lv/ArcGIS/rest/services/Vaccine_Distribution_Program/FeatureServer&source=sd,7354591,4168084,3186507
Zimbabwe,2022-01-10,"Oxford/AstraZeneca, Sinopharm/Beijing, Sinovac, Sputnik V",https://www.arcgis.com/home/webmap/viewer.html?url=https://services9.arcgis.com/DnERH4rcjw7NU6lv/ArcGIS/rest/services/Vaccine_Distribution_Program/FeatureServer&source=sd,7364647,4172365,3192282
Zimbabwe,2022-01-11,"Oxford/AstraZeneca, Sinopharm/Beijing, Sinovac, Sputnik V",https://www.arcgis.com/home/webmap/viewer.html?url=https://services9.arcgis.com/DnERH4rcjw7NU6lv/ArcGIS/rest/services/Vaccine_Distribution_Program/FeatureServer&source=sd,7373738,4176673,3197065
Zimbabwe,2022-01-12,"Oxford/AstraZeneca, Sinopharm/Beijing, Sinovac, Sputnik V",https://www.arcgis.com/home/webmap/viewer.html?url=https://services9.arcgis.com/DnERH4rcjw7NU6lv/ArcGIS/rest/services/Vaccine_Distribution_Program/FeatureServer&source=sd,7390973,4183671,3207302
Zimbabwe,2022-01-13,"Oxford/AstraZeneca, Sinopharm/Beijing, Sinovac, Sputnik V",https://www.arcgis.com/home/webmap/viewer.html?url=https://services9.arcgis.com/DnERH4rcjw7NU6lv/ArcGIS/rest/services/Vaccine_Distribution_Program/FeatureServer&source=sd,7409295,4193044,3216251
Zimbabwe,2022-01-14,"Oxford/AstraZeneca, Sinopharm/Beijing, Sinovac, Sputnik V",https://www.arcgis.com/home/webmap/viewer.html?url=https://services9.arcgis.com/DnERH4rcjw7NU6lv/ArcGIS/rest/services/Vaccine_Distribution_Program/FeatureServer&source=sd,7424048,4199491,3224557
Zimbabwe,2022-01-15,"Oxford/AstraZeneca, Sinopharm/Beijing, Sinovac, Sputnik V",https://www.arcgis.com/home/webmap/viewer.html?url=https://services9.arcgis.com/DnERH4rcjw7NU6lv/ArcGIS/rest/services/Vaccine_Distribution_Program/FeatureServer&source=sd,7432819,4204134,3228685
Zimbabwe,2022-01-16,"Oxford/AstraZeneca, Sinopharm/Beijing, Sinovac, Sputnik V",https://www.arcgis.com/home/webmap/viewer.html?url=https://services9.arcgis.com/DnERH4rcjw7NU6lv/ArcGIS/rest/services/Vaccine_Distribution_Program/FeatureServer&source=sd,7438485,4206370,3232115
Zimbabwe,2022-01-17,"Oxford/AstraZeneca, Sinopharm/Beijing, Sinovac, Sputnik V",https://www.arcgis.com/home/webmap/viewer.html?url=https://services9.arcgis.com/DnERH4rcjw7NU6lv/ArcGIS/rest/services/Vaccine_Distribution_Program/FeatureServer&source=sd,7446076,4210000,3236076
Zimbabwe,2022-01-18,"Oxford/AstraZeneca, Sinopharm/Beijing, Sinovac, Sputnik V",https://www.arcgis.com/home/webmap/viewer.html?url=https://services9.arcgis.com/DnERH4rcjw7NU6lv/ArcGIS/rest/services/Vaccine_Distribution_Program/FeatureServer&source=sd,7458519,4216112,3242407
Zimbabwe,2022-01-19,"Oxford/AstraZeneca, Sinopharm/Beijing, Sinovac, Sputnik V",https://www.arcgis.com/home/webmap/viewer.html?url=https://services9.arcgis.com/DnERH4rcjw7NU6lv/ArcGIS/rest/services/Vaccine_Distribution_Program/FeatureServer&source=sd,7472553,4223110,3249443
Zimbabwe,2022-01-20,"Oxford/AstraZeneca, Sinopharm/Beijing, Sinovac, Sputnik V",https://www.arcgis.com/home/webmap/viewer.html?url=https://services9.arcgis.com/DnERH4rcjw7NU6lv/ArcGIS/rest/services/Vaccine_Distribution_Program/FeatureServer&source=sd,7483232,4228652,3254580
Zimbabwe,2022-01-21,"Oxford/AstraZeneca, Sinopharm/Beijing, Sinovac, Sputnik V",https://www.arcgis.com/home/webmap/viewer.html?url=https://services9.arcgis.com/DnERH4rcjw7NU6lv/ArcGIS/rest/services/Vaccine_Distribution_Program/FeatureServer&source=sd,7496882,4234640,3262242
Zimbabwe,2022-01-22,"Oxford/AstraZeneca, Sinopharm/Beijing, Sinovac, Sputnik V",https://www.arcgis.com/home/webmap/viewer.html?url=https://services9.arcgis.com/DnERH4rcjw7NU6lv/ArcGIS/rest/services/Vaccine_Distribution_Program/FeatureServer&source=sd,7506786,4239537,3267249
Zimbabwe,2022-01-23,"Oxford/AstraZeneca, Sinopharm/Beijing, Sinovac, Sputnik V",https://www.arcgis.com/home/webmap/viewer.html?url=https://services9.arcgis.com/DnERH4rcjw7NU6lv/ArcGIS/rest/services/Vaccine_Distribution_Program/FeatureServer&source=sd,7512903,4242647,3270256
Zimbabwe,2022-01-24,"Oxford/AstraZeneca, Sinopharm/Beijing, Sinovac, Sputnik V",https://www.arcgis.com/home/webmap/viewer.html?url=https://services9.arcgis.com/DnERH4rcjw7NU6lv/ArcGIS/rest/services/Vaccine_Distribution_Program/FeatureServer&source=sd,7517985,4245063,3272922
Zimbabwe,2022-01-25,"Oxford/AstraZeneca, Sinopharm/Beijing, Sinovac, Sputnik V",https://www.arcgis.com/home/webmap/viewer.html?url=https://services9.arcgis.com/DnERH4rcjw7NU6lv/ArcGIS/rest/services/Vaccine_Distribution_Program/FeatureServer&source=sd,7525574,4248576,3276998
Zimbabwe,2022-01-26,"Oxford/AstraZeneca, Sinopharm/Beijing, Sinovac, Sputnik V",https://www.arcgis.com/home/webmap/viewer.html?url=https://services9.arcgis.com/DnERH4rcjw7NU6lv/ArcGIS/rest/services/Vaccine_Distribution_Program/FeatureServer&source=sd,7533670,4252654,3281016
Zimbabwe,2022-01-27,"Oxford/AstraZeneca, Sinopharm/Beijing, Sinovac, Sputnik V",https://www.arcgis.com/home/webmap/viewer.html?url=https://services9.arcgis.com/DnERH4rcjw7NU6lv/ArcGIS/rest/services/Vaccine_Distribution_Program/FeatureServer&source=sd,7542874,4257075,3285799
Zimbabwe,2022-01-28,"Oxford/AstraZeneca, Sinopharm/Beijing, Sinovac, Sputnik V",https://www.arcgis.com/home/webmap/viewer.html?url=https://services9.arcgis.com/DnERH4rcjw7NU6lv/ArcGIS/rest/services/Vaccine_Distribution_Program/FeatureServer&source=sd,7554613,4263356,3291257
Zimbabwe,2022-01-29,"Oxford/AstraZeneca, Sinopharm/Beijing, Sinovac, Sputnik V",https://www.arcgis.com/home/webmap/viewer.html?url=https://services9.arcgis.com/DnERH4rcjw7NU6lv/ArcGIS/rest/services/Vaccine_Distribution_Program/FeatureServer&source=sd,7560787,4266023,3294764
Zimbabwe,2022-01-30,"Oxford/AstraZeneca, Sinopharm/Beijing, Sinovac, Sputnik V",https://www.arcgis.com/home/webmap/viewer.html?url=https://services9.arcgis.com/DnERH4rcjw7NU6lv/ArcGIS/rest/services/Vaccine_Distribution_Program/FeatureServer&source=sd,7564190,4267826,3296364
Zimbabwe,2022-01-31,"Oxford/AstraZeneca, Sinopharm/Beijing, Sinovac, Sputnik V",https://www.arcgis.com/home/webmap/viewer.html?url=https://services9.arcgis.com/DnERH4rcjw7NU6lv/ArcGIS/rest/services/Vaccine_Distribution_Program/FeatureServer&source=sd,7570383,4270759,3299624
Zimbabwe,2022-02-01,"Oxford/AstraZeneca, Sinopharm/Beijing, Sinovac, Sputnik V",https://www.arcgis.com/home/webmap/viewer.html?url=https://services9.arcgis.com/DnERH4rcjw7NU6lv/ArcGIS/rest/services/Vaccine_Distribution_Program/FeatureServer&source=sd,7578422,4274653,3303769
Zimbabwe,2022-02-02,"Oxford/AstraZeneca, Sinopharm/Beijing, Sinovac, Sputnik V",https://www.arcgis.com/home/webmap/viewer.html?url=https://services9.arcgis.com/DnERH4rcjw7NU6lv/ArcGIS/rest/services/Vaccine_Distribution_Program/FeatureServer&source=sd,7593924,4282687,3311237
Zimbabwe,2022-02-03,"Oxford/AstraZeneca, Sinopharm/Beijing, Sinovac, Sputnik V",https://www.arcgis.com/home/webmap/viewer.html?url=https://services9.arcgis.com/DnERH4rcjw7NU6lv/ArcGIS/rest/services/Vaccine_Distribution_Program/FeatureServer&source=sd,7600946,4286198,3314748
Zimbabwe,2022-02-04,"Oxford/AstraZeneca, Sinopharm/Beijing, Sinovac, Sputnik V",https://www.arcgis.com/home/webmap/viewer.html?url=https://services9.arcgis.com/DnERH4rcjw7NU6lv/ArcGIS/rest/services/Vaccine_Distribution_Program/FeatureServer&source=sd,7611929,4292012,3319917
Zimbabwe,2022-02-05,"Oxford/AstraZeneca, Sinopharm/Beijing, Sinovac, Sputnik V",https://www.arcgis.com/home/webmap/viewer.html?url=https://services9.arcgis.com/DnERH4rcjw7NU6lv/ArcGIS/rest/services/Vaccine_Distribution_Program/FeatureServer&source=sd,7617184,4294561,3322623
Zimbabwe,2022-02-06,"Oxford/AstraZeneca, Sinopharm/Beijing, Sinovac, Sputnik V",https://www.arcgis.com/home/webmap/viewer.html?url=https://services9.arcgis.com/DnERH4rcjw7NU6lv/ArcGIS/rest/services/Vaccine_Distribution_Program/FeatureServer&source=sd,7620153,4295947,3324206
Zimbabwe,2022-02-07,"Oxford/AstraZeneca, Sinopharm/Beijing, Sinovac, Sputnik V",https://www.arcgis.com/home/webmap/viewer.html?url=https://services9.arcgis.com/DnERH4rcjw7NU6lv/ArcGIS/rest/services/Vaccine_Distribution_Program/FeatureServer&source=sd,7625575,4298467,3327108
Zimbabwe,2022-02-08,"Oxford/AstraZeneca, Sinopharm/Beijing, Sinovac, Sputnik V",https://www.arcgis.com/home/webmap/viewer.html?url=https://services9.arcgis.com/DnERH4rcjw7NU6lv/ArcGIS/rest/services/Vaccine_Distribution_Program/FeatureServer&source=sd,7631170,4300807,3330363
Zimbabwe,2022-02-09,"Oxford/AstraZeneca, Sinopharm/Beijing, Sinovac, Sputnik V",https://www.arcgis.com/home/webmap/viewer.html?url=https://services9.arcgis.com/DnERH4rcjw7NU6lv/ArcGIS/rest/services/Vaccine_Distribution_Program/FeatureServer&source=sd,7641449,4306356,3335093
Zimbabwe,2022-02-10,"Oxford/AstraZeneca, Sinopharm/Beijing, Sinovac, Sputnik V",https://www.arcgis.com/home/webmap/viewer.html?url=https://services9.arcgis.com/DnERH4rcjw7NU6lv/ArcGIS/rest/services/Vaccine_Distribution_Program/FeatureServer&source=sd,7649832,4310234,3339598
Zimbabwe,2022-02-11,"Oxford/AstraZeneca, Sinopharm/Beijing, Sinovac, Sputnik V",https://www.arcgis.com/home/webmap/viewer.html?url=https://services9.arcgis.com/DnERH4rcjw7NU6lv/ArcGIS/rest/services/Vaccine_Distribution_Program/FeatureServer&source=sd,7656651,4313650,3343001
Zimbabwe,2022-02-12,"Oxford/AstraZeneca, Sinopharm/Beijing, Sinovac, Sputnik V",https://www.arcgis.com/home/webmap/viewer.html?url=https://services9.arcgis.com/DnERH4rcjw7NU6lv/ArcGIS/rest/services/Vaccine_Distribution_Program/FeatureServer&source=sd,7662703,4316135,3346568
Zimbabwe,2022-02-13,"Oxford/AstraZeneca, Sinopharm/Beijing, Sinovac, Sputnik V",https://www.arcgis.com/home/webmap/viewer.html?url=https://services9.arcgis.com/DnERH4rcjw7NU6lv/ArcGIS/rest/services/Vaccine_Distribution_Program/FeatureServer&source=sd,7666374,4318075,3348299
Zimbabwe,2022-02-14,"Oxford/AstraZeneca, Sinopharm/Beijing, Sinovac, Sputnik V",https://www.arcgis.com/home/webmap/viewer.html?url=https://services9.arcgis.com/DnERH4rcjw7NU6lv/ArcGIS/rest/services/Vaccine_Distribution_Program/FeatureServer&source=sd,7670400,4319919,3350481
