date,indicator,value,entity
2020-04-01,Daily hospital occupancy,1071,Austria
2020-04-02,Daily hospital occupancy,1042,Austria
2020-04-03,Daily hospital occupancy,1074,Austria
2020-04-04,Daily hospital occupancy,1071,Austria
2020-04-05,Daily hospital occupancy,956,Austria
2020-04-06,Daily hospital occupancy,1074,Austria
2020-04-07,Daily hospital occupancy,1100,Austria
2020-04-08,Daily hospital occupancy,1096,Austria
2020-04-09,Daily hospital occupancy,1086,Austria
2020-04-10,Daily hospital occupancy,1032,Austria
2020-04-11,Daily hospital occupancy,1035,Austria
2020-04-12,Daily hospital occupancy,1035,Austria
2020-04-13,Daily hospital occupancy,981,Austria
2020-04-14,Daily hospital occupancy,1002,Austria
2020-04-15,Daily hospital occupancy,1001,Austria
2020-04-16,Daily hospital occupancy,967,Austria
2020-04-17,Daily hospital occupancy,909,Austria
2020-04-18,Daily hospital occupancy,855,Austria
2020-04-19,Daily hospital occupancy,817,Austria
2020-04-20,Daily hospital occupancy,805,Austria
2020-04-21,Daily hospital occupancy,756,Austria
2020-04-22,Daily hospital occupancy,700,Austria
2020-04-23,Daily hospital occupancy,677,Austria
2020-04-24,Daily hospital occupancy,651,Austria
2020-04-25,Daily hospital occupancy,608,Austria
2020-04-26,Daily hospital occupancy,594,Austria
2020-04-27,Daily hospital occupancy,579,Austria
2020-04-28,Daily hospital occupancy,561,Austria
2020-04-29,Daily hospital occupancy,517,Austria
2020-04-30,Daily hospital occupancy,500,Austria
2020-05-01,Daily hospital occupancy,472,Austria
2020-05-02,Daily hospital occupancy,428,Austria
2020-05-03,Daily hospital occupancy,422,Austria
2020-05-04,Daily hospital occupancy,420,Austria
2020-05-05,Daily hospital occupancy,418,Austria
2020-05-06,Daily hospital occupancy,418,Austria
2020-05-07,Daily hospital occupancy,360,Austria
2020-05-08,Daily hospital occupancy,339,Austria
2020-05-09,Daily hospital occupancy,309,Austria
2020-05-10,Daily hospital occupancy,291,Austria
2020-05-11,Daily hospital occupancy,279,Austria
2020-05-12,Daily hospital occupancy,264,Austria
2020-05-13,Daily hospital occupancy,243,Austria
2020-05-14,Daily hospital occupancy,234,Austria
2020-05-15,Daily hospital occupancy,212,Austria
2020-05-16,Daily hospital occupancy,208,Austria
2020-05-17,Daily hospital occupancy,197,Austria
2020-05-18,Daily hospital occupancy,196,Austria
2020-05-19,Daily hospital occupancy,182,Austria
2020-05-20,Daily hospital occupancy,174,Austria
2020-05-21,Daily hospital occupancy,188,Austria
2020-05-22,Daily hospital occupancy,159,Austria
2020-05-23,Daily hospital occupancy,144,Austria
2020-05-24,Daily hospital occupancy,137,Austria
2020-05-25,Daily hospital occupancy,139,Austria
2020-05-26,Daily hospital occupancy,127,Austria
2020-05-27,Daily hospital occupancy,116,Austria
2020-05-28,Daily hospital occupancy,107,Austria
2020-05-29,Daily hospital occupancy,103,Austria
2020-05-30,Daily hospital occupancy,98,Austria
2020-05-31,Daily hospital occupancy,97,Austria
2020-06-01,Daily hospital occupancy,97,Austria
2020-06-02,Daily hospital occupancy,88,Austria
2020-06-03,Daily hospital occupancy,87,Austria
2020-06-04,Daily hospital occupancy,87,Austria
2020-06-05,Daily hospital occupancy,75,Austria
2020-06-06,Daily hospital occupancy,72,Austria
2020-06-07,Daily hospital occupancy,69,Austria
2020-06-08,Daily hospital occupancy,82,Austria
2020-06-09,Daily hospital occupancy,84,Austria
2020-06-10,Daily hospital occupancy,80,Austria
2020-06-11,Daily hospital occupancy,81,Austria
2020-06-12,Daily hospital occupancy,69,Austria
2020-06-13,Daily hospital occupancy,72,Austria
2020-06-14,Daily hospital occupancy,69,Austria
2020-06-15,Daily hospital occupancy,79,Austria
2020-06-16,Daily hospital occupancy,78,Austria
2020-06-17,Daily hospital occupancy,71,Austria
2020-06-18,Daily hospital occupancy,72,Austria
2020-06-19,Daily hospital occupancy,75,Austria
2020-06-20,Daily hospital occupancy,74,Austria
2020-06-21,Daily hospital occupancy,69,Austria
2020-06-22,Daily hospital occupancy,69,Austria
2020-06-23,Daily hospital occupancy,68,Austria
2020-06-24,Daily hospital occupancy,70,Austria
2020-06-25,Daily hospital occupancy,71,Austria
2020-06-26,Daily hospital occupancy,70,Austria
2020-06-27,Daily hospital occupancy,71,Austria
2020-06-28,Daily hospital occupancy,71,Austria
2020-06-29,Daily hospital occupancy,74,Austria
2020-06-30,Daily hospital occupancy,64,Austria
2020-07-01,Daily hospital occupancy,74,Austria
2020-07-02,Daily hospital occupancy,69,Austria
2020-07-03,Daily hospital occupancy,72,Austria
2020-07-04,Daily hospital occupancy,68,Austria
2020-07-05,Daily hospital occupancy,72,Austria
2020-07-06,Daily hospital occupancy,78,Austria
2020-07-07,Daily hospital occupancy,91,Austria
2020-07-08,Daily hospital occupancy,77,Austria
2020-07-09,Daily hospital occupancy,78,Austria
2020-07-10,Daily hospital occupancy,80,Austria
2020-07-11,Daily hospital occupancy,77,Austria
2020-07-12,Daily hospital occupancy,83,Austria
2020-07-13,Daily hospital occupancy,82,Austria
2020-07-14,Daily hospital occupancy,83,Austria
2020-07-15,Daily hospital occupancy,96,Austria
2020-07-16,Daily hospital occupancy,94,Austria
2020-07-17,Daily hospital occupancy,99,Austria
2020-07-18,Daily hospital occupancy,98,Austria
2020-07-19,Daily hospital occupancy,99,Austria
2020-07-20,Daily hospital occupancy,112,Austria
2020-07-21,Daily hospital occupancy,114,Austria
2020-07-22,Daily hospital occupancy,111,Austria
2020-07-23,Daily hospital occupancy,102,Austria
2020-07-24,Daily hospital occupancy,103,Austria
2020-07-25,Daily hospital occupancy,101,Austria
2020-07-26,Daily hospital occupancy,97,Austria
2020-07-27,Daily hospital occupancy,95,Austria
2020-07-28,Daily hospital occupancy,89,Austria
2020-07-29,Daily hospital occupancy,94,Austria
2020-07-30,Daily hospital occupancy,105,Austria
2020-07-31,Daily hospital occupancy,100,Austria
2020-08-01,Daily hospital occupancy,89,Austria
2020-08-02,Daily hospital occupancy,93,Austria
2020-08-03,Daily hospital occupancy,113,Austria
2020-08-04,Daily hospital occupancy,107,Austria
2020-08-05,Daily hospital occupancy,115,Austria
2020-08-06,Daily hospital occupancy,117,Austria
2020-08-07,Daily hospital occupancy,118,Austria
2020-08-08,Daily hospital occupancy,120,Austria
2020-08-09,Daily hospital occupancy,121,Austria
2020-08-10,Daily hospital occupancy,116,Austria
2020-08-11,Daily hospital occupancy,119,Austria
2020-08-12,Daily hospital occupancy,118,Austria
2020-08-13,Daily hospital occupancy,114,Austria
2020-08-14,Daily hospital occupancy,110,Austria
2020-08-15,Daily hospital occupancy,104,Austria
2020-08-16,Daily hospital occupancy,84,Austria
2020-08-17,Daily hospital occupancy,114,Austria
2020-08-18,Daily hospital occupancy,116,Austria
2020-08-19,Daily hospital occupancy,121,Austria
2020-08-20,Daily hospital occupancy,116,Austria
2020-08-21,Daily hospital occupancy,112,Austria
2020-08-22,Daily hospital occupancy,116,Austria
2020-08-23,Daily hospital occupancy,116,Austria
2020-08-24,Daily hospital occupancy,135,Austria
2020-08-25,Daily hospital occupancy,137,Austria
2020-08-26,Daily hospital occupancy,141,Austria
2020-08-27,Daily hospital occupancy,145,Austria
2020-08-28,Daily hospital occupancy,146,Austria
2020-08-29,Daily hospital occupancy,144,Austria
2020-08-30,Daily hospital occupancy,140,Austria
2020-08-31,Daily hospital occupancy,154,Austria
2020-09-01,Daily hospital occupancy,149,Austria
2020-09-02,Daily hospital occupancy,157,Austria
2020-09-03,Daily hospital occupancy,161,Austria
2020-09-04,Daily hospital occupancy,156,Austria
2020-09-05,Daily hospital occupancy,157,Austria
2020-09-06,Daily hospital occupancy,143,Austria
2020-09-07,Daily hospital occupancy,163,Austria
2020-09-08,Daily hospital occupancy,170,Austria
2020-09-09,Daily hospital occupancy,197,Austria
2020-09-10,Daily hospital occupancy,205,Austria
2020-09-11,Daily hospital occupancy,204,Austria
2020-09-12,Daily hospital occupancy,209,Austria
2020-09-13,Daily hospital occupancy,226,Austria
2020-09-14,Daily hospital occupancy,255,Austria
2020-09-15,Daily hospital occupancy,293,Austria
2020-09-16,Daily hospital occupancy,321,Austria
2020-09-17,Daily hospital occupancy,319,Austria
2020-09-18,Daily hospital occupancy,334,Austria
2020-09-19,Daily hospital occupancy,349,Austria
2020-09-20,Daily hospital occupancy,341,Austria
2020-09-21,Daily hospital occupancy,364,Austria
2020-09-22,Daily hospital occupancy,390,Austria
2020-09-23,Daily hospital occupancy,413,Austria
2020-09-24,Daily hospital occupancy,422,Austria
2020-09-25,Daily hospital occupancy,411,Austria
2020-09-26,Daily hospital occupancy,423,Austria
2020-09-27,Daily hospital occupancy,446,Austria
2020-09-28,Daily hospital occupancy,469,Austria
2020-09-29,Daily hospital occupancy,491,Austria
2020-09-30,Daily hospital occupancy,496,Austria
2020-10-01,Daily hospital occupancy,493,Austria
2020-10-02,Daily hospital occupancy,472,Austria
2020-10-03,Daily hospital occupancy,494,Austria
2020-10-04,Daily hospital occupancy,476,Austria
2020-10-05,Daily hospital occupancy,488,Austria
2020-10-06,Daily hospital occupancy,498,Austria
2020-10-07,Daily hospital occupancy,525,Austria
2020-10-08,Daily hospital occupancy,506,Austria
2020-10-09,Daily hospital occupancy,508,Austria
2020-10-10,Daily hospital occupancy,509,Austria
2020-10-11,Daily hospital occupancy,527,Austria
2020-10-12,Daily hospital occupancy,561,Austria
2020-10-13,Daily hospital occupancy,611,Austria
2020-10-14,Daily hospital occupancy,654,Austria
2020-10-15,Daily hospital occupancy,664,Austria
2020-10-16,Daily hospital occupancy,706,Austria
2020-10-17,Daily hospital occupancy,724,Austria
2020-10-18,Daily hospital occupancy,742,Austria
2020-10-19,Daily hospital occupancy,799,Austria
2020-10-20,Daily hospital occupancy,889,Austria
2020-10-21,Daily hospital occupancy,960,Austria
2020-10-22,Daily hospital occupancy,1002,Austria
2020-10-23,Daily hospital occupancy,1058,Austria
2020-10-24,Daily hospital occupancy,1177,Austria
2020-10-25,Daily hospital occupancy,1225,Austria
2020-10-26,Daily hospital occupancy,1330,Austria
2020-10-27,Daily hospital occupancy,1400,Austria
2020-10-28,Daily hospital occupancy,1569,Austria
2020-10-29,Daily hospital occupancy,1692,Austria
2020-10-30,Daily hospital occupancy,1803,Austria
2020-10-31,Daily hospital occupancy,1867,Austria
2020-11-01,Daily hospital occupancy,1948,Austria
2020-11-02,Daily hospital occupancy,2161,Austria
2020-11-03,Daily hospital occupancy,2431,Austria
2020-11-04,Daily hospital occupancy,2584,Austria
2020-11-05,Daily hospital occupancy,2737,Austria
2020-11-06,Daily hospital occupancy,2935,Austria
2020-11-07,Daily hospital occupancy,3006,Austria
2020-11-08,Daily hospital occupancy,2992,Austria
2020-11-09,Daily hospital occupancy,3228,Austria
2020-11-10,Daily hospital occupancy,3549,Austria
2020-11-11,Daily hospital occupancy,3719,Austria
2020-11-12,Daily hospital occupancy,3811,Austria
2020-11-13,Daily hospital occupancy,3922,Austria
2020-11-14,Daily hospital occupancy,4006,Austria
2020-11-15,Daily hospital occupancy,4178,Austria
2020-11-16,Daily hospital occupancy,4297,Austria
2020-11-17,Daily hospital occupancy,4525,Austria
2020-11-18,Daily hospital occupancy,4592,Austria
2020-11-19,Daily hospital occupancy,4614,Austria
2020-11-20,Daily hospital occupancy,4629,Austria
2020-11-21,Daily hospital occupancy,4597,Austria
2020-11-22,Daily hospital occupancy,4458,Austria
2020-11-23,Daily hospital occupancy,4548,Austria
2020-11-24,Daily hospital occupancy,4689,Austria
2020-11-25,Daily hospital occupancy,4576,Austria
2020-11-26,Daily hospital occupancy,4461,Austria
2020-11-27,Daily hospital occupancy,4405,Austria
2020-11-28,Daily hospital occupancy,4279,Austria
2020-11-29,Daily hospital occupancy,4251,Austria
2020-11-30,Daily hospital occupancy,4340,Austria
2020-12-01,Daily hospital occupancy,4482,Austria
2020-12-02,Daily hospital occupancy,4245,Austria
2020-12-03,Daily hospital occupancy,4082,Austria
2020-12-04,Daily hospital occupancy,3980,Austria
2020-12-05,Daily hospital occupancy,3877,Austria
2020-12-06,Daily hospital occupancy,3802,Austria
2020-12-07,Daily hospital occupancy,3885,Austria
2020-12-08,Daily hospital occupancy,3917,Austria
2020-12-09,Daily hospital occupancy,3854,Austria
2020-12-10,Daily hospital occupancy,3780,Austria
2020-12-11,Daily hospital occupancy,3651,Austria
2020-12-12,Daily hospital occupancy,3599,Austria
2020-12-13,Daily hospital occupancy,3444,Austria
2020-12-14,Daily hospital occupancy,3479,Austria
2020-12-15,Daily hospital occupancy,3524,Austria
2020-12-16,Daily hospital occupancy,3410,Austria
2020-12-17,Daily hospital occupancy,3220,Austria
2020-12-18,Daily hospital occupancy,3073,Austria
2020-12-19,Daily hospital occupancy,2964,Austria
2020-12-20,Daily hospital occupancy,2887,Austria
2020-12-21,Daily hospital occupancy,2871,Austria
2020-12-22,Daily hospital occupancy,2922,Austria
2020-12-23,Daily hospital occupancy,2775,Austria
2020-12-24,Daily hospital occupancy,2648,Austria
2020-12-25,Daily hospital occupancy,2454,Austria
2020-12-26,Daily hospital occupancy,2455,Austria
2020-12-27,Daily hospital occupancy,2457,Austria
2020-12-28,Daily hospital occupancy,2510,Austria
2020-12-29,Daily hospital occupancy,2527,Austria
2020-12-30,Daily hospital occupancy,2407,Austria
2020-12-31,Daily hospital occupancy,2342,Austria
2021-01-01,Daily hospital occupancy,2243,Austria
2021-01-02,Daily hospital occupancy,2243,Austria
2021-01-03,Daily hospital occupancy,2227,Austria
2021-01-04,Daily hospital occupancy,2321,Austria
2021-01-05,Daily hospital occupancy,2404,Austria
2021-01-06,Daily hospital occupancy,2383,Austria
2021-01-07,Daily hospital occupancy,2354,Austria
2021-01-08,Daily hospital occupancy,2371,Austria
2021-01-09,Daily hospital occupancy,2326,Austria
2021-01-10,Daily hospital occupancy,2246,Austria
2021-01-11,Daily hospital occupancy,2297,Austria
2021-01-12,Daily hospital occupancy,2301,Austria
2021-01-13,Daily hospital occupancy,2179,Austria
2021-01-14,Daily hospital occupancy,2086,Austria
2021-01-15,Daily hospital occupancy,2042,Austria
2021-01-16,Daily hospital occupancy,2010,Austria
2021-01-17,Daily hospital occupancy,1963,Austria
2021-01-18,Daily hospital occupancy,2007,Austria
2021-01-19,Daily hospital occupancy,2061,Austria
2021-01-20,Daily hospital occupancy,2006,Austria
2021-01-21,Daily hospital occupancy,1946,Austria
2021-01-22,Daily hospital occupancy,1917,Austria
2021-01-23,Daily hospital occupancy,1848,Austria
2021-01-24,Daily hospital occupancy,1841,Austria
2021-01-25,Daily hospital occupancy,1869,Austria
2021-01-26,Daily hospital occupancy,1896,Austria
2021-01-27,Daily hospital occupancy,1830,Austria
2021-01-28,Daily hospital occupancy,1782,Austria
2021-01-29,Daily hospital occupancy,1723,Austria
2021-01-30,Daily hospital occupancy,1682,Austria
2021-01-31,Daily hospital occupancy,1684,Austria
2021-02-01,Daily hospital occupancy,1727,Austria
2021-02-02,Daily hospital occupancy,1729,Austria
2021-02-03,Daily hospital occupancy,1686,Austria
2021-02-04,Daily hospital occupancy,1640,Austria
2021-02-05,Daily hospital occupancy,1604,Austria
2021-02-06,Daily hospital occupancy,1589,Austria
2021-02-07,Daily hospital occupancy,1560,Austria
2021-02-08,Daily hospital occupancy,1580,Austria
2021-02-09,Daily hospital occupancy,1597,Austria
2021-02-10,Daily hospital occupancy,1527,Austria
2021-02-11,Daily hospital occupancy,1477,Austria
2021-02-12,Daily hospital occupancy,1414,Austria
2021-02-13,Daily hospital occupancy,1329,Austria
2021-02-14,Daily hospital occupancy,1311,Austria
2021-02-15,Daily hospital occupancy,1362,Austria
2021-02-16,Daily hospital occupancy,1353,Austria
2021-02-17,Daily hospital occupancy,1331,Austria
2021-02-18,Daily hospital occupancy,1291,Austria
2021-02-19,Daily hospital occupancy,1291,Austria
2021-02-20,Daily hospital occupancy,1260,Austria
2021-02-21,Daily hospital occupancy,1272,Austria
2021-02-22,Daily hospital occupancy,1337,Austria
2021-02-23,Daily hospital occupancy,1350,Austria
2021-02-24,Daily hospital occupancy,1319,Austria
2021-02-25,Daily hospital occupancy,1289,Austria
2021-02-26,Daily hospital occupancy,1278,Austria
2021-02-27,Daily hospital occupancy,1248,Austria
2021-02-28,Daily hospital occupancy,1305,Austria
2021-03-01,Daily hospital occupancy,1369,Austria
2021-03-02,Daily hospital occupancy,1425,Austria
2021-03-03,Daily hospital occupancy,1410,Austria
2021-03-04,Daily hospital occupancy,1444,Austria
2021-03-05,Daily hospital occupancy,1439,Austria
2021-03-06,Daily hospital occupancy,1454,Austria
2021-03-07,Daily hospital occupancy,1472,Austria
2021-03-08,Daily hospital occupancy,1559,Austria
2021-03-09,Daily hospital occupancy,1616,Austria
2021-03-10,Daily hospital occupancy,1597,Austria
2021-03-11,Daily hospital occupancy,1584,Austria
2021-03-12,Daily hospital occupancy,1615,Austria
2021-03-13,Daily hospital occupancy,1641,Austria
2021-03-14,Daily hospital occupancy,1674,Austria
2021-03-15,Daily hospital occupancy,1779,Austria
2021-03-16,Daily hospital occupancy,1833,Austria
2021-03-17,Daily hospital occupancy,1845,Austria
2021-03-18,Daily hospital occupancy,1839,Austria
2021-03-19,Daily hospital occupancy,1862,Austria
2021-03-20,Daily hospital occupancy,1831,Austria
2021-03-21,Daily hospital occupancy,1911,Austria
2021-03-22,Daily hospital occupancy,2009,Austria
2021-03-23,Daily hospital occupancy,2052,Austria
2021-03-24,Daily hospital occupancy,2085,Austria
2021-03-25,Daily hospital occupancy,2096,Austria
2021-03-26,Daily hospital occupancy,2164,Austria
2021-03-27,Daily hospital occupancy,2159,Austria
2021-03-28,Daily hospital occupancy,2154,Austria
2021-03-29,Daily hospital occupancy,2247,Austria
2021-03-30,Daily hospital occupancy,2308,Austria
2021-03-31,Daily hospital occupancy,2318,Austria
2021-04-01,Daily hospital occupancy,2299,Austria
2021-04-02,Daily hospital occupancy,2290,Austria
2021-04-03,Daily hospital occupancy,2188,Austria
2021-04-04,Daily hospital occupancy,2233,Austria
2021-04-05,Daily hospital occupancy,2341,Austria
2021-04-06,Daily hospital occupancy,2437,Austria
2021-04-07,Daily hospital occupancy,2460,Austria
2021-04-08,Daily hospital occupancy,2386,Austria
2021-04-09,Daily hospital occupancy,2384,Austria
2021-04-10,Daily hospital occupancy,2318,Austria
2021-04-11,Daily hospital occupancy,2304,Austria
2021-04-12,Daily hospital occupancy,2414,Austria
2021-04-13,Daily hospital occupancy,2348,Austria
2021-04-14,Daily hospital occupancy,2276,Austria
2021-04-15,Daily hospital occupancy,2157,Austria
2021-04-16,Daily hospital occupancy,2110,Austria
2021-04-17,Daily hospital occupancy,2056,Austria
2021-04-18,Daily hospital occupancy,2021,Austria
2021-04-19,Daily hospital occupancy,2122,Austria
2021-04-20,Daily hospital occupancy,2092,Austria
2021-04-21,Daily hospital occupancy,1968,Austria
2021-04-22,Daily hospital occupancy,1924,Austria
2021-04-23,Daily hospital occupancy,1874,Austria
2021-04-24,Daily hospital occupancy,1817,Austria
2021-04-25,Daily hospital occupancy,1800,Austria
2021-04-26,Daily hospital occupancy,1853,Austria
2021-04-27,Daily hospital occupancy,1913,Austria
2021-04-28,Daily hospital occupancy,1789,Austria
2021-04-29,Daily hospital occupancy,1722,Austria
2021-04-30,Daily hospital occupancy,1660,Austria
2021-05-01,Daily hospital occupancy,1563,Austria
2021-05-02,Daily hospital occupancy,1563,Austria
2021-05-03,Daily hospital occupancy,1624,Austria
2021-05-04,Daily hospital occupancy,1618,Austria
2021-05-05,Daily hospital occupancy,1547,Austria
2021-05-06,Daily hospital occupancy,1448,Austria
2021-05-07,Daily hospital occupancy,1381,Austria
2021-05-08,Daily hospital occupancy,1292,Austria
2021-05-09,Daily hospital occupancy,1274,Austria
2021-05-10,Daily hospital occupancy,1248,Austria
2021-05-11,Daily hospital occupancy,1215,Austria
2021-05-12,Daily hospital occupancy,1134,Austria
2021-05-13,Daily hospital occupancy,1011,Austria
2021-05-14,Daily hospital occupancy,1008,Austria
2021-05-15,Daily hospital occupancy,943,Austria
2021-05-16,Daily hospital occupancy,897,Austria
2021-05-17,Daily hospital occupancy,914,Austria
2021-05-18,Daily hospital occupancy,878,Austria
2021-05-19,Daily hospital occupancy,829,Austria
2021-05-20,Daily hospital occupancy,767,Austria
2021-05-21,Daily hospital occupancy,697,Austria
2021-05-22,Daily hospital occupancy,643,Austria
2021-05-23,Daily hospital occupancy,623,Austria
2021-05-24,Daily hospital occupancy,592,Austria
2021-05-25,Daily hospital occupancy,603,Austria
2021-05-26,Daily hospital occupancy,547,Austria
2021-05-27,Daily hospital occupancy,510,Austria
2021-05-28,Daily hospital occupancy,456,Austria
2021-05-29,Daily hospital occupancy,436,Austria
2021-05-30,Daily hospital occupancy,413,Austria
2021-05-31,Daily hospital occupancy,410,Austria
2021-06-01,Daily hospital occupancy,415,Austria
2021-06-02,Daily hospital occupancy,402,Austria
2021-06-03,Daily hospital occupancy,373,Austria
2021-06-04,Daily hospital occupancy,362,Austria
2021-06-05,Daily hospital occupancy,438,Austria
2021-06-06,Daily hospital occupancy,428,Austria
2021-06-07,Daily hospital occupancy,426,Austria
2021-06-08,Daily hospital occupancy,402,Austria
2021-06-09,Daily hospital occupancy,370,Austria
2021-06-10,Daily hospital occupancy,357,Austria
2021-06-11,Daily hospital occupancy,326,Austria
2021-06-12,Daily hospital occupancy,316,Austria
2021-06-13,Daily hospital occupancy,318,Austria
2021-06-14,Daily hospital occupancy,306,Austria
2021-06-15,Daily hospital occupancy,299,Austria
2021-06-16,Daily hospital occupancy,280,Austria
2021-06-17,Daily hospital occupancy,271,Austria
2021-06-18,Daily hospital occupancy,259,Austria
2021-06-19,Daily hospital occupancy,247,Austria
2021-06-20,Daily hospital occupancy,248,Austria
2021-06-21,Daily hospital occupancy,244,Austria
2021-06-22,Daily hospital occupancy,242,Austria
2021-06-23,Daily hospital occupancy,227,Austria
2021-06-24,Daily hospital occupancy,217,Austria
2021-06-25,Daily hospital occupancy,195,Austria
2021-06-26,Daily hospital occupancy,201,Austria
2021-06-27,Daily hospital occupancy,185,Austria
2021-06-28,Daily hospital occupancy,179,Austria
2021-06-29,Daily hospital occupancy,185,Austria
2021-06-30,Daily hospital occupancy,172,Austria
2021-07-01,Daily hospital occupancy,165,Austria
2021-07-02,Daily hospital occupancy,150,Austria
2021-07-03,Daily hospital occupancy,143,Austria
2021-07-04,Daily hospital occupancy,135,Austria
2021-07-05,Daily hospital occupancy,128,Austria
2021-07-06,Daily hospital occupancy,124,Austria
2021-07-07,Daily hospital occupancy,118,Austria
2021-07-08,Daily hospital occupancy,111,Austria
2021-07-09,Daily hospital occupancy,109,Austria
2021-07-10,Daily hospital occupancy,103,Austria
2021-07-11,Daily hospital occupancy,99,Austria
2021-07-12,Daily hospital occupancy,102,Austria
2021-07-13,Daily hospital occupancy,112,Austria
2021-07-14,Daily hospital occupancy,110,Austria
2021-07-15,Daily hospital occupancy,112,Austria
2021-07-16,Daily hospital occupancy,108,Austria
2021-07-17,Daily hospital occupancy,115,Austria
2021-07-18,Daily hospital occupancy,108,Austria
2021-07-19,Daily hospital occupancy,113,Austria
2021-07-20,Daily hospital occupancy,122,Austria
2021-07-21,Daily hospital occupancy,111,Austria
2021-07-22,Daily hospital occupancy,104,Austria
2021-07-23,Daily hospital occupancy,100,Austria
2021-07-24,Daily hospital occupancy,107,Austria
2021-07-25,Daily hospital occupancy,104,Austria
2021-07-26,Daily hospital occupancy,117,Austria
2021-07-27,Daily hospital occupancy,121,Austria
2021-07-28,Daily hospital occupancy,113,Austria
2021-07-29,Daily hospital occupancy,123,Austria
2021-07-30,Daily hospital occupancy,118,Austria
2021-07-31,Daily hospital occupancy,123,Austria
2021-08-01,Daily hospital occupancy,126,Austria
2021-08-02,Daily hospital occupancy,130,Austria
2021-08-03,Daily hospital occupancy,137,Austria
2021-08-04,Daily hospital occupancy,127,Austria
2021-08-05,Daily hospital occupancy,133,Austria
2021-08-06,Daily hospital occupancy,146,Austria
2021-08-07,Daily hospital occupancy,151,Austria
2021-08-08,Daily hospital occupancy,163,Austria
2021-08-09,Daily hospital occupancy,174,Austria
2021-08-10,Daily hospital occupancy,192,Austria
2021-08-11,Daily hospital occupancy,194,Austria
2021-08-12,Daily hospital occupancy,199,Austria
2021-08-13,Daily hospital occupancy,207,Austria
2021-08-14,Daily hospital occupancy,220,Austria
2021-08-15,Daily hospital occupancy,240,Austria
2021-08-16,Daily hospital occupancy,257,Austria
2021-08-17,Daily hospital occupancy,274,Austria
2021-08-18,Daily hospital occupancy,288,Austria
2021-08-19,Daily hospital occupancy,287,Austria
2021-08-20,Daily hospital occupancy,315,Austria
2021-08-21,Daily hospital occupancy,331,Austria
2021-08-22,Daily hospital occupancy,351,Austria
2021-08-23,Daily hospital occupancy,380,Austria
2021-08-24,Daily hospital occupancy,403,Austria
2021-08-25,Daily hospital occupancy,420,Austria
2021-08-26,Daily hospital occupancy,409,Austria
2021-08-27,Daily hospital occupancy,421,Austria
2021-08-28,Daily hospital occupancy,425,Austria
2021-08-29,Daily hospital occupancy,456,Austria
2021-08-30,Daily hospital occupancy,479,Austria
2021-08-31,Daily hospital occupancy,526,Austria
2021-09-01,Daily hospital occupancy,542,Austria
2021-09-02,Daily hospital occupancy,539,Austria
2021-09-03,Daily hospital occupancy,549,Austria
2021-09-04,Daily hospital occupancy,549,Austria
2021-09-05,Daily hospital occupancy,552,Austria
2021-09-06,Daily hospital occupancy,584,Austria
2021-09-07,Daily hospital occupancy,628,Austria
2021-09-08,Daily hospital occupancy,656,Austria
2021-09-09,Daily hospital occupancy,657,Austria
2021-09-10,Daily hospital occupancy,678,Austria
2021-09-11,Daily hospital occupancy,685,Austria
2021-09-12,Daily hospital occupancy,710,Austria
2021-09-13,Daily hospital occupancy,759,Austria
2021-09-14,Daily hospital occupancy,805,Austria
2021-09-15,Daily hospital occupancy,814,Austria
2021-09-16,Daily hospital occupancy,823,Austria
2021-09-17,Daily hospital occupancy,851,Austria
2021-09-18,Daily hospital occupancy,865,Austria
2021-09-19,Daily hospital occupancy,861,Austria
2021-09-20,Daily hospital occupancy,884,Austria
2021-09-21,Daily hospital occupancy,880,Austria
2021-09-22,Daily hospital occupancy,861,Austria
2021-09-23,Daily hospital occupancy,855,Austria
2021-09-24,Daily hospital occupancy,867,Austria
2021-09-25,Daily hospital occupancy,848,Austria
2021-09-26,Daily hospital occupancy,861,Austria
2021-09-27,Daily hospital occupancy,893,Austria
2021-09-28,Daily hospital occupancy,887,Austria
2021-09-29,Daily hospital occupancy,870,Austria
2021-09-30,Daily hospital occupancy,852,Austria
2021-10-01,Daily hospital occupancy,848,Austria
2021-10-02,Daily hospital occupancy,832,Austria
2021-10-03,Daily hospital occupancy,822,Austria
2021-10-04,Daily hospital occupancy,841,Austria
2021-10-05,Daily hospital occupancy,864,Austria
2021-10-06,Daily hospital occupancy,855,Austria
2021-10-07,Daily hospital occupancy,845,Austria
2021-10-08,Daily hospital occupancy,845,Austria
2021-10-09,Daily hospital occupancy,821,Austria
2021-10-10,Daily hospital occupancy,822,Austria
2021-10-11,Daily hospital occupancy,849,Austria
2021-10-12,Daily hospital occupancy,880,Austria
2021-10-13,Daily hospital occupancy,867,Austria
2021-10-14,Daily hospital occupancy,873,Austria
2021-10-15,Daily hospital occupancy,878,Austria
2021-10-16,Daily hospital occupancy,876,Austria
2021-10-17,Daily hospital occupancy,873,Austria
2021-10-18,Daily hospital occupancy,917,Austria
2021-10-19,Daily hospital occupancy,947,Austria
2021-10-20,Daily hospital occupancy,963,Austria
2021-10-21,Daily hospital occupancy,987,Austria
2021-10-22,Daily hospital occupancy,1015,Austria
2021-10-23,Daily hospital occupancy,1038,Austria
2021-10-24,Daily hospital occupancy,1058,Austria
2021-10-25,Daily hospital occupancy,1143,Austria
2021-10-26,Daily hospital occupancy,1194,Austria
2021-10-27,Daily hospital occupancy,1263,Austria
2021-10-28,Daily hospital occupancy,1308,Austria
2021-10-29,Daily hospital occupancy,1380,Austria
2021-10-30,Daily hospital occupancy,1404,Austria
2021-10-31,Daily hospital occupancy,1474,Austria
2021-11-01,Daily hospital occupancy,1568,Austria
2021-11-02,Daily hospital occupancy,1701,Austria
2021-11-03,Daily hospital occupancy,1780,Austria
2021-11-04,Daily hospital occupancy,1837,Austria
2021-11-05,Daily hospital occupancy,1849,Austria
2021-11-06,Daily hospital occupancy,1874,Austria
2021-11-07,Daily hospital occupancy,1937,Austria
2021-11-08,Daily hospital occupancy,2046,Austria
2021-11-09,Daily hospital occupancy,2176,Austria
2021-11-10,Daily hospital occupancy,2228,Austria
2021-11-11,Daily hospital occupancy,2288,Austria
2021-11-12,Daily hospital occupancy,2324,Austria
2021-11-13,Daily hospital occupancy,2294,Austria
2021-11-14,Daily hospital occupancy,2352,Austria
2021-11-15,Daily hospital occupancy,2525,Austria
2021-11-16,Daily hospital occupancy,2584,Austria
2021-11-17,Daily hospital occupancy,2744,Austria
2021-11-18,Daily hospital occupancy,2837,Austria
2021-11-19,Daily hospital occupancy,2878,Austria
2021-11-20,Daily hospital occupancy,2872,Austria
2021-11-21,Daily hospital occupancy,2958,Austria
2021-11-22,Daily hospital occupancy,3133,Austria
2021-11-23,Daily hospital occupancy,3153,Austria
2021-11-24,Daily hospital occupancy,3235,Austria
2021-11-25,Daily hospital occupancy,3273,Austria
2021-11-26,Daily hospital occupancy,3270,Austria
2021-11-27,Daily hospital occupancy,3221,Austria
2021-11-28,Daily hospital occupancy,3247,Austria
2021-11-29,Daily hospital occupancy,3397,Austria
2021-11-30,Daily hospital occupancy,3415,Austria
2021-12-01,Daily hospital occupancy,3302,Austria
2021-12-02,Daily hospital occupancy,3187,Austria
2021-12-03,Daily hospital occupancy,3172,Austria
2021-12-04,Daily hospital occupancy,3076,Austria
2021-12-05,Daily hospital occupancy,3056,Austria
2021-12-06,Daily hospital occupancy,3129,Austria
2021-12-07,Daily hospital occupancy,3035,Austria
2021-12-08,Daily hospital occupancy,2868,Austria
2021-12-09,Daily hospital occupancy,2789,Austria
2021-12-10,Daily hospital occupancy,2637,Austria
2021-12-11,Daily hospital occupancy,2450,Austria
2021-12-12,Daily hospital occupancy,2427,Austria
2021-12-13,Daily hospital occupancy,2452,Austria
2021-12-14,Daily hospital occupancy,2333,Austria
2021-12-15,Daily hospital occupancy,2211,Austria
2021-12-16,Daily hospital occupancy,2049,Austria
2021-12-17,Daily hospital occupancy,1945,Austria
2021-12-18,Daily hospital occupancy,1774,Austria
2021-12-19,Daily hospital occupancy,1758,Austria
2021-12-20,Daily hospital occupancy,1756,Austria
2021-12-21,Daily hospital occupancy,1653,Austria
2021-12-22,Daily hospital occupancy,1535,Austria
2021-12-23,Daily hospital occupancy,1436,Austria
2021-12-24,Daily hospital occupancy,1285,Austria
2021-12-25,Daily hospital occupancy,1211,Austria
2021-12-26,Daily hospital occupancy,1203,Austria
2021-12-27,Daily hospital occupancy,1209,Austria
2021-12-28,Daily hospital occupancy,1160,Austria
2021-12-29,Daily hospital occupancy,1128,Austria
2021-12-30,Daily hospital occupancy,1098,Austria
2021-12-31,Daily hospital occupancy,1040,Austria
2022-01-01,Daily hospital occupancy,994,Austria
2022-01-02,Daily hospital occupancy,970,Austria
2022-01-03,Daily hospital occupancy,1028,Austria
2022-01-04,Daily hospital occupancy,1025,Austria
2022-01-05,Daily hospital occupancy,1000,Austria
2022-01-06,Daily hospital occupancy,944,Austria
2022-01-07,Daily hospital occupancy,914,Austria
2022-01-08,Daily hospital occupancy,897,Austria
2022-01-09,Daily hospital occupancy,903,Austria
2022-01-10,Daily hospital occupancy,953,Austria
2022-01-11,Daily hospital occupancy,908,Austria
2022-01-12,Daily hospital occupancy,893,Austria
2022-01-13,Daily hospital occupancy,876,Austria
2022-01-14,Daily hospital occupancy,902,Austria
2022-01-15,Daily hospital occupancy,865,Austria
2022-01-16,Daily hospital occupancy,891,Austria
2022-01-17,Daily hospital occupancy,959,Austria
2022-01-18,Daily hospital occupancy,1025,Austria
2022-01-19,Daily hospital occupancy,1047,Austria
2022-01-20,Daily hospital occupancy,1088,Austria
2022-01-21,Daily hospital occupancy,1102,Austria
2022-01-22,Daily hospital occupancy,1109,Austria
2022-01-23,Daily hospital occupancy,1139,Austria
2022-01-24,Daily hospital occupancy,1239,Austria
2022-01-25,Daily hospital occupancy,1304,Austria
2022-01-26,Daily hospital occupancy,1313,Austria
2022-01-27,Daily hospital occupancy,1302,Austria
2022-01-28,Daily hospital occupancy,1396,Austria
2022-01-29,Daily hospital occupancy,1392,Austria
2022-01-30,Daily hospital occupancy,1449,Austria
2022-01-31,Daily hospital occupancy,1548,Austria
2022-02-01,Daily hospital occupancy,1674,Austria
2022-02-02,Daily hospital occupancy,1693,Austria
2022-02-03,Daily hospital occupancy,1771,Austria
2022-02-04,Daily hospital occupancy,1831,Austria
2022-02-05,Daily hospital occupancy,1855,Austria
2022-02-06,Daily hospital occupancy,1909,Austria
2022-02-07,Daily hospital occupancy,1981,Austria
2022-02-08,Daily hospital occupancy,2072,Austria
2022-02-09,Daily hospital occupancy,2085,Austria
2022-02-10,Daily hospital occupancy,2061,Austria
2022-02-11,Daily hospital occupancy,2058,Austria
2022-02-12,Daily hospital occupancy,2044,Austria
2022-02-13,Daily hospital occupancy,2101,Austria
2022-02-14,Daily hospital occupancy,2183,Austria
2022-02-15,Daily hospital occupancy,2227,Austria
2022-02-16,Daily hospital occupancy,2234,Austria
2022-02-17,Daily hospital occupancy,2256,Austria
2022-02-18,Daily hospital occupancy,2271,Austria
2022-02-19,Daily hospital occupancy,2201,Austria
2022-02-20,Daily hospital occupancy,2250,Austria
2022-02-21,Daily hospital occupancy,2361,Austria
2022-02-22,Daily hospital occupancy,2378,Austria
2022-02-23,Daily hospital occupancy,2376,Austria
2022-02-24,Daily hospital occupancy,2425,Austria
2022-02-25,Daily hospital occupancy,2483,Austria
2022-02-26,Daily hospital occupancy,2364,Austria
2022-02-27,Daily hospital occupancy,2393,Austria
2022-02-28,Daily hospital occupancy,2459,Austria
2022-03-01,Daily hospital occupancy,2561,Austria
2022-03-02,Daily hospital occupancy,2594,Austria
2022-03-03,Daily hospital occupancy,2566,Austria
2022-03-04,Daily hospital occupancy,2524,Austria
2022-03-05,Daily hospital occupancy,2525,Austria
2022-03-06,Daily hospital occupancy,2483,Austria
2022-03-07,Daily hospital occupancy,2655,Austria
2020-04-01,Daily ICU occupancy,215,Austria
2020-04-02,Daily ICU occupancy,219,Austria
2020-04-03,Daily ICU occupancy,245,Austria
2020-04-04,Daily ICU occupancy,245,Austria
2020-04-05,Daily ICU occupancy,244,Austria
2020-04-06,Daily ICU occupancy,250,Austria
2020-04-07,Daily ICU occupancy,243,Austria
2020-04-08,Daily ICU occupancy,267,Austria
2020-04-09,Daily ICU occupancy,266,Austria
2020-04-10,Daily ICU occupancy,261,Austria
2020-04-11,Daily ICU occupancy,245,Austria
2020-04-12,Daily ICU occupancy,243,Austria
2020-04-13,Daily ICU occupancy,239,Austria
2020-04-14,Daily ICU occupancy,243,Austria
2020-04-15,Daily ICU occupancy,232,Austria
2020-04-16,Daily ICU occupancy,238,Austria
2020-04-17,Daily ICU occupancy,227,Austria
2020-04-18,Daily ICU occupancy,208,Austria
2020-04-19,Daily ICU occupancy,204,Austria
2020-04-20,Daily ICU occupancy,194,Austria
2020-04-21,Daily ICU occupancy,196,Austria
2020-04-22,Daily ICU occupancy,176,Austria
2020-04-23,Daily ICU occupancy,169,Austria
2020-04-24,Daily ICU occupancy,156,Austria
2020-04-25,Daily ICU occupancy,148,Austria
2020-04-26,Daily ICU occupancy,145,Austria
2020-04-27,Daily ICU occupancy,140,Austria
2020-04-28,Daily ICU occupancy,136,Austria
2020-04-29,Daily ICU occupancy,131,Austria
2020-04-30,Daily ICU occupancy,128,Austria
2020-05-01,Daily ICU occupancy,124,Austria
2020-05-02,Daily ICU occupancy,114,Austria
2020-05-03,Daily ICU occupancy,114,Austria
2020-05-04,Daily ICU occupancy,111,Austria
2020-05-05,Daily ICU occupancy,104,Austria
2020-05-06,Daily ICU occupancy,97,Austria
2020-05-07,Daily ICU occupancy,92,Austria
2020-05-08,Daily ICU occupancy,81,Austria
2020-05-09,Daily ICU occupancy,79,Austria
2020-05-10,Daily ICU occupancy,72,Austria
2020-05-11,Daily ICU occupancy,68,Austria
2020-05-12,Daily ICU occupancy,59,Austria
2020-05-13,Daily ICU occupancy,55,Austria
2020-05-14,Daily ICU occupancy,54,Austria
2020-05-15,Daily ICU occupancy,47,Austria
2020-05-16,Daily ICU occupancy,50,Austria
2020-05-17,Daily ICU occupancy,48,Austria
2020-05-18,Daily ICU occupancy,45,Austria
2020-05-19,Daily ICU occupancy,39,Austria
2020-05-20,Daily ICU occupancy,37,Austria
2020-05-21,Daily ICU occupancy,32,Austria
2020-05-22,Daily ICU occupancy,31,Austria
2020-05-23,Daily ICU occupancy,28,Austria
2020-05-24,Daily ICU occupancy,29,Austria
2020-05-25,Daily ICU occupancy,31,Austria
2020-05-26,Daily ICU occupancy,32,Austria
2020-05-27,Daily ICU occupancy,32,Austria
2020-05-28,Daily ICU occupancy,30,Austria
2020-05-29,Daily ICU occupancy,25,Austria
2020-05-30,Daily ICU occupancy,23,Austria
2020-05-31,Daily ICU occupancy,27,Austria
2020-06-01,Daily ICU occupancy,29,Austria
2020-06-02,Daily ICU occupancy,26,Austria
2020-06-03,Daily ICU occupancy,21,Austria
2020-06-04,Daily ICU occupancy,22,Austria
2020-06-05,Daily ICU occupancy,20,Austria
2020-06-06,Daily ICU occupancy,17,Austria
2020-06-07,Daily ICU occupancy,17,Austria
2020-06-08,Daily ICU occupancy,17,Austria
2020-06-09,Daily ICU occupancy,19,Austria
2020-06-10,Daily ICU occupancy,17,Austria
2020-06-11,Daily ICU occupancy,14,Austria
2020-06-12,Daily ICU occupancy,9,Austria
2020-06-13,Daily ICU occupancy,10,Austria
2020-06-14,Daily ICU occupancy,12,Austria
2020-06-15,Daily ICU occupancy,15,Austria
2020-06-16,Daily ICU occupancy,12,Austria
2020-06-17,Daily ICU occupancy,11,Austria
2020-06-18,Daily ICU occupancy,8,Austria
2020-06-19,Daily ICU occupancy,7,Austria
2020-06-20,Daily ICU occupancy,8,Austria
2020-06-21,Daily ICU occupancy,8,Austria
2020-06-22,Daily ICU occupancy,10,Austria
2020-06-23,Daily ICU occupancy,11,Austria
2020-06-24,Daily ICU occupancy,11,Austria
2020-06-25,Daily ICU occupancy,11,Austria
2020-06-26,Daily ICU occupancy,10,Austria
2020-06-27,Daily ICU occupancy,10,Austria
2020-06-28,Daily ICU occupancy,9,Austria
2020-06-29,Daily ICU occupancy,8,Austria
2020-06-30,Daily ICU occupancy,6,Austria
2020-07-01,Daily ICU occupancy,9,Austria
2020-07-02,Daily ICU occupancy,7,Austria
2020-07-03,Daily ICU occupancy,7,Austria
2020-07-04,Daily ICU occupancy,8,Austria
2020-07-05,Daily ICU occupancy,10,Austria
2020-07-06,Daily ICU occupancy,11,Austria
2020-07-07,Daily ICU occupancy,10,Austria
2020-07-08,Daily ICU occupancy,11,Austria
2020-07-09,Daily ICU occupancy,12,Austria
2020-07-10,Daily ICU occupancy,9,Austria
2020-07-11,Daily ICU occupancy,9,Austria
2020-07-12,Daily ICU occupancy,10,Austria
2020-07-13,Daily ICU occupancy,8,Austria
2020-07-14,Daily ICU occupancy,9,Austria
2020-07-15,Daily ICU occupancy,10,Austria
2020-07-16,Daily ICU occupancy,11,Austria
2020-07-17,Daily ICU occupancy,11,Austria
2020-07-18,Daily ICU occupancy,11,Austria
2020-07-19,Daily ICU occupancy,14,Austria
2020-07-20,Daily ICU occupancy,16,Austria
2020-07-21,Daily ICU occupancy,18,Austria
2020-07-22,Daily ICU occupancy,18,Austria
2020-07-23,Daily ICU occupancy,15,Austria
2020-07-24,Daily ICU occupancy,17,Austria
2020-07-25,Daily ICU occupancy,16,Austria
2020-07-26,Daily ICU occupancy,15,Austria
2020-07-27,Daily ICU occupancy,16,Austria
2020-07-28,Daily ICU occupancy,15,Austria
2020-07-29,Daily ICU occupancy,20,Austria
2020-07-30,Daily ICU occupancy,18,Austria
2020-07-31,Daily ICU occupancy,16,Austria
2020-08-01,Daily ICU occupancy,19,Austria
2020-08-02,Daily ICU occupancy,20,Austria
2020-08-03,Daily ICU occupancy,21,Austria
2020-08-04,Daily ICU occupancy,23,Austria
2020-08-05,Daily ICU occupancy,25,Austria
2020-08-06,Daily ICU occupancy,25,Austria
2020-08-07,Daily ICU occupancy,25,Austria
2020-08-08,Daily ICU occupancy,24,Austria
2020-08-09,Daily ICU occupancy,22,Austria
2020-08-10,Daily ICU occupancy,24,Austria
2020-08-11,Daily ICU occupancy,25,Austria
2020-08-12,Daily ICU occupancy,25,Austria
2020-08-13,Daily ICU occupancy,22,Austria
2020-08-14,Daily ICU occupancy,19,Austria
2020-08-15,Daily ICU occupancy,21,Austria
2020-08-16,Daily ICU occupancy,19,Austria
2020-08-17,Daily ICU occupancy,23,Austria
2020-08-18,Daily ICU occupancy,19,Austria
2020-08-19,Daily ICU occupancy,20,Austria
2020-08-20,Daily ICU occupancy,21,Austria
2020-08-21,Daily ICU occupancy,22,Austria
2020-08-22,Daily ICU occupancy,22,Austria
2020-08-23,Daily ICU occupancy,23,Austria
2020-08-24,Daily ICU occupancy,23,Austria
2020-08-25,Daily ICU occupancy,23,Austria
2020-08-26,Daily ICU occupancy,23,Austria
2020-08-27,Daily ICU occupancy,24,Austria
2020-08-28,Daily ICU occupancy,27,Austria
2020-08-29,Daily ICU occupancy,30,Austria
2020-08-30,Daily ICU occupancy,30,Austria
2020-08-31,Daily ICU occupancy,31,Austria
2020-09-01,Daily ICU occupancy,30,Austria
2020-09-02,Daily ICU occupancy,30,Austria
2020-09-03,Daily ICU occupancy,29,Austria
2020-09-04,Daily ICU occupancy,28,Austria
2020-09-05,Daily ICU occupancy,28,Austria
2020-09-06,Daily ICU occupancy,28,Austria
2020-09-07,Daily ICU occupancy,29,Austria
2020-09-08,Daily ICU occupancy,28,Austria
2020-09-09,Daily ICU occupancy,36,Austria
2020-09-10,Daily ICU occupancy,39,Austria
2020-09-11,Daily ICU occupancy,41,Austria
2020-09-12,Daily ICU occupancy,42,Austria
2020-09-13,Daily ICU occupancy,44,Austria
2020-09-14,Daily ICU occupancy,47,Austria
2020-09-15,Daily ICU occupancy,49,Austria
2020-09-16,Daily ICU occupancy,54,Austria
2020-09-17,Daily ICU occupancy,55,Austria
2020-09-18,Daily ICU occupancy,62,Austria
2020-09-19,Daily ICU occupancy,84,Austria
2020-09-20,Daily ICU occupancy,68,Austria
2020-09-21,Daily ICU occupancy,67,Austria
2020-09-22,Daily ICU occupancy,75,Austria
2020-09-23,Daily ICU occupancy,77,Austria
2020-09-24,Daily ICU occupancy,78,Austria
2020-09-25,Daily ICU occupancy,78,Austria
2020-09-26,Daily ICU occupancy,80,Austria
2020-09-27,Daily ICU occupancy,84,Austria
2020-09-28,Daily ICU occupancy,88,Austria
2020-09-29,Daily ICU occupancy,90,Austria
2020-09-30,Daily ICU occupancy,90,Austria
2020-10-01,Daily ICU occupancy,98,Austria
2020-10-02,Daily ICU occupancy,100,Austria
2020-10-03,Daily ICU occupancy,97,Austria
2020-10-04,Daily ICU occupancy,103,Austria
2020-10-05,Daily ICU occupancy,101,Austria
2020-10-06,Daily ICU occupancy,101,Austria
2020-10-07,Daily ICU occupancy,100,Austria
2020-10-08,Daily ICU occupancy,107,Austria
2020-10-09,Daily ICU occupancy,103,Austria
2020-10-10,Daily ICU occupancy,99,Austria
2020-10-11,Daily ICU occupancy,96,Austria
2020-10-12,Daily ICU occupancy,97,Austria
2020-10-13,Daily ICU occupancy,107,Austria
2020-10-14,Daily ICU occupancy,112,Austria
2020-10-15,Daily ICU occupancy,119,Austria
2020-10-16,Daily ICU occupancy,122,Austria
2020-10-17,Daily ICU occupancy,130,Austria
2020-10-18,Daily ICU occupancy,135,Austria
2020-10-19,Daily ICU occupancy,145,Austria
2020-10-20,Daily ICU occupancy,145,Austria
2020-10-21,Daily ICU occupancy,147,Austria
2020-10-22,Daily ICU occupancy,161,Austria
2020-10-23,Daily ICU occupancy,158,Austria
2020-10-24,Daily ICU occupancy,175,Austria
2020-10-25,Daily ICU occupancy,174,Austria
2020-10-26,Daily ICU occupancy,188,Austria
2020-10-27,Daily ICU occupancy,203,Austria
2020-10-28,Daily ICU occupancy,224,Austria
2020-10-29,Daily ICU occupancy,248,Austria
2020-10-30,Daily ICU occupancy,263,Austria
2020-10-31,Daily ICU occupancy,265,Austria
2020-11-01,Daily ICU occupancy,291,Austria
2020-11-02,Daily ICU occupancy,336,Austria
2020-11-03,Daily ICU occupancy,366,Austria
2020-11-04,Daily ICU occupancy,383,Austria
2020-11-05,Daily ICU occupancy,407,Austria
2020-11-06,Daily ICU occupancy,431,Austria
2020-11-07,Daily ICU occupancy,432,Austria
2020-11-08,Daily ICU occupancy,459,Austria
2020-11-09,Daily ICU occupancy,473,Austria
2020-11-10,Daily ICU occupancy,495,Austria
2020-11-11,Daily ICU occupancy,536,Austria
2020-11-12,Daily ICU occupancy,546,Austria
2020-11-13,Daily ICU occupancy,567,Austria
2020-11-14,Daily ICU occupancy,581,Austria
2020-11-15,Daily ICU occupancy,599,Austria
2020-11-16,Daily ICU occupancy,612,Austria
2020-11-17,Daily ICU occupancy,658,Austria
2020-11-18,Daily ICU occupancy,682,Austria
2020-11-19,Daily ICU occupancy,683,Austria
2020-11-20,Daily ICU occupancy,687,Austria
2020-11-21,Daily ICU occupancy,697,Austria
2020-11-22,Daily ICU occupancy,683,Austria
2020-11-23,Daily ICU occupancy,685,Austria
2020-11-24,Daily ICU occupancy,704,Austria
2020-11-25,Daily ICU occupancy,709,Austria
2020-11-26,Daily ICU occupancy,705,Austria
2020-11-27,Daily ICU occupancy,703,Austria
2020-11-28,Daily ICU occupancy,688,Austria
2020-11-29,Daily ICU occupancy,691,Austria
2020-11-30,Daily ICU occupancy,701,Austria
2020-12-01,Daily ICU occupancy,691,Austria
2020-12-02,Daily ICU occupancy,674,Austria
2020-12-03,Daily ICU occupancy,668,Austria
2020-12-04,Daily ICU occupancy,642,Austria
2020-12-05,Daily ICU occupancy,646,Austria
2020-12-06,Daily ICU occupancy,632,Austria
2020-12-07,Daily ICU occupancy,616,Austria
2020-12-08,Daily ICU occupancy,609,Austria
2020-12-09,Daily ICU occupancy,610,Austria
2020-12-10,Daily ICU occupancy,585,Austria
2020-12-11,Daily ICU occupancy,572,Austria
2020-12-12,Daily ICU occupancy,591,Austria
2020-12-13,Daily ICU occupancy,577,Austria
2020-12-14,Daily ICU occupancy,594,Austria
2020-12-15,Daily ICU occupancy,573,Austria
2020-12-16,Daily ICU occupancy,548,Austria
2020-12-17,Daily ICU occupancy,530,Austria
2020-12-18,Daily ICU occupancy,495,Austria
2020-12-19,Daily ICU occupancy,489,Austria
2020-12-20,Daily ICU occupancy,475,Austria
2020-12-21,Daily ICU occupancy,478,Austria
2020-12-22,Daily ICU occupancy,487,Austria
2020-12-23,Daily ICU occupancy,472,Austria
2020-12-24,Daily ICU occupancy,445,Austria
2020-12-25,Daily ICU occupancy,409,Austria
2020-12-26,Daily ICU occupancy,431,Austria
2020-12-27,Daily ICU occupancy,414,Austria
2020-12-28,Daily ICU occupancy,421,Austria
2020-12-29,Daily ICU occupancy,411,Austria
2020-12-30,Daily ICU occupancy,395,Austria
2020-12-31,Daily ICU occupancy,396,Austria
2021-01-01,Daily ICU occupancy,385,Austria
2021-01-02,Daily ICU occupancy,385,Austria
2021-01-03,Daily ICU occupancy,363,Austria
2021-01-04,Daily ICU occupancy,368,Austria
2021-01-05,Daily ICU occupancy,371,Austria
2021-01-06,Daily ICU occupancy,361,Austria
2021-01-07,Daily ICU occupancy,373,Austria
2021-01-08,Daily ICU occupancy,371,Austria
2021-01-09,Daily ICU occupancy,369,Austria
2021-01-10,Daily ICU occupancy,372,Austria
2021-01-11,Daily ICU occupancy,379,Austria
2021-01-12,Daily ICU occupancy,378,Austria
2021-01-13,Daily ICU occupancy,354,Austria
2021-01-14,Daily ICU occupancy,361,Austria
2021-01-15,Daily ICU occupancy,337,Austria
2021-01-16,Daily ICU occupancy,342,Austria
2021-01-17,Daily ICU occupancy,328,Austria
2021-01-18,Daily ICU occupancy,334,Austria
2021-01-19,Daily ICU occupancy,332,Austria
2021-01-20,Daily ICU occupancy,323,Austria
2021-01-21,Daily ICU occupancy,340,Austria
2021-01-22,Daily ICU occupancy,331,Austria
2021-01-23,Daily ICU occupancy,323,Austria
2021-01-24,Daily ICU occupancy,323,Austria
2021-01-25,Daily ICU occupancy,321,Austria
2021-01-26,Daily ICU occupancy,313,Austria
2021-01-27,Daily ICU occupancy,304,Austria
2021-01-28,Daily ICU occupancy,304,Austria
2021-01-29,Daily ICU occupancy,295,Austria
2021-01-30,Daily ICU occupancy,297,Austria
2021-01-31,Daily ICU occupancy,297,Austria
2021-02-01,Daily ICU occupancy,294,Austria
2021-02-02,Daily ICU occupancy,300,Austria
2021-02-03,Daily ICU occupancy,303,Austria
2021-02-04,Daily ICU occupancy,298,Austria
2021-02-05,Daily ICU occupancy,300,Austria
2021-02-06,Daily ICU occupancy,300,Austria
2021-02-07,Daily ICU occupancy,285,Austria
2021-02-08,Daily ICU occupancy,281,Austria
2021-02-09,Daily ICU occupancy,279,Austria
2021-02-10,Daily ICU occupancy,265,Austria
2021-02-11,Daily ICU occupancy,265,Austria
2021-02-12,Daily ICU occupancy,263,Austria
2021-02-13,Daily ICU occupancy,267,Austria
2021-02-14,Daily ICU occupancy,255,Austria
2021-02-15,Daily ICU occupancy,258,Austria
2021-02-16,Daily ICU occupancy,264,Austria
2021-02-17,Daily ICU occupancy,262,Austria
2021-02-18,Daily ICU occupancy,264,Austria
2021-02-19,Daily ICU occupancy,261,Austria
2021-02-20,Daily ICU occupancy,261,Austria
2021-02-21,Daily ICU occupancy,254,Austria
2021-02-22,Daily ICU occupancy,252,Austria
2021-02-23,Daily ICU occupancy,273,Austria
2021-02-24,Daily ICU occupancy,255,Austria
2021-02-25,Daily ICU occupancy,248,Austria
2021-02-26,Daily ICU occupancy,260,Austria
2021-02-27,Daily ICU occupancy,260,Austria
2021-02-28,Daily ICU occupancy,283,Austria
2021-03-01,Daily ICU occupancy,296,Austria
2021-03-02,Daily ICU occupancy,301,Austria
2021-03-03,Daily ICU occupancy,313,Austria
2021-03-04,Daily ICU occupancy,302,Austria
2021-03-05,Daily ICU occupancy,325,Austria
2021-03-06,Daily ICU occupancy,316,Austria
2021-03-07,Daily ICU occupancy,317,Austria
2021-03-08,Daily ICU occupancy,333,Austria
2021-03-09,Daily ICU occupancy,329,Austria
2021-03-10,Daily ICU occupancy,324,Austria
2021-03-11,Daily ICU occupancy,342,Austria
2021-03-12,Daily ICU occupancy,346,Austria
2021-03-13,Daily ICU occupancy,356,Austria
2021-03-14,Daily ICU occupancy,352,Austria
2021-03-15,Daily ICU occupancy,373,Austria
2021-03-16,Daily ICU occupancy,395,Austria
2021-03-17,Daily ICU occupancy,396,Austria
2021-03-18,Daily ICU occupancy,388,Austria
2021-03-19,Daily ICU occupancy,400,Austria
2021-03-20,Daily ICU occupancy,393,Austria
2021-03-21,Daily ICU occupancy,416,Austria
2021-03-22,Daily ICU occupancy,436,Austria
2021-03-23,Daily ICU occupancy,438,Austria
2021-03-24,Daily ICU occupancy,450,Austria
2021-03-25,Daily ICU occupancy,455,Austria
2021-03-26,Daily ICU occupancy,471,Austria
2021-03-27,Daily ICU occupancy,508,Austria
2021-03-28,Daily ICU occupancy,518,Austria
2021-03-29,Daily ICU occupancy,537,Austria
2021-03-30,Daily ICU occupancy,538,Austria
2021-03-31,Daily ICU occupancy,531,Austria
2021-04-01,Daily ICU occupancy,534,Austria
2021-04-02,Daily ICU occupancy,537,Austria
2021-04-03,Daily ICU occupancy,533,Austria
2021-04-04,Daily ICU occupancy,562,Austria
2021-04-05,Daily ICU occupancy,570,Austria
2021-04-06,Daily ICU occupancy,583,Austria
2021-04-07,Daily ICU occupancy,583,Austria
2021-04-08,Daily ICU occupancy,579,Austria
2021-04-09,Daily ICU occupancy,582,Austria
2021-04-10,Daily ICU occupancy,584,Austria
2021-04-11,Daily ICU occupancy,599,Austria
2021-04-12,Daily ICU occupancy,615,Austria
2021-04-13,Daily ICU occupancy,596,Austria
2021-04-14,Daily ICU occupancy,589,Austria
2021-04-15,Daily ICU occupancy,571,Austria
2021-04-16,Daily ICU occupancy,560,Austria
2021-04-17,Daily ICU occupancy,549,Austria
2021-04-18,Daily ICU occupancy,546,Austria
2021-04-19,Daily ICU occupancy,568,Austria
2021-04-20,Daily ICU occupancy,561,Austria
2021-04-21,Daily ICU occupancy,551,Austria
2021-04-22,Daily ICU occupancy,521,Austria
2021-04-23,Daily ICU occupancy,518,Austria
2021-04-24,Daily ICU occupancy,508,Austria
2021-04-25,Daily ICU occupancy,521,Austria
2021-04-26,Daily ICU occupancy,520,Austria
2021-04-27,Daily ICU occupancy,521,Austria
2021-04-28,Daily ICU occupancy,519,Austria
2021-04-29,Daily ICU occupancy,489,Austria
2021-04-30,Daily ICU occupancy,506,Austria
2021-05-01,Daily ICU occupancy,482,Austria
2021-05-02,Daily ICU occupancy,476,Austria
2021-05-03,Daily ICU occupancy,485,Austria
2021-05-04,Daily ICU occupancy,463,Austria
2021-05-05,Daily ICU occupancy,440,Austria
2021-05-06,Daily ICU occupancy,431,Austria
2021-05-07,Daily ICU occupancy,422,Austria
2021-05-08,Daily ICU occupancy,406,Austria
2021-05-09,Daily ICU occupancy,409,Austria
2021-05-10,Daily ICU occupancy,385,Austria
2021-05-11,Daily ICU occupancy,358,Austria
2021-05-12,Daily ICU occupancy,337,Austria
2021-05-13,Daily ICU occupancy,316,Austria
2021-05-14,Daily ICU occupancy,322,Austria
2021-05-15,Daily ICU occupancy,315,Austria
2021-05-16,Daily ICU occupancy,285,Austria
2021-05-17,Daily ICU occupancy,290,Austria
2021-05-18,Daily ICU occupancy,278,Austria
2021-05-19,Daily ICU occupancy,266,Austria
2021-05-20,Daily ICU occupancy,249,Austria
2021-05-21,Daily ICU occupancy,234,Austria
2021-05-22,Daily ICU occupancy,237,Austria
2021-05-23,Daily ICU occupancy,237,Austria
2021-05-24,Daily ICU occupancy,224,Austria
2021-05-25,Daily ICU occupancy,220,Austria
2021-05-26,Daily ICU occupancy,198,Austria
2021-05-27,Daily ICU occupancy,192,Austria
2021-05-28,Daily ICU occupancy,171,Austria
2021-05-29,Daily ICU occupancy,163,Austria
2021-05-30,Daily ICU occupancy,149,Austria
2021-05-31,Daily ICU occupancy,152,Austria
2021-06-01,Daily ICU occupancy,147,Austria
2021-06-02,Daily ICU occupancy,136,Austria
2021-06-03,Daily ICU occupancy,128,Austria
2021-06-04,Daily ICU occupancy,115,Austria
2021-06-05,Daily ICU occupancy,150,Austria
2021-06-06,Daily ICU occupancy,144,Austria
2021-06-07,Daily ICU occupancy,146,Austria
2021-06-08,Daily ICU occupancy,127,Austria
2021-06-09,Daily ICU occupancy,122,Austria
2021-06-10,Daily ICU occupancy,113,Austria
2021-06-11,Daily ICU occupancy,97,Austria
2021-06-12,Daily ICU occupancy,99,Austria
2021-06-13,Daily ICU occupancy,99,Austria
2021-06-14,Daily ICU occupancy,98,Austria
2021-06-15,Daily ICU occupancy,94,Austria
2021-06-16,Daily ICU occupancy,92,Austria
2021-06-17,Daily ICU occupancy,86,Austria
2021-06-18,Daily ICU occupancy,84,Austria
2021-06-19,Daily ICU occupancy,83,Austria
2021-06-20,Daily ICU occupancy,84,Austria
2021-06-21,Daily ICU occupancy,80,Austria
2021-06-22,Daily ICU occupancy,73,Austria
2021-06-23,Daily ICU occupancy,70,Austria
2021-06-24,Daily ICU occupancy,71,Austria
2021-06-25,Daily ICU occupancy,68,Austria
2021-06-26,Daily ICU occupancy,73,Austria
2021-06-27,Daily ICU occupancy,63,Austria
2021-06-28,Daily ICU occupancy,61,Austria
2021-06-29,Daily ICU occupancy,56,Austria
2021-06-30,Daily ICU occupancy,60,Austria
2021-07-01,Daily ICU occupancy,53,Austria
2021-07-02,Daily ICU occupancy,49,Austria
2021-07-03,Daily ICU occupancy,46,Austria
2021-07-04,Daily ICU occupancy,46,Austria
2021-07-05,Daily ICU occupancy,45,Austria
2021-07-06,Daily ICU occupancy,46,Austria
2021-07-07,Daily ICU occupancy,46,Austria
2021-07-08,Daily ICU occupancy,42,Austria
2021-07-09,Daily ICU occupancy,42,Austria
2021-07-10,Daily ICU occupancy,42,Austria
2021-07-11,Daily ICU occupancy,37,Austria
2021-07-12,Daily ICU occupancy,35,Austria
2021-07-13,Daily ICU occupancy,37,Austria
2021-07-14,Daily ICU occupancy,32,Austria
2021-07-15,Daily ICU occupancy,35,Austria
2021-07-16,Daily ICU occupancy,37,Austria
2021-07-17,Daily ICU occupancy,35,Austria
2021-07-18,Daily ICU occupancy,31,Austria
2021-07-19,Daily ICU occupancy,33,Austria
2021-07-20,Daily ICU occupancy,40,Austria
2021-07-21,Daily ICU occupancy,30,Austria
2021-07-22,Daily ICU occupancy,26,Austria
2021-07-23,Daily ICU occupancy,26,Austria
2021-07-24,Daily ICU occupancy,27,Austria
2021-07-25,Daily ICU occupancy,26,Austria
2021-07-26,Daily ICU occupancy,32,Austria
2021-07-27,Daily ICU occupancy,41,Austria
2021-07-28,Daily ICU occupancy,38,Austria
2021-07-29,Daily ICU occupancy,40,Austria
2021-07-30,Daily ICU occupancy,37,Austria
2021-07-31,Daily ICU occupancy,33,Austria
2021-08-01,Daily ICU occupancy,30,Austria
2021-08-02,Daily ICU occupancy,31,Austria
2021-08-03,Daily ICU occupancy,35,Austria
2021-08-04,Daily ICU occupancy,31,Austria
2021-08-05,Daily ICU occupancy,38,Austria
2021-08-06,Daily ICU occupancy,34,Austria
2021-08-07,Daily ICU occupancy,41,Austria
2021-08-08,Daily ICU occupancy,44,Austria
2021-08-09,Daily ICU occupancy,40,Austria
2021-08-10,Daily ICU occupancy,46,Austria
2021-08-11,Daily ICU occupancy,48,Austria
2021-08-12,Daily ICU occupancy,49,Austria
2021-08-13,Daily ICU occupancy,49,Austria
2021-08-14,Daily ICU occupancy,53,Austria
2021-08-15,Daily ICU occupancy,58,Austria
2021-08-16,Daily ICU occupancy,64,Austria
2021-08-17,Daily ICU occupancy,60,Austria
2021-08-18,Daily ICU occupancy,62,Austria
2021-08-19,Daily ICU occupancy,68,Austria
2021-08-20,Daily ICU occupancy,69,Austria
2021-08-21,Daily ICU occupancy,71,Austria
2021-08-22,Daily ICU occupancy,73,Austria
2021-08-23,Daily ICU occupancy,74,Austria
2021-08-24,Daily ICU occupancy,86,Austria
2021-08-25,Daily ICU occupancy,88,Austria
2021-08-26,Daily ICU occupancy,94,Austria
2021-08-27,Daily ICU occupancy,105,Austria
2021-08-28,Daily ICU occupancy,110,Austria
2021-08-29,Daily ICU occupancy,113,Austria
2021-08-30,Daily ICU occupancy,124,Austria
2021-08-31,Daily ICU occupancy,133,Austria
2021-09-01,Daily ICU occupancy,141,Austria
2021-09-02,Daily ICU occupancy,143,Austria
2021-09-03,Daily ICU occupancy,153,Austria
2021-09-04,Daily ICU occupancy,154,Austria
2021-09-05,Daily ICU occupancy,157,Austria
2021-09-06,Daily ICU occupancy,171,Austria
2021-09-07,Daily ICU occupancy,172,Austria
2021-09-08,Daily ICU occupancy,188,Austria
2021-09-09,Daily ICU occupancy,186,Austria
2021-09-10,Daily ICU occupancy,181,Austria
2021-09-11,Daily ICU occupancy,173,Austria
2021-09-12,Daily ICU occupancy,182,Austria
2021-09-13,Daily ICU occupancy,189,Austria
2021-09-14,Daily ICU occupancy,201,Austria
2021-09-15,Daily ICU occupancy,196,Austria
2021-09-16,Daily ICU occupancy,202,Austria
2021-09-17,Daily ICU occupancy,207,Austria
2021-09-18,Daily ICU occupancy,213,Austria
2021-09-19,Daily ICU occupancy,217,Austria
2021-09-20,Daily ICU occupancy,220,Austria
2021-09-21,Daily ICU occupancy,216,Austria
2021-09-22,Daily ICU occupancy,218,Austria
2021-09-23,Daily ICU occupancy,219,Austria
2021-09-24,Daily ICU occupancy,225,Austria
2021-09-25,Daily ICU occupancy,225,Austria
2021-09-26,Daily ICU occupancy,225,Austria
2021-09-27,Daily ICU occupancy,245,Austria
2021-09-28,Daily ICU occupancy,239,Austria
2021-09-29,Daily ICU occupancy,222,Austria
2021-09-30,Daily ICU occupancy,222,Austria
2021-10-01,Daily ICU occupancy,220,Austria
2021-10-02,Daily ICU occupancy,221,Austria
2021-10-03,Daily ICU occupancy,223,Austria
2021-10-04,Daily ICU occupancy,222,Austria
2021-10-05,Daily ICU occupancy,233,Austria
2021-10-06,Daily ICU occupancy,221,Austria
2021-10-07,Daily ICU occupancy,221,Austria
2021-10-08,Daily ICU occupancy,221,Austria
2021-10-09,Daily ICU occupancy,218,Austria
2021-10-10,Daily ICU occupancy,221,Austria
2021-10-11,Daily ICU occupancy,212,Austria
2021-10-12,Daily ICU occupancy,218,Austria
2021-10-13,Daily ICU occupancy,218,Austria
2021-10-14,Daily ICU occupancy,217,Austria
2021-10-15,Daily ICU occupancy,219,Austria
2021-10-16,Daily ICU occupancy,218,Austria
2021-10-17,Daily ICU occupancy,220,Austria
2021-10-18,Daily ICU occupancy,220,Austria
2021-10-19,Daily ICU occupancy,217,Austria
2021-10-20,Daily ICU occupancy,218,Austria
2021-10-21,Daily ICU occupancy,220,Austria
2021-10-22,Daily ICU occupancy,220,Austria
2021-10-23,Daily ICU occupancy,229,Austria
2021-10-24,Daily ICU occupancy,226,Austria
2021-10-25,Daily ICU occupancy,240,Austria
2021-10-26,Daily ICU occupancy,253,Austria
2021-10-27,Daily ICU occupancy,256,Austria
2021-10-28,Daily ICU occupancy,264,Austria
2021-10-29,Daily ICU occupancy,279,Austria
2021-10-30,Daily ICU occupancy,283,Austria
2021-10-31,Daily ICU occupancy,293,Austria
2021-11-01,Daily ICU occupancy,308,Austria
2021-11-02,Daily ICU occupancy,329,Austria
2021-11-03,Daily ICU occupancy,344,Austria
2021-11-04,Daily ICU occupancy,362,Austria
2021-11-05,Daily ICU occupancy,366,Austria
2021-11-06,Daily ICU occupancy,354,Austria
2021-11-07,Daily ICU occupancy,367,Austria
2021-11-08,Daily ICU occupancy,382,Austria
2021-11-09,Daily ICU occupancy,408,Austria
2021-11-10,Daily ICU occupancy,420,Austria
2021-11-11,Daily ICU occupancy,437,Austria
2021-11-12,Daily ICU occupancy,428,Austria
2021-11-13,Daily ICU occupancy,417,Austria
2021-11-14,Daily ICU occupancy,433,Austria
2021-11-15,Daily ICU occupancy,456,Austria
2021-11-16,Daily ICU occupancy,466,Austria
2021-11-17,Daily ICU occupancy,486,Austria
2021-11-18,Daily ICU occupancy,508,Austria
2021-11-19,Daily ICU occupancy,514,Austria
2021-11-20,Daily ICU occupancy,525,Austria
2021-11-21,Daily ICU occupancy,533,Austria
2021-11-22,Daily ICU occupancy,572,Austria
2021-11-23,Daily ICU occupancy,583,Austria
2021-11-24,Daily ICU occupancy,596,Austria
2021-11-25,Daily ICU occupancy,615,Austria
2021-11-26,Daily ICU occupancy,612,Austria
2021-11-27,Daily ICU occupancy,615,Austria
2021-11-28,Daily ICU occupancy,623,Austria
2021-11-29,Daily ICU occupancy,630,Austria
2021-11-30,Daily ICU occupancy,646,Austria
2021-12-01,Daily ICU occupancy,651,Austria
2021-12-02,Daily ICU occupancy,640,Austria
2021-12-03,Daily ICU occupancy,642,Austria
2021-12-04,Daily ICU occupancy,652,Austria
2021-12-05,Daily ICU occupancy,654,Austria
2021-12-06,Daily ICU occupancy,664,Austria
2021-12-07,Daily ICU occupancy,658,Austria
2021-12-08,Daily ICU occupancy,632,Austria
2021-12-09,Daily ICU occupancy,620,Austria
2021-12-10,Daily ICU occupancy,588,Austria
2021-12-11,Daily ICU occupancy,567,Austria
2021-12-12,Daily ICU occupancy,561,Austria
2021-12-13,Daily ICU occupancy,580,Austria
2021-12-14,Daily ICU occupancy,557,Austria
2021-12-15,Daily ICU occupancy,556,Austria
2021-12-16,Daily ICU occupancy,533,Austria
2021-12-17,Daily ICU occupancy,505,Austria
2021-12-18,Daily ICU occupancy,480,Austria
2021-12-19,Daily ICU occupancy,475,Austria
2021-12-20,Daily ICU occupancy,483,Austria
2021-12-21,Daily ICU occupancy,470,Austria
2021-12-22,Daily ICU occupancy,451,Austria
2021-12-23,Daily ICU occupancy,426,Austria
2021-12-24,Daily ICU occupancy,400,Austria
2021-12-25,Daily ICU occupancy,394,Austria
2021-12-26,Daily ICU occupancy,384,Austria
2021-12-27,Daily ICU occupancy,383,Austria
2021-12-28,Daily ICU occupancy,361,Austria
2021-12-29,Daily ICU occupancy,349,Austria
2021-12-30,Daily ICU occupancy,343,Austria
2021-12-31,Daily ICU occupancy,328,Austria
2022-01-01,Daily ICU occupancy,322,Austria
2022-01-02,Daily ICU occupancy,323,Austria
2022-01-03,Daily ICU occupancy,321,Austria
2022-01-04,Daily ICU occupancy,317,Austria
2022-01-05,Daily ICU occupancy,302,Austria
2022-01-06,Daily ICU occupancy,289,Austria
2022-01-07,Daily ICU occupancy,273,Austria
2022-01-08,Daily ICU occupancy,268,Austria
2022-01-09,Daily ICU occupancy,264,Austria
2022-01-10,Daily ICU occupancy,260,Austria
2022-01-11,Daily ICU occupancy,255,Austria
2022-01-12,Daily ICU occupancy,241,Austria
2022-01-13,Daily ICU occupancy,236,Austria
2022-01-14,Daily ICU occupancy,220,Austria
2022-01-15,Daily ICU occupancy,216,Austria
2022-01-16,Daily ICU occupancy,212,Austria
2022-01-17,Daily ICU occupancy,211,Austria
2022-01-18,Daily ICU occupancy,194,Austria
2022-01-19,Daily ICU occupancy,193,Austria
2022-01-20,Daily ICU occupancy,196,Austria
2022-01-21,Daily ICU occupancy,198,Austria
2022-01-22,Daily ICU occupancy,193,Austria
2022-01-23,Daily ICU occupancy,190,Austria
2022-01-24,Daily ICU occupancy,194,Austria
2022-01-25,Daily ICU occupancy,190,Austria
2022-01-26,Daily ICU occupancy,190,Austria
2022-01-27,Daily ICU occupancy,172,Austria
2022-01-28,Daily ICU occupancy,176,Austria
2022-01-29,Daily ICU occupancy,177,Austria
2022-01-30,Daily ICU occupancy,176,Austria
2022-01-31,Daily ICU occupancy,175,Austria
2022-02-01,Daily ICU occupancy,184,Austria
2022-02-02,Daily ICU occupancy,184,Austria
2022-02-03,Daily ICU occupancy,190,Austria
2022-02-04,Daily ICU occupancy,195,Austria
2022-02-05,Daily ICU occupancy,197,Austria
2022-02-06,Daily ICU occupancy,205,Austria
2022-02-07,Daily ICU occupancy,196,Austria
2022-02-08,Daily ICU occupancy,194,Austria
2022-02-09,Daily ICU occupancy,187,Austria
2022-02-10,Daily ICU occupancy,189,Austria
2022-02-11,Daily ICU occupancy,186,Austria
2022-02-12,Daily ICU occupancy,190,Austria
2022-02-13,Daily ICU occupancy,199,Austria
2022-02-14,Daily ICU occupancy,199,Austria
2022-02-15,Daily ICU occupancy,205,Austria
2022-02-16,Daily ICU occupancy,197,Austria
2022-02-17,Daily ICU occupancy,199,Austria
2022-02-18,Daily ICU occupancy,187,Austria
2022-02-19,Daily ICU occupancy,186,Austria
2022-02-20,Daily ICU occupancy,188,Austria
2022-02-21,Daily ICU occupancy,188,Austria
2022-02-22,Daily ICU occupancy,197,Austria
2022-02-23,Daily ICU occupancy,190,Austria
2022-02-24,Daily ICU occupancy,200,Austria
2022-02-25,Daily ICU occupancy,200,Austria
2022-02-26,Daily ICU occupancy,193,Austria
2022-02-27,Daily ICU occupancy,199,Austria
2022-02-28,Daily ICU occupancy,187,Austria
2022-03-01,Daily ICU occupancy,190,Austria
2022-03-02,Daily ICU occupancy,188,Austria
2022-03-03,Daily ICU occupancy,192,Austria
2022-03-04,Daily ICU occupancy,195,Austria
2022-03-05,Daily ICU occupancy,198,Austria
2022-03-06,Daily ICU occupancy,199,Austria
2022-03-07,Daily ICU occupancy,190,Austria
