entity,indicator,date,value
Slovakia,Daily hospital occupancy,2020-03-06,1.0
Slovakia,Daily hospital occupancy,2020-03-07,2.0
Slovakia,Daily hospital occupancy,2020-03-08,5.0
Slovakia,Daily hospital occupancy,2020-03-09,5.0
Slovakia,Daily hospital occupancy,2020-03-10,7.0
Slovakia,Daily hospital occupancy,2020-03-11,7.0
Slovakia,Daily hospital occupancy,2020-03-12,8.0
Slovakia,Daily hospital occupancy,2020-03-13,11.0
Slovakia,Daily hospital occupancy,2020-03-14,14.0
Slovakia,Daily hospital occupancy,2020-03-15,21.0
Slovakia,Daily hospital occupancy,2020-03-16,26.0
Slovakia,Daily hospital occupancy,2020-03-17,25.0
Slovakia,Daily hospital occupancy,2020-03-18,26.0
Slovakia,Daily hospital occupancy,2020-03-19,26.0
Slovakia,Daily hospital occupancy,2020-03-20,27.0
Slovakia,Daily hospital occupancy,2020-03-21,29.0
Slovakia,Daily hospital occupancy,2020-03-22,36.0
Slovakia,Daily hospital occupancy,2020-03-23,31.0
Slovakia,Daily hospital occupancy,2020-03-24,28.0
Slovakia,Daily hospital occupancy,2020-03-25,27.0
Slovakia,Daily hospital occupancy,2020-03-26,26.0
Slovakia,Daily hospital occupancy,2020-03-27,33.0
Slovakia,Daily hospital occupancy,2020-03-28,34.0
Slovakia,Daily hospital occupancy,2020-03-29,35.0
Slovakia,Daily hospital occupancy,2020-03-30,33.0
Slovakia,Daily hospital occupancy,2020-03-31,31.0
Slovakia,Daily hospital occupancy,2020-04-01,34.0
Slovakia,Daily hospital occupancy,2020-04-02,39.0
Slovakia,Daily hospital occupancy,2020-04-03,35.0
Slovakia,Daily hospital occupancy,2020-04-04,38.0
Slovakia,Daily hospital occupancy,2020-04-05,37.0
Slovakia,Daily hospital occupancy,2020-04-06,38.0
Slovakia,Daily hospital occupancy,2020-04-07,43.0
Slovakia,Daily hospital occupancy,2020-04-08,6.0
Slovakia,Daily hospital occupancy,2020-04-09,44.0
Slovakia,Daily hospital occupancy,2020-04-10,47.0
Slovakia,Daily hospital occupancy,2020-04-11,50.0
Slovakia,Daily hospital occupancy,2020-04-12,52.0
Slovakia,Daily hospital occupancy,2020-04-13,58.0
Slovakia,Daily hospital occupancy,2020-04-14,60.0
Slovakia,Daily hospital occupancy,2020-04-15,62.0
Slovakia,Daily hospital occupancy,2020-04-16,65.0
Slovakia,Daily hospital occupancy,2020-04-17,65.0
Slovakia,Daily hospital occupancy,2020-04-18,3.0
Slovakia,Daily hospital occupancy,2020-04-19,67.0
Slovakia,Daily hospital occupancy,2020-04-20,60.0
Slovakia,Daily hospital occupancy,2020-04-21,58.0
Slovakia,Daily hospital occupancy,2020-04-22,55.0
Slovakia,Daily hospital occupancy,2020-04-23,60.0
Slovakia,Daily hospital occupancy,2020-04-24,54.0
Slovakia,Daily hospital occupancy,2020-04-25,51.0
Slovakia,Daily hospital occupancy,2020-04-26,52.0
Slovakia,Daily hospital occupancy,2020-04-27,50.0
Slovakia,Daily hospital occupancy,2020-04-28,43.0
Slovakia,Daily hospital occupancy,2020-04-29,42.0
Slovakia,Daily hospital occupancy,2020-04-30,38.0
Slovakia,Daily hospital occupancy,2020-05-01,36.0
Slovakia,Daily hospital occupancy,2020-05-02,37.0
Slovakia,Daily hospital occupancy,2020-05-03,35.0
Slovakia,Daily hospital occupancy,2020-05-04,31.0
Slovakia,Daily hospital occupancy,2020-05-05,29.0
Slovakia,Daily hospital occupancy,2020-05-06,24.0
Slovakia,Daily hospital occupancy,2020-05-07,3.0
Slovakia,Daily hospital occupancy,2020-05-08,21.0
Slovakia,Daily hospital occupancy,2020-05-09,21.0
Slovakia,Daily hospital occupancy,2020-05-10,21.0
Slovakia,Daily hospital occupancy,2020-05-11,19.0
Slovakia,Daily hospital occupancy,2020-05-12,17.0
Slovakia,Daily hospital occupancy,2020-05-13,16.0
Slovakia,Daily hospital occupancy,2020-05-14,17.0
Slovakia,Daily hospital occupancy,2020-05-15,15.0
Slovakia,Daily hospital occupancy,2020-05-16,16.0
Slovakia,Daily hospital occupancy,2020-05-17,17.0
Slovakia,Daily hospital occupancy,2020-05-18,15.0
Slovakia,Daily hospital occupancy,2020-05-19,14.0
Slovakia,Daily hospital occupancy,2020-05-20,13.0
Slovakia,Daily hospital occupancy,2020-05-21,12.0
Slovakia,Daily hospital occupancy,2020-05-22,11.0
Slovakia,Daily hospital occupancy,2020-05-23,11.0
Slovakia,Daily hospital occupancy,2020-05-24,11.0
Slovakia,Daily hospital occupancy,2020-05-25,8.0
Slovakia,Daily hospital occupancy,2020-05-26,8.0
Slovakia,Daily hospital occupancy,2020-05-27,7.0
Slovakia,Daily hospital occupancy,2020-05-28,6.0
Slovakia,Daily hospital occupancy,2020-05-29,5.0
Slovakia,Daily hospital occupancy,2020-05-30,5.0
Slovakia,Daily hospital occupancy,2020-05-31,5.0
Slovakia,Daily hospital occupancy,2020-06-01,4.0
Slovakia,Daily hospital occupancy,2020-06-02,4.0
Slovakia,Daily hospital occupancy,2020-06-03,4.0
Slovakia,Daily hospital occupancy,2020-06-04,4.0
Slovakia,Daily hospital occupancy,2020-06-05,3.0
Slovakia,Daily hospital occupancy,2020-06-06,3.0
Slovakia,Daily hospital occupancy,2020-06-07,3.0
Slovakia,Daily hospital occupancy,2020-06-08,37.0
Slovakia,Daily hospital occupancy,2020-06-09,28.0
Slovakia,Daily hospital occupancy,2020-06-10,28.0
Slovakia,Daily hospital occupancy,2020-06-11,2.0
Slovakia,Daily hospital occupancy,2020-06-12,2.0
Slovakia,Daily hospital occupancy,2020-06-13,2.0
Slovakia,Daily hospital occupancy,2020-06-14,2.0
Slovakia,Daily hospital occupancy,2020-06-15,2.0
Slovakia,Daily hospital occupancy,2020-06-16,1.0
Slovakia,Daily hospital occupancy,2020-06-17,1.0
Slovakia,Daily hospital occupancy,2020-06-18,3.0
Slovakia,Daily hospital occupancy,2020-06-19,2.0
Slovakia,Daily hospital occupancy,2020-06-20,1.0
Slovakia,Daily hospital occupancy,2020-06-21,2.0
Slovakia,Daily hospital occupancy,2020-06-22,3.0
Slovakia,Daily hospital occupancy,2020-06-23,4.0
Slovakia,Daily hospital occupancy,2020-06-24,5.0
Slovakia,Daily hospital occupancy,2020-06-25,5.0
Slovakia,Daily hospital occupancy,2020-06-26,6.0
Slovakia,Daily hospital occupancy,2020-06-27,4.0
Slovakia,Daily hospital occupancy,2020-06-28,4.0
Slovakia,Daily hospital occupancy,2020-06-29,3.0
Slovakia,Daily hospital occupancy,2020-06-30,3.0
Slovakia,Daily hospital occupancy,2020-07-01,4.0
Slovakia,Daily hospital occupancy,2020-07-02,5.0
Slovakia,Daily hospital occupancy,2020-07-03,6.0
Slovakia,Daily hospital occupancy,2020-07-04,7.0
Slovakia,Daily hospital occupancy,2020-07-05,7.0
Slovakia,Daily hospital occupancy,2020-07-06,9.0
Slovakia,Daily hospital occupancy,2020-07-07,9.0
Slovakia,Daily hospital occupancy,2020-07-08,12.0
Slovakia,Daily hospital occupancy,2020-07-09,13.0
Slovakia,Daily hospital occupancy,2020-07-10,13.0
Slovakia,Daily hospital occupancy,2020-07-11,13.0
Slovakia,Daily hospital occupancy,2020-07-12,14.0
Slovakia,Daily hospital occupancy,2020-07-13,15.0
Slovakia,Daily hospital occupancy,2020-07-14,14.0
Slovakia,Daily hospital occupancy,2020-07-15,15.0
Slovakia,Daily hospital occupancy,2020-07-16,15.0
Slovakia,Daily hospital occupancy,2020-07-17,14.0
Slovakia,Daily hospital occupancy,2020-07-18,14.0
Slovakia,Daily hospital occupancy,2020-07-19,15.0
Slovakia,Daily hospital occupancy,2020-07-20,15.0
Slovakia,Daily hospital occupancy,2020-07-21,17.0
Slovakia,Daily hospital occupancy,2020-07-22,17.0
Slovakia,Daily hospital occupancy,2020-07-23,18.0
Slovakia,Daily hospital occupancy,2020-07-24,21.0
Slovakia,Daily hospital occupancy,2020-07-25,24.0
Slovakia,Daily hospital occupancy,2020-07-26,24.0
Slovakia,Daily hospital occupancy,2020-07-27,33.0
Slovakia,Daily hospital occupancy,2020-07-28,42.0
Slovakia,Daily hospital occupancy,2020-07-29,42.0
Slovakia,Daily hospital occupancy,2020-07-30,54.0
Slovakia,Daily hospital occupancy,2020-07-31,68.0
Slovakia,Daily hospital occupancy,2020-08-01,62.0
Slovakia,Daily hospital occupancy,2020-08-02,64.0
Slovakia,Daily hospital occupancy,2020-08-03,66.0
Slovakia,Daily hospital occupancy,2020-08-04,71.0
Slovakia,Daily hospital occupancy,2020-08-05,72.0
Slovakia,Daily hospital occupancy,2020-08-06,74.0
Slovakia,Daily hospital occupancy,2020-08-07,61.0
Slovakia,Daily hospital occupancy,2020-08-08,59.0
Slovakia,Daily hospital occupancy,2020-08-09,67.0
Slovakia,Daily hospital occupancy,2020-08-10,57.0
Slovakia,Daily hospital occupancy,2020-08-11,64.0
Slovakia,Daily hospital occupancy,2020-08-12,70.0
Slovakia,Daily hospital occupancy,2020-08-13,73.0
Slovakia,Daily hospital occupancy,2020-08-14,82.0
Slovakia,Daily hospital occupancy,2020-08-15,84.0
Slovakia,Daily hospital occupancy,2020-08-16,85.0
Slovakia,Daily hospital occupancy,2020-08-17,88.0
Slovakia,Daily hospital occupancy,2020-08-18,85.0
Slovakia,Daily hospital occupancy,2020-08-19,90.0
Slovakia,Daily hospital occupancy,2020-08-20,69.0
Slovakia,Daily hospital occupancy,2020-08-21,56.0
Slovakia,Daily hospital occupancy,2020-08-22,57.0
Slovakia,Daily hospital occupancy,2020-08-23,58.0
Slovakia,Daily hospital occupancy,2020-08-24,64.0
Slovakia,Daily hospital occupancy,2020-08-25,67.0
Slovakia,Daily hospital occupancy,2020-08-26,59.0
Slovakia,Daily hospital occupancy,2020-08-27,67.0
Slovakia,Daily hospital occupancy,2020-08-28,75.0
Slovakia,Daily hospital occupancy,2020-08-29,79.0
Slovakia,Daily hospital occupancy,2020-08-30,82.0
Slovakia,Daily hospital occupancy,2020-08-31,81.0
Slovakia,Daily hospital occupancy,2020-09-01,84.0
Slovakia,Daily hospital occupancy,2020-09-02,80.0
Slovakia,Daily hospital occupancy,2020-09-03,90.0
Slovakia,Daily hospital occupancy,2020-09-04,89.0
Slovakia,Daily hospital occupancy,2020-09-05,102.0
Slovakia,Daily hospital occupancy,2020-09-06,108.0
Slovakia,Daily hospital occupancy,2020-09-07,111.0
Slovakia,Daily hospital occupancy,2020-09-08,114.0
Slovakia,Daily hospital occupancy,2020-09-09,120.0
Slovakia,Daily hospital occupancy,2020-09-10,125.0
Slovakia,Daily hospital occupancy,2020-09-11,118.0
Slovakia,Daily hospital occupancy,2020-09-12,123.0
Slovakia,Daily hospital occupancy,2020-09-13,133.0
Slovakia,Daily hospital occupancy,2020-09-14,135.0
Slovakia,Daily hospital occupancy,2020-09-15,143.0
Slovakia,Daily hospital occupancy,2020-09-16,152.0
Slovakia,Daily hospital occupancy,2020-09-17,144.0
Slovakia,Daily hospital occupancy,2020-09-18,159.0
Slovakia,Daily hospital occupancy,2020-09-19,161.0
Slovakia,Daily hospital occupancy,2020-09-20,176.0
Slovakia,Daily hospital occupancy,2020-09-21,182.0
Slovakia,Daily hospital occupancy,2020-09-22,202.0
Slovakia,Daily hospital occupancy,2020-09-23,217.0
Slovakia,Daily hospital occupancy,2020-09-24,240.0
Slovakia,Daily hospital occupancy,2020-09-25,251.0
Slovakia,Daily hospital occupancy,2020-09-26,270.0
Slovakia,Daily hospital occupancy,2020-09-27,285.0
Slovakia,Daily hospital occupancy,2020-09-28,303.0
Slovakia,Daily hospital occupancy,2020-09-29,308.0
Slovakia,Daily hospital occupancy,2020-09-30,322.0
Slovakia,Daily hospital occupancy,2020-10-01,333.0
Slovakia,Daily hospital occupancy,2020-10-02,363.0
Slovakia,Daily hospital occupancy,2020-10-03,395.0
Slovakia,Daily hospital occupancy,2020-10-04,411.0
Slovakia,Daily hospital occupancy,2020-10-05,429.0
Slovakia,Daily hospital occupancy,2020-10-06,447.0
Slovakia,Daily hospital occupancy,2020-10-07,469.0
Slovakia,Daily hospital occupancy,2020-10-08,502.0
Slovakia,Daily hospital occupancy,2020-10-09,492.0
Slovakia,Daily hospital occupancy,2020-10-10,523.0
Slovakia,Daily hospital occupancy,2020-10-11,551.0
Slovakia,Daily hospital occupancy,2020-10-12,600.0
Slovakia,Daily hospital occupancy,2020-10-13,620.0
Slovakia,Daily hospital occupancy,2020-10-14,653.0
Slovakia,Daily hospital occupancy,2020-10-15,713.0
Slovakia,Daily hospital occupancy,2020-10-16,745.0
Slovakia,Daily hospital occupancy,2020-10-17,798.0
Slovakia,Daily hospital occupancy,2020-10-18,852.0
Slovakia,Daily hospital occupancy,2020-10-19,924.0
Slovakia,Daily hospital occupancy,2020-10-20,973.0
Slovakia,Daily hospital occupancy,2020-10-21,1036.0
Slovakia,Daily hospital occupancy,2020-10-22,1078.0
Slovakia,Daily hospital occupancy,2020-10-23,1136.0
Slovakia,Daily hospital occupancy,2020-10-24,1194.0
Slovakia,Daily hospital occupancy,2020-10-25,1307.0
Slovakia,Daily hospital occupancy,2020-10-26,1363.0
Slovakia,Daily hospital occupancy,2020-10-27,1396.0
Slovakia,Daily hospital occupancy,2020-10-28,1442.0
Slovakia,Daily hospital occupancy,2020-10-29,1450.0
Slovakia,Daily hospital occupancy,2020-10-30,1364.0
Slovakia,Daily hospital occupancy,2020-10-31,1402.0
Slovakia,Daily hospital occupancy,2020-11-01,1450.0
Slovakia,Daily hospital occupancy,2020-11-02,1500.0
Slovakia,Daily hospital occupancy,2020-11-03,1431.0
Slovakia,Daily hospital occupancy,2020-11-04,1455.0
Slovakia,Daily hospital occupancy,2020-11-05,1485.0
Slovakia,Daily hospital occupancy,2020-11-06,1508.0
Slovakia,Daily hospital occupancy,2020-11-07,1570.0
Slovakia,Daily hospital occupancy,2020-11-08,1631.0
Slovakia,Daily hospital occupancy,2020-11-09,1592.0
Slovakia,Daily hospital occupancy,2020-11-10,1579.0
Slovakia,Daily hospital occupancy,2020-11-11,1522.0
Slovakia,Daily hospital occupancy,2020-11-12,1512.0
Slovakia,Daily hospital occupancy,2020-11-13,1428.0
Slovakia,Daily hospital occupancy,2020-11-14,1460.0
Slovakia,Daily hospital occupancy,2020-11-15,1482.0
Slovakia,Daily hospital occupancy,2020-11-16,1507.0
Slovakia,Daily hospital occupancy,2020-11-17,1515.0
Slovakia,Daily hospital occupancy,2020-11-18,1497.0
Slovakia,Daily hospital occupancy,2020-11-19,1473.0
Slovakia,Daily hospital occupancy,2020-11-20,1431.0
Slovakia,Daily hospital occupancy,2020-11-21,1444.0
Slovakia,Daily hospital occupancy,2020-11-22,1482.0
Slovakia,Daily hospital occupancy,2020-11-23,1483.0
Slovakia,Daily hospital occupancy,2020-11-24,1489.0
Slovakia,Daily hospital occupancy,2020-11-25,1494.0
Slovakia,Daily hospital occupancy,2020-11-26,1533.0
Slovakia,Daily hospital occupancy,2020-11-27,1510.0
Slovakia,Daily hospital occupancy,2020-11-28,1538.0
Slovakia,Daily hospital occupancy,2020-11-29,1569.0
Slovakia,Daily hospital occupancy,2020-11-30,1572.0
Slovakia,Daily hospital occupancy,2020-12-01,1574.0
Slovakia,Daily hospital occupancy,2020-12-02,1566.0
Slovakia,Daily hospital occupancy,2020-12-03,1603.0
Slovakia,Daily hospital occupancy,2020-12-04,1576.0
Slovakia,Daily hospital occupancy,2020-12-05,1623.0
Slovakia,Daily hospital occupancy,2020-12-06,1674.0
Slovakia,Daily hospital occupancy,2020-12-07,1709.0
Slovakia,Daily hospital occupancy,2020-12-08,1772.0
Slovakia,Daily hospital occupancy,2020-12-09,1770.0
Slovakia,Daily hospital occupancy,2020-12-10,1819.0
Slovakia,Daily hospital occupancy,2020-12-11,1781.0
Slovakia,Daily hospital occupancy,2020-12-12,1845.0
Slovakia,Daily hospital occupancy,2020-12-13,1915.0
Slovakia,Daily hospital occupancy,2020-12-14,1909.0
Slovakia,Daily hospital occupancy,2020-12-15,1908.0
Slovakia,Daily hospital occupancy,2020-12-16,1963.0
Slovakia,Daily hospital occupancy,2020-12-17,1975.0
Slovakia,Daily hospital occupancy,2020-12-18,1967.0
Slovakia,Daily hospital occupancy,2020-12-19,2022.0
Slovakia,Daily hospital occupancy,2020-12-20,2088.0
Slovakia,Daily hospital occupancy,2020-12-21,2096.0
Slovakia,Daily hospital occupancy,2020-12-22,2077.0
Slovakia,Daily hospital occupancy,2020-12-23,1936.0
Slovakia,Daily hospital occupancy,2020-12-24,1946.0
Slovakia,Daily hospital occupancy,2020-12-25,2036.0
Slovakia,Daily hospital occupancy,2020-12-26,2120.0
Slovakia,Daily hospital occupancy,2020-12-27,2238.0
Slovakia,Daily hospital occupancy,2020-12-28,2239.0
Slovakia,Daily hospital occupancy,2020-12-29,2275.0
Slovakia,Daily hospital occupancy,2020-12-30,2246.0
Slovakia,Daily hospital occupancy,2020-12-31,2164.0
Slovakia,Daily hospital occupancy,2021-01-01,2215.0
Slovakia,Daily hospital occupancy,2021-01-02,2330.0
Slovakia,Daily hospital occupancy,2021-01-03,2437.0
Slovakia,Daily hospital occupancy,2021-01-04,2431.0
Slovakia,Daily hospital occupancy,2021-01-05,2411.0
Slovakia,Daily hospital occupancy,2021-01-06,2536.0
Slovakia,Daily hospital occupancy,2021-01-07,2539.0
Slovakia,Daily hospital occupancy,2021-01-08,2574.0
Slovakia,Daily hospital occupancy,2021-01-09,2681.0
Slovakia,Daily hospital occupancy,2021-01-10,2739.0
Slovakia,Daily hospital occupancy,2021-01-11,2746.0
Slovakia,Daily hospital occupancy,2021-01-12,2652.0
Slovakia,Daily hospital occupancy,2021-01-13,2685.0
Slovakia,Daily hospital occupancy,2021-01-14,2655.0
Slovakia,Daily hospital occupancy,2021-01-15,2609.0
Slovakia,Daily hospital occupancy,2021-01-16,2715.0
Slovakia,Daily hospital occupancy,2021-01-17,2837.0
Slovakia,Daily hospital occupancy,2021-01-18,2721.0
Slovakia,Daily hospital occupancy,2021-01-19,2697.0
Slovakia,Daily hospital occupancy,2021-01-20,2657.0
Slovakia,Daily hospital occupancy,2021-01-21,2643.0
Slovakia,Daily hospital occupancy,2021-01-22,2602.0
Slovakia,Daily hospital occupancy,2021-01-23,2709.0
Slovakia,Daily hospital occupancy,2021-01-24,2825.0
Slovakia,Daily hospital occupancy,2021-01-25,2820.0
Slovakia,Daily hospital occupancy,2021-01-26,2828.0
Slovakia,Daily hospital occupancy,2021-01-27,2807.0
Slovakia,Daily hospital occupancy,2021-01-28,2854.0
Slovakia,Daily hospital occupancy,2021-01-29,2813.0
Slovakia,Daily hospital occupancy,2021-01-30,2902.0
Slovakia,Daily hospital occupancy,2021-01-31,2998.0
Slovakia,Daily hospital occupancy,2021-02-01,3011.0
Slovakia,Daily hospital occupancy,2021-02-02,2986.0
Slovakia,Daily hospital occupancy,2021-02-03,2992.0
Slovakia,Daily hospital occupancy,2021-02-04,3004.0
Slovakia,Daily hospital occupancy,2021-02-05,2986.0
Slovakia,Daily hospital occupancy,2021-02-06,3025.0
Slovakia,Daily hospital occupancy,2021-02-07,3140.0
Slovakia,Daily hospital occupancy,2021-02-08,3177.0
Slovakia,Daily hospital occupancy,2021-02-09,3183.0
Slovakia,Daily hospital occupancy,2021-02-10,3205.0
Slovakia,Daily hospital occupancy,2021-02-11,3289.0
Slovakia,Daily hospital occupancy,2021-02-12,3273.0
Slovakia,Daily hospital occupancy,2021-02-13,3425.0
Slovakia,Daily hospital occupancy,2021-02-14,3498.0
Slovakia,Daily hospital occupancy,2021-02-15,3536.0
Slovakia,Daily hospital occupancy,2021-02-16,3593.0
Slovakia,Daily hospital occupancy,2021-02-17,3643.0
Slovakia,Daily hospital occupancy,2021-02-18,3724.0
Slovakia,Daily hospital occupancy,2021-02-19,3566.0
Slovakia,Daily hospital occupancy,2021-02-20,3563.0
Slovakia,Daily hospital occupancy,2021-02-21,3735.0
Slovakia,Daily hospital occupancy,2021-02-22,3771.0
Slovakia,Daily hospital occupancy,2021-02-23,3758.0
Slovakia,Daily hospital occupancy,2021-02-24,3842.0
Slovakia,Daily hospital occupancy,2021-02-25,3857.0
Slovakia,Daily hospital occupancy,2021-02-26,3837.0
Slovakia,Daily hospital occupancy,2021-02-27,3912.0
Slovakia,Daily hospital occupancy,2021-02-28,3954.0
Slovakia,Daily hospital occupancy,2021-03-01,3894.0
Slovakia,Daily hospital occupancy,2021-03-02,3826.0
Slovakia,Daily hospital occupancy,2021-03-03,3769.0
Slovakia,Daily hospital occupancy,2021-03-04,3807.0
Slovakia,Daily hospital occupancy,2021-03-05,3651.0
Slovakia,Daily hospital occupancy,2021-03-06,3727.0
Slovakia,Daily hospital occupancy,2021-03-07,3859.0
Slovakia,Daily hospital occupancy,2021-03-08,3758.0
Slovakia,Daily hospital occupancy,2021-03-09,3678.0
Slovakia,Daily hospital occupancy,2021-03-10,3637.0
Slovakia,Daily hospital occupancy,2021-03-11,3617.0
Slovakia,Daily hospital occupancy,2021-03-12,3484.0
Slovakia,Daily hospital occupancy,2021-03-13,3556.0
Slovakia,Daily hospital occupancy,2021-03-14,3703.0
Slovakia,Daily hospital occupancy,2021-03-15,3600.0
Slovakia,Daily hospital occupancy,2021-03-16,3541.0
Slovakia,Daily hospital occupancy,2021-03-17,3518.0
Slovakia,Daily hospital occupancy,2021-03-18,3469.0
Slovakia,Daily hospital occupancy,2021-03-19,3267.0
Slovakia,Daily hospital occupancy,2021-03-20,3361.0
Slovakia,Daily hospital occupancy,2021-03-21,3454.0
Slovakia,Daily hospital occupancy,2021-03-22,3390.0
Slovakia,Daily hospital occupancy,2021-03-23,3369.0
Slovakia,Daily hospital occupancy,2021-03-24,3332.0
Slovakia,Daily hospital occupancy,2021-03-25,3331.0
Slovakia,Daily hospital occupancy,2021-03-26,3240.0
Slovakia,Daily hospital occupancy,2021-03-27,3273.0
Slovakia,Daily hospital occupancy,2021-03-28,3339.0
Slovakia,Daily hospital occupancy,2021-03-29,2941.0
Slovakia,Daily hospital occupancy,2021-03-30,2879.0
Slovakia,Daily hospital occupancy,2021-03-31,2690.0
Slovakia,Daily hospital occupancy,2021-04-01,2492.0
Slovakia,Daily hospital occupancy,2021-04-02,2553.0
Slovakia,Daily hospital occupancy,2021-04-03,2591.0
Slovakia,Daily hospital occupancy,2021-04-04,2652.0
Slovakia,Daily hospital occupancy,2021-04-05,2719.0
Slovakia,Daily hospital occupancy,2021-04-06,2631.0
Slovakia,Daily hospital occupancy,2021-04-07,2467.0
Slovakia,Daily hospital occupancy,2021-04-08,2363.0
Slovakia,Daily hospital occupancy,2021-04-09,2214.0
Slovakia,Daily hospital occupancy,2021-04-10,2256.0
Slovakia,Daily hospital occupancy,2021-04-11,2296.0
Slovakia,Daily hospital occupancy,2021-04-12,2178.0
Slovakia,Daily hospital occupancy,2021-04-13,2088.0
Slovakia,Daily hospital occupancy,2021-04-14,1969.0
Slovakia,Daily hospital occupancy,2021-04-15,1886.0
Slovakia,Daily hospital occupancy,2021-04-16,1759.0
Slovakia,Daily hospital occupancy,2021-04-17,1792.0
Slovakia,Daily hospital occupancy,2021-04-18,1823.0
Slovakia,Daily hospital occupancy,2021-04-19,1713.0
Slovakia,Daily hospital occupancy,2021-04-20,1611.0
Slovakia,Daily hospital occupancy,2021-04-21,1552.0
Slovakia,Daily hospital occupancy,2021-04-22,1505.0
Slovakia,Daily hospital occupancy,2021-04-23,1429.0
Slovakia,Daily hospital occupancy,2021-04-24,1469.0
Slovakia,Daily hospital occupancy,2021-04-25,1495.0
Slovakia,Daily hospital occupancy,2021-04-26,1400.0
Slovakia,Daily hospital occupancy,2021-04-27,1353.0
Slovakia,Daily hospital occupancy,2021-04-28,1287.0
Slovakia,Daily hospital occupancy,2021-04-29,1255.0
Slovakia,Daily hospital occupancy,2021-04-30,1176.0
Slovakia,Daily hospital occupancy,2021-05-01,1195.0
Slovakia,Daily hospital occupancy,2021-05-02,1221.0
Slovakia,Daily hospital occupancy,2021-05-03,1172.0
Slovakia,Daily hospital occupancy,2021-05-04,1126.0
Slovakia,Daily hospital occupancy,2021-05-05,1067.0
Slovakia,Daily hospital occupancy,2021-05-06,1012.0
Slovakia,Daily hospital occupancy,2021-05-07,976.0
Slovakia,Daily hospital occupancy,2021-05-08,997.0
Slovakia,Daily hospital occupancy,2021-05-09,1027.0
Slovakia,Daily hospital occupancy,2021-05-10,945.0
Slovakia,Daily hospital occupancy,2021-05-11,886.0
Slovakia,Daily hospital occupancy,2021-05-12,846.0
Slovakia,Daily hospital occupancy,2021-05-13,801.0
Slovakia,Daily hospital occupancy,2021-05-14,749.0
Slovakia,Daily hospital occupancy,2021-05-15,757.0
Slovakia,Daily hospital occupancy,2021-05-16,775.0
Slovakia,Daily hospital occupancy,2021-05-17,737.0
Slovakia,Daily hospital occupancy,2021-05-18,692.0
Slovakia,Daily hospital occupancy,2021-05-19,627.0
Slovakia,Daily hospital occupancy,2021-05-20,600.0
Slovakia,Daily hospital occupancy,2021-05-21,556.0
Slovakia,Daily hospital occupancy,2021-05-22,555.0
Slovakia,Daily hospital occupancy,2021-05-23,561.0
Slovakia,Daily hospital occupancy,2021-05-24,514.0
Slovakia,Daily hospital occupancy,2021-05-25,474.0
Slovakia,Daily hospital occupancy,2021-05-26,444.0
Slovakia,Daily hospital occupancy,2021-05-27,426.0
Slovakia,Daily hospital occupancy,2021-05-28,374.0
Slovakia,Daily hospital occupancy,2021-05-29,383.0
Slovakia,Daily hospital occupancy,2021-05-30,377.0
Slovakia,Daily hospital occupancy,2021-05-31,353.0
Slovakia,Daily hospital occupancy,2021-06-01,341.0
Slovakia,Daily hospital occupancy,2021-06-02,318.0
Slovakia,Daily hospital occupancy,2021-06-03,314.0
Slovakia,Daily hospital occupancy,2021-06-04,281.0
Slovakia,Daily hospital occupancy,2021-06-05,295.0
Slovakia,Daily hospital occupancy,2021-06-06,303.0
Slovakia,Daily hospital occupancy,2021-06-07,284.0
Slovakia,Daily hospital occupancy,2021-06-08,263.0
Slovakia,Daily hospital occupancy,2021-06-09,250.0
Slovakia,Daily hospital occupancy,2021-06-10,238.0
Slovakia,Daily hospital occupancy,2021-06-11,229.0
Slovakia,Daily hospital occupancy,2021-06-12,239.0
Slovakia,Daily hospital occupancy,2021-06-13,253.0
Slovakia,Daily hospital occupancy,2021-06-14,230.0
Slovakia,Daily hospital occupancy,2021-06-15,211.0
Slovakia,Daily hospital occupancy,2021-06-16,204.0
Slovakia,Daily hospital occupancy,2021-06-17,196.0
Slovakia,Daily hospital occupancy,2021-06-18,194.0
Slovakia,Daily hospital occupancy,2021-06-19,200.0
Slovakia,Daily hospital occupancy,2021-06-20,202.0
Slovakia,Daily hospital occupancy,2021-06-21,181.0
Slovakia,Daily hospital occupancy,2021-06-22,182.0
Slovakia,Daily hospital occupancy,2021-06-23,179.0
Slovakia,Daily hospital occupancy,2021-06-24,168.0
Slovakia,Daily hospital occupancy,2021-06-25,157.0
Slovakia,Daily hospital occupancy,2021-06-26,168.0
Slovakia,Daily hospital occupancy,2021-06-27,169.0
Slovakia,Daily hospital occupancy,2021-06-28,158.0
Slovakia,Daily hospital occupancy,2021-06-29,156.0
Slovakia,Daily hospital occupancy,2021-06-30,143.0
Slovakia,Daily hospital occupancy,2021-07-01,132.0
Slovakia,Daily hospital occupancy,2021-07-02,125.0
Slovakia,Daily hospital occupancy,2021-07-03,122.0
Slovakia,Daily hospital occupancy,2021-07-04,123.0
Slovakia,Daily hospital occupancy,2021-07-05,117.0
Slovakia,Daily hospital occupancy,2021-07-06,103.0
Slovakia,Daily hospital occupancy,2021-07-07,98.0
Slovakia,Daily hospital occupancy,2021-07-08,99.0
Slovakia,Daily hospital occupancy,2021-07-09,89.0
Slovakia,Daily hospital occupancy,2021-07-10,94.0
Slovakia,Daily hospital occupancy,2021-07-11,95.0
Slovakia,Daily hospital occupancy,2021-07-12,85.0
Slovakia,Daily hospital occupancy,2021-07-13,82.0
Slovakia,Daily hospital occupancy,2021-07-14,79.0
Slovakia,Daily hospital occupancy,2021-07-15,74.0
Slovakia,Daily hospital occupancy,2021-07-16,75.0
Slovakia,Daily hospital occupancy,2021-07-17,77.0
Slovakia,Daily hospital occupancy,2021-07-18,78.0
Slovakia,Daily hospital occupancy,2021-07-19,76.0
Slovakia,Daily hospital occupancy,2021-07-20,22.0
Slovakia,Daily hospital occupancy,2021-07-21,22.0
Slovakia,Daily hospital occupancy,2021-07-22,72.0
Slovakia,Daily hospital occupancy,2021-07-23,74.0
Slovakia,Daily hospital occupancy,2021-07-24,77.0
Slovakia,Daily hospital occupancy,2021-07-25,78.0
Slovakia,Daily hospital occupancy,2021-07-26,79.0
Slovakia,Daily hospital occupancy,2021-07-27,78.0
Slovakia,Daily hospital occupancy,2021-07-28,77.0
Slovakia,Daily hospital occupancy,2021-07-29,78.0
Slovakia,Daily hospital occupancy,2021-07-30,84.0
Slovakia,Daily hospital occupancy,2021-07-31,30.0
Slovakia,Daily hospital occupancy,2021-08-01,85.0
Slovakia,Daily hospital occupancy,2021-08-02,82.0
Slovakia,Daily hospital occupancy,2021-08-03,80.0
Slovakia,Daily hospital occupancy,2021-08-04,81.0
Slovakia,Daily hospital occupancy,2021-08-05,76.0
Slovakia,Daily hospital occupancy,2021-08-06,85.0
Slovakia,Daily hospital occupancy,2021-08-07,88.0
Slovakia,Daily hospital occupancy,2021-08-08,90.0
Slovakia,Daily hospital occupancy,2021-08-09,84.0
Slovakia,Daily hospital occupancy,2021-08-10,85.0
Slovakia,Daily hospital occupancy,2021-08-11,79.0
Slovakia,Daily hospital occupancy,2021-08-12,81.0
Slovakia,Daily hospital occupancy,2021-08-13,83.0
Slovakia,Daily hospital occupancy,2021-08-14,92.0
Slovakia,Daily hospital occupancy,2021-08-15,100.0
Slovakia,Daily hospital occupancy,2021-08-16,99.0
Slovakia,Daily hospital occupancy,2021-08-17,102.0
Slovakia,Daily hospital occupancy,2021-08-18,82.0
Slovakia,Daily hospital occupancy,2021-08-19,85.0
Slovakia,Daily hospital occupancy,2021-08-20,62.0
Slovakia,Daily hospital occupancy,2021-08-21,67.0
Slovakia,Daily hospital occupancy,2021-08-22,71.0
Slovakia,Daily hospital occupancy,2021-08-23,66.0
Slovakia,Daily hospital occupancy,2021-08-24,67.0
Slovakia,Daily hospital occupancy,2021-08-25,68.0
Slovakia,Daily hospital occupancy,2021-08-26,77.0
Slovakia,Daily hospital occupancy,2021-08-27,79.0
Slovakia,Daily hospital occupancy,2021-08-28,83.0
Slovakia,Daily hospital occupancy,2021-08-29,93.0
Slovakia,Daily hospital occupancy,2021-08-30,96.0
Slovakia,Daily hospital occupancy,2021-08-31,103.0
Slovakia,Daily hospital occupancy,2021-09-01,113.0
Slovakia,Daily hospital occupancy,2021-09-02,123.0
Slovakia,Daily hospital occupancy,2021-09-03,139.0
Slovakia,Daily hospital occupancy,2021-09-04,150.0
Slovakia,Daily hospital occupancy,2021-09-05,162.0
Slovakia,Daily hospital occupancy,2021-09-06,172.0
Slovakia,Daily hospital occupancy,2021-09-07,177.0
Slovakia,Daily hospital occupancy,2021-09-08,186.0
Slovakia,Daily hospital occupancy,2021-09-09,202.0
Slovakia,Daily hospital occupancy,2021-09-10,225.0
Slovakia,Daily hospital occupancy,2021-09-11,242.0
Slovakia,Daily hospital occupancy,2021-09-12,266.0
Slovakia,Daily hospital occupancy,2021-09-13,299.0
Slovakia,Daily hospital occupancy,2021-09-14,303.0
Slovakia,Daily hospital occupancy,2021-09-15,332.0
Slovakia,Daily hospital occupancy,2021-09-16,327.0
Slovakia,Daily hospital occupancy,2021-09-17,345.0
Slovakia,Daily hospital occupancy,2021-09-18,371.0
Slovakia,Daily hospital occupancy,2021-09-19,394.0
Slovakia,Daily hospital occupancy,2021-09-20,403.0
Slovakia,Daily hospital occupancy,2021-09-21,424.0
Slovakia,Daily hospital occupancy,2021-09-22,455.0
Slovakia,Daily hospital occupancy,2021-09-23,467.0
Slovakia,Daily hospital occupancy,2021-09-24,455.0
Slovakia,Daily hospital occupancy,2021-09-25,484.0
Slovakia,Daily hospital occupancy,2021-09-26,518.0
Slovakia,Daily hospital occupancy,2021-09-27,544.0
Slovakia,Daily hospital occupancy,2021-09-28,568.0
Slovakia,Daily hospital occupancy,2021-09-29,588.0
Slovakia,Daily hospital occupancy,2021-09-30,606.0
Slovakia,Daily hospital occupancy,2021-10-01,600.0
Slovakia,Daily hospital occupancy,2021-10-02,629.0
Slovakia,Daily hospital occupancy,2021-10-03,672.0
Slovakia,Daily hospital occupancy,2021-10-04,721.0
Slovakia,Daily hospital occupancy,2021-10-05,760.0
Slovakia,Daily hospital occupancy,2021-10-06,788.0
Slovakia,Daily hospital occupancy,2021-10-07,802.0
Slovakia,Daily hospital occupancy,2021-10-08,808.0
Slovakia,Daily hospital occupancy,2021-10-09,846.0
Slovakia,Daily hospital occupancy,2021-10-10,887.0
Slovakia,Daily hospital occupancy,2021-10-11,917.0
Slovakia,Daily hospital occupancy,2021-10-12,936.0
Slovakia,Daily hospital occupancy,2021-10-13,974.0
Slovakia,Daily hospital occupancy,2021-10-14,993.0
Slovakia,Daily hospital occupancy,2021-10-15,967.0
Slovakia,Daily hospital occupancy,2021-10-16,1034.0
Slovakia,Daily hospital occupancy,2021-10-17,1080.0
Slovakia,Daily hospital occupancy,2021-10-18,1054.0
Slovakia,Daily hospital occupancy,2021-10-19,1065.0
Slovakia,Daily hospital occupancy,2021-10-20,1115.0
Slovakia,Daily hospital occupancy,2021-10-21,1164.0
Slovakia,Daily hospital occupancy,2021-10-22,1164.0
Slovakia,Daily hospital occupancy,2021-10-23,1248.0
Slovakia,Daily hospital occupancy,2021-10-24,1325.0
Slovakia,Daily hospital occupancy,2021-10-25,1375.0
Slovakia,Daily hospital occupancy,2021-10-26,1473.0
Slovakia,Daily hospital occupancy,2021-10-27,1521.0
Slovakia,Daily hospital occupancy,2021-10-28,1723.0
Slovakia,Daily hospital occupancy,2021-10-29,1891.0
Slovakia,Daily hospital occupancy,2021-10-30,1647.0
Slovakia,Daily hospital occupancy,2021-10-31,1750.0
Slovakia,Daily hospital occupancy,2021-11-01,1880.0
Slovakia,Daily hospital occupancy,2021-11-02,1950.0
Slovakia,Daily hospital occupancy,2021-11-03,2023.0
Slovakia,Daily hospital occupancy,2021-11-04,2123.0
Slovakia,Daily hospital occupancy,2021-11-05,2161.0
Slovakia,Daily hospital occupancy,2021-11-06,2292.0
Slovakia,Daily hospital occupancy,2021-11-07,2459.0
Slovakia,Daily hospital occupancy,2021-11-08,2540.0
Slovakia,Daily hospital occupancy,2021-11-09,2588.0
Slovakia,Daily hospital occupancy,2021-11-10,2654.0
Slovakia,Daily hospital occupancy,2021-11-11,2728.0
Slovakia,Daily hospital occupancy,2021-11-12,2710.0
Slovakia,Daily hospital occupancy,2021-11-13,2823.0
Slovakia,Daily hospital occupancy,2021-11-14,2989.0
Slovakia,Daily hospital occupancy,2021-11-15,2982.0
Slovakia,Daily hospital occupancy,2021-11-16,2996.0
Slovakia,Daily hospital occupancy,2021-11-17,3080.0
Slovakia,Daily hospital occupancy,2021-11-18,3057.0
Slovakia,Daily hospital occupancy,2021-11-19,2980.0
Slovakia,Daily hospital occupancy,2021-11-20,3113.0
Slovakia,Daily hospital occupancy,2021-11-21,3225.0
Slovakia,Daily hospital occupancy,2021-11-22,3267.0
Slovakia,Daily hospital occupancy,2021-11-23,3270.0
Slovakia,Daily hospital occupancy,2021-11-24,3241.0
Slovakia,Daily hospital occupancy,2021-11-25,3250.0
Slovakia,Daily hospital occupancy,2021-11-26,3201.0
Slovakia,Daily hospital occupancy,2021-11-27,3341.0
Slovakia,Daily hospital occupancy,2021-11-28,3541.0
Slovakia,Daily hospital occupancy,2021-11-29,3522.0
Slovakia,Daily hospital occupancy,2021-11-30,3545.0
Slovakia,Daily hospital occupancy,2021-12-01,3523.0
Slovakia,Daily hospital occupancy,2021-12-02,3530.0
Slovakia,Daily hospital occupancy,2021-12-03,3370.0
Slovakia,Daily hospital occupancy,2021-12-04,3478.0
Slovakia,Daily hospital occupancy,2021-12-05,3571.0
Slovakia,Daily hospital occupancy,2021-12-06,3526.0
Slovakia,Daily hospital occupancy,2021-12-07,3443.0
Slovakia,Daily hospital occupancy,2021-12-08,3452.0
Slovakia,Daily hospital occupancy,2021-12-09,3353.0
Slovakia,Daily hospital occupancy,2021-12-10,3229.0
Slovakia,Daily hospital occupancy,2021-12-11,3292.0
Slovakia,Daily hospital occupancy,2021-12-12,3338.0
Slovakia,Daily hospital occupancy,2021-12-13,3226.0
Slovakia,Daily hospital occupancy,2021-12-14,3120.0
Slovakia,Daily hospital occupancy,2021-12-15,3078.0
Slovakia,Daily hospital occupancy,2021-12-16,2999.0
Slovakia,Daily hospital occupancy,2021-12-17,2844.0
Slovakia,Daily hospital occupancy,2021-12-18,2913.0
Slovakia,Daily hospital occupancy,2021-12-19,2975.0
Slovakia,Daily hospital occupancy,2021-12-20,2853.0
Slovakia,Daily hospital occupancy,2021-12-21,2689.0
Slovakia,Daily hospital occupancy,2021-12-22,2526.0
Slovakia,Daily hospital occupancy,2021-12-23,2255.0
Slovakia,Daily hospital occupancy,2021-12-24,2218.0
Slovakia,Daily hospital occupancy,2021-12-25,2280.0
Slovakia,Daily hospital occupancy,2021-12-26,2343.0
Slovakia,Daily hospital occupancy,2021-12-27,2352.0
Slovakia,Daily hospital occupancy,2021-12-28,2258.0
Slovakia,Daily hospital occupancy,2021-12-29,2236.0
Slovakia,Daily hospital occupancy,2021-12-30,2177.0
Slovakia,Daily hospital occupancy,2021-12-31,2003.0
Slovakia,Daily hospital occupancy,2022-01-01,2036.0
Slovakia,Daily hospital occupancy,2022-01-02,2085.0
Slovakia,Daily hospital occupancy,2022-01-03,2075.0
Slovakia,Daily hospital occupancy,2022-01-04,1985.0
Slovakia,Daily hospital occupancy,2022-01-05,1920.0
Slovakia,Daily hospital occupancy,2022-01-06,1939.0
Slovakia,Daily hospital occupancy,2022-01-07,1819.0
Slovakia,Daily hospital occupancy,2022-01-08,1834.0
Slovakia,Daily hospital occupancy,2022-01-09,1860.0
Slovakia,Daily hospital occupancy,2022-01-10,1810.0
Slovakia,Daily hospital occupancy,2022-01-11,1708.0
Slovakia,Daily hospital occupancy,2022-01-12,1649.0
Slovakia,Daily hospital occupancy,2022-01-13,1589.0
Slovakia,Daily hospital occupancy,2022-01-14,1493.0
Slovakia,Daily hospital occupancy,2022-01-15,1496.0
Slovakia,Daily hospital occupancy,2022-01-16,1492.0
Slovakia,Daily hospital occupancy,2022-01-17,1427.0
Slovakia,Daily hospital occupancy,2022-01-18,1368.0
Slovakia,Daily hospital occupancy,2022-01-19,1327.0
Slovakia,Daily hospital occupancy,2022-01-20,1281.0
Slovakia,Daily hospital occupancy,2022-01-21,1206.0
Slovakia,Daily hospital occupancy,2022-01-22,1232.0
Slovakia,Daily hospital occupancy,2022-01-23,1259.0
Slovakia,Daily hospital occupancy,2022-01-24,1309.0
Slovakia,Daily hospital occupancy,2022-01-25,1304.0
Slovakia,Daily hospital occupancy,2022-01-26,1330.0
Slovakia,Daily hospital occupancy,2022-01-27,1332.0
Slovakia,Daily hospital occupancy,2022-01-28,1325.0
Slovakia,Daily hospital occupancy,2022-01-29,1381.0
Slovakia,Daily hospital occupancy,2022-01-30,1448.0
Slovakia,Daily hospital occupancy,2022-01-31,1491.0
Slovakia,Daily hospital occupancy,2022-02-01,1603.0
Slovakia,Daily hospital occupancy,2022-02-02,1648.0
Slovakia,Daily hospital occupancy,2022-02-03,1721.0
Slovakia,Daily hospital occupancy,2022-02-04,1765.0
Slovakia,Daily hospital occupancy,2022-02-05,1858.0
Slovakia,Daily hospital occupancy,2022-02-06,1996.0
Slovakia,Daily hospital occupancy,2022-02-07,2124.0
Slovakia,Daily hospital occupancy,2022-02-08,2223.0
Slovakia,Daily hospital occupancy,2022-02-09,2258.0
Slovakia,Daily hospital occupancy,2022-02-10,2358.0
Slovakia,Daily hospital occupancy,2022-02-11,2305.0
Slovakia,Daily hospital occupancy,2022-02-12,2441.0
Slovakia,Daily hospital occupancy,2022-02-13,2587.0
Slovakia,Daily hospital occupancy,2022-02-14,2669.0
Slovakia,Daily hospital occupancy,2022-02-15,2738.0
Slovakia,Daily hospital occupancy,2022-02-16,2720.0
Slovakia,Daily hospital occupancy,2022-02-17,2768.0
Slovakia,Daily hospital occupancy,2022-02-18,2705.0
Slovakia,Daily hospital occupancy,2022-02-19,2834.0
Slovakia,Daily hospital occupancy,2022-02-20,2936.0
Slovakia,Daily hospital occupancy,2022-02-21,2925.0
Slovakia,Daily hospital occupancy,2022-02-22,2924.0
Slovakia,Daily hospital occupancy,2022-02-23,2892.0
Slovakia,Daily hospital occupancy,2022-02-24,2885.0
Slovakia,Daily hospital occupancy,2022-02-25,2680.0
Slovakia,Daily hospital occupancy,2022-02-26,2769.0
Slovakia,Daily hospital occupancy,2022-02-27,2868.0
Slovakia,Daily hospital occupancy,2022-02-28,2796.0
Slovakia,Daily hospital occupancy,2022-03-01,2727.0
Slovakia,Daily hospital occupancy,2022-03-02,2734.0
Slovakia,Daily hospital occupancy,2022-03-03,2725.0
Slovakia,Daily hospital occupancy,2022-03-04,2555.0
Slovakia,Daily hospital occupancy,2022-03-05,2596.0
Slovakia,Daily hospital occupancy,2022-03-06,2648.0
Slovakia,Daily hospital occupancy,2022-03-07,2606.0
Slovakia,Daily hospital occupancy,2022-03-08,2557.0
Slovakia,Daily hospital occupancy,2022-03-09,2512.0
Slovakia,Daily hospital occupancy,2022-03-10,2506.0
Slovakia,Daily hospital occupancy,2022-03-11,2378.0
Slovakia,Daily hospital occupancy,2022-03-12,2459.0
Slovakia,Daily hospital occupancy,2022-03-13,2547.0
Slovakia,Daily ICU occupancy,2020-03-08,2.0
Slovakia,Daily ICU occupancy,2020-03-09,2.0
Slovakia,Daily ICU occupancy,2020-03-10,2.0
Slovakia,Daily ICU occupancy,2020-03-11,2.0
Slovakia,Daily ICU occupancy,2020-03-12,3.0
Slovakia,Daily ICU occupancy,2020-03-13,2.0
Slovakia,Daily ICU occupancy,2020-03-14,2.0
Slovakia,Daily ICU occupancy,2020-03-15,2.0
Slovakia,Daily ICU occupancy,2020-03-16,2.0
Slovakia,Daily ICU occupancy,2020-03-17,2.0
Slovakia,Daily ICU occupancy,2020-03-18,2.0
Slovakia,Daily ICU occupancy,2020-03-19,2.0
Slovakia,Daily ICU occupancy,2020-03-20,2.0
Slovakia,Daily ICU occupancy,2020-03-21,2.0
Slovakia,Daily ICU occupancy,2020-03-22,2.0
Slovakia,Daily ICU occupancy,2020-03-23,1.0
Slovakia,Daily ICU occupancy,2020-03-24,1.0
Slovakia,Daily ICU occupancy,2020-03-25,2.0
Slovakia,Daily ICU occupancy,2020-03-26,2.0
Slovakia,Daily ICU occupancy,2020-03-27,3.0
Slovakia,Daily ICU occupancy,2020-03-28,3.0
Slovakia,Daily ICU occupancy,2020-03-29,3.0
Slovakia,Daily ICU occupancy,2020-03-30,3.0
Slovakia,Daily ICU occupancy,2020-03-31,3.0
Slovakia,Daily ICU occupancy,2020-04-01,4.0
Slovakia,Daily ICU occupancy,2020-04-02,4.0
Slovakia,Daily ICU occupancy,2020-04-03,4.0
Slovakia,Daily ICU occupancy,2020-04-04,5.0
Slovakia,Daily ICU occupancy,2020-04-05,5.0
Slovakia,Daily ICU occupancy,2020-04-06,5.0
Slovakia,Daily ICU occupancy,2020-04-07,7.0
Slovakia,Daily ICU occupancy,2020-04-08,7.0
Slovakia,Daily ICU occupancy,2020-04-09,5.0
Slovakia,Daily ICU occupancy,2020-04-10,5.0
Slovakia,Daily ICU occupancy,2020-04-11,7.0
Slovakia,Daily ICU occupancy,2020-04-12,7.0
Slovakia,Daily ICU occupancy,2020-04-13,8.0
Slovakia,Daily ICU occupancy,2020-04-14,6.0
Slovakia,Daily ICU occupancy,2020-04-15,5.0
Slovakia,Daily ICU occupancy,2020-04-16,7.0
Slovakia,Daily ICU occupancy,2020-04-17,7.0
Slovakia,Daily ICU occupancy,2020-04-18,7.0
Slovakia,Daily ICU occupancy,2020-04-19,7.0
Slovakia,Daily ICU occupancy,2020-04-20,7.0
Slovakia,Daily ICU occupancy,2020-04-21,8.0
Slovakia,Daily ICU occupancy,2020-04-22,8.0
Slovakia,Daily ICU occupancy,2020-04-23,9.0
Slovakia,Daily ICU occupancy,2020-04-24,6.0
Slovakia,Daily ICU occupancy,2020-04-25,5.0
Slovakia,Daily ICU occupancy,2020-04-26,6.0
Slovakia,Daily ICU occupancy,2020-04-27,5.0
Slovakia,Daily ICU occupancy,2020-04-28,5.0
Slovakia,Daily ICU occupancy,2020-04-29,4.0
Slovakia,Daily ICU occupancy,2020-04-30,3.0
Slovakia,Daily ICU occupancy,2020-05-01,3.0
Slovakia,Daily ICU occupancy,2020-05-02,3.0
Slovakia,Daily ICU occupancy,2020-05-03,3.0
Slovakia,Daily ICU occupancy,2020-05-04,3.0
Slovakia,Daily ICU occupancy,2020-05-05,3.0
Slovakia,Daily ICU occupancy,2020-05-06,2.0
Slovakia,Daily ICU occupancy,2020-05-07,2.0
Slovakia,Daily ICU occupancy,2020-05-08,2.0
Slovakia,Daily ICU occupancy,2020-05-09,2.0
Slovakia,Daily ICU occupancy,2020-05-10,2.0
Slovakia,Daily ICU occupancy,2020-05-11,2.0
Slovakia,Daily ICU occupancy,2020-05-12,2.0
Slovakia,Daily ICU occupancy,2020-05-13,1.0
Slovakia,Daily ICU occupancy,2020-05-14,1.0
Slovakia,Daily ICU occupancy,2020-05-15,1.0
Slovakia,Daily ICU occupancy,2020-05-16,1.0
Slovakia,Daily ICU occupancy,2020-05-17,1.0
Slovakia,Daily ICU occupancy,2020-05-18,1.0
Slovakia,Daily ICU occupancy,2020-05-19,1.0
Slovakia,Daily ICU occupancy,2020-05-20,1.0
Slovakia,Daily ICU occupancy,2020-05-21,1.0
Slovakia,Daily ICU occupancy,2020-05-22,1.0
Slovakia,Daily ICU occupancy,2020-05-23,1.0
Slovakia,Daily ICU occupancy,2020-05-24,1.0
Slovakia,Daily ICU occupancy,2020-05-25,1.0
Slovakia,Daily ICU occupancy,2020-05-26,1.0
Slovakia,Daily ICU occupancy,2020-05-27,1.0
Slovakia,Daily ICU occupancy,2020-05-28,1.0
Slovakia,Daily ICU occupancy,2020-05-29,1.0
Slovakia,Daily ICU occupancy,2020-05-30,1.0
Slovakia,Daily ICU occupancy,2020-05-31,1.0
Slovakia,Daily ICU occupancy,2020-06-01,1.0
Slovakia,Daily ICU occupancy,2020-06-02,1.0
Slovakia,Daily ICU occupancy,2020-06-03,1.0
Slovakia,Daily ICU occupancy,2020-06-04,1.0
Slovakia,Daily ICU occupancy,2020-06-05,1.0
Slovakia,Daily ICU occupancy,2020-06-06,1.0
Slovakia,Daily ICU occupancy,2020-06-07,1.0
Slovakia,Daily ICU occupancy,2020-06-11,1.0
Slovakia,Daily ICU occupancy,2020-06-12,1.0
Slovakia,Daily ICU occupancy,2020-06-13,1.0
Slovakia,Daily ICU occupancy,2020-06-14,1.0
Slovakia,Daily ICU occupancy,2020-06-15,1.0
Slovakia,Daily ICU occupancy,2020-06-16,1.0
Slovakia,Daily ICU occupancy,2020-06-17,1.0
Slovakia,Daily ICU occupancy,2020-06-18,1.0
Slovakia,Daily ICU occupancy,2020-06-19,1.0
Slovakia,Daily ICU occupancy,2020-06-20,1.0
Slovakia,Daily ICU occupancy,2020-06-21,1.0
Slovakia,Daily ICU occupancy,2020-06-22,1.0
Slovakia,Daily ICU occupancy,2020-06-23,1.0
Slovakia,Daily ICU occupancy,2020-06-24,4.0
Slovakia,Daily ICU occupancy,2020-06-25,4.0
Slovakia,Daily ICU occupancy,2020-06-26,4.0
Slovakia,Daily ICU occupancy,2020-06-27,4.0
Slovakia,Daily ICU occupancy,2020-06-28,4.0
Slovakia,Daily ICU occupancy,2020-06-29,3.0
Slovakia,Daily ICU occupancy,2020-06-30,3.0
Slovakia,Daily ICU occupancy,2020-07-01,3.0
Slovakia,Daily ICU occupancy,2020-07-02,4.0
Slovakia,Daily ICU occupancy,2020-07-03,4.0
Slovakia,Daily ICU occupancy,2020-07-04,4.0
Slovakia,Daily ICU occupancy,2020-07-05,4.0
Slovakia,Daily ICU occupancy,2020-07-06,4.0
Slovakia,Daily ICU occupancy,2020-07-07,4.0
Slovakia,Daily ICU occupancy,2020-07-08,4.0
Slovakia,Daily ICU occupancy,2020-07-09,3.0
Slovakia,Daily ICU occupancy,2020-07-10,3.0
Slovakia,Daily ICU occupancy,2020-07-11,3.0
Slovakia,Daily ICU occupancy,2020-07-12,3.0
Slovakia,Daily ICU occupancy,2020-07-13,3.0
Slovakia,Daily ICU occupancy,2020-07-14,3.0
Slovakia,Daily ICU occupancy,2020-07-15,3.0
Slovakia,Daily ICU occupancy,2020-07-16,3.0
Slovakia,Daily ICU occupancy,2020-07-17,3.0
Slovakia,Daily ICU occupancy,2020-07-18,3.0
Slovakia,Daily ICU occupancy,2020-07-19,3.0
Slovakia,Daily ICU occupancy,2020-07-20,3.0
Slovakia,Daily ICU occupancy,2020-07-21,3.0
Slovakia,Daily ICU occupancy,2020-07-22,3.0
Slovakia,Daily ICU occupancy,2020-07-23,3.0
Slovakia,Daily ICU occupancy,2020-07-24,3.0
Slovakia,Daily ICU occupancy,2020-07-25,3.0
Slovakia,Daily ICU occupancy,2020-07-26,3.0
Slovakia,Daily ICU occupancy,2020-07-27,4.0
Slovakia,Daily ICU occupancy,2020-07-28,3.0
Slovakia,Daily ICU occupancy,2020-07-29,3.0
Slovakia,Daily ICU occupancy,2020-07-30,3.0
Slovakia,Daily ICU occupancy,2020-07-31,3.0
Slovakia,Daily ICU occupancy,2020-08-01,3.0
Slovakia,Daily ICU occupancy,2020-08-02,3.0
Slovakia,Daily ICU occupancy,2020-08-03,2.0
Slovakia,Daily ICU occupancy,2020-08-04,4.0
Slovakia,Daily ICU occupancy,2020-08-05,4.0
Slovakia,Daily ICU occupancy,2020-08-06,5.0
Slovakia,Daily ICU occupancy,2020-08-07,6.0
Slovakia,Daily ICU occupancy,2020-08-08,5.0
Slovakia,Daily ICU occupancy,2020-08-09,5.0
Slovakia,Daily ICU occupancy,2020-08-10,5.0
Slovakia,Daily ICU occupancy,2020-08-11,9.0
Slovakia,Daily ICU occupancy,2020-08-12,12.0
Slovakia,Daily ICU occupancy,2020-08-13,14.0
Slovakia,Daily ICU occupancy,2020-08-14,14.0
Slovakia,Daily ICU occupancy,2020-08-15,14.0
Slovakia,Daily ICU occupancy,2020-08-16,14.0
Slovakia,Daily ICU occupancy,2020-08-17,14.0
Slovakia,Daily ICU occupancy,2020-08-18,11.0
Slovakia,Daily ICU occupancy,2020-08-19,13.0
Slovakia,Daily ICU occupancy,2020-08-20,9.0
Slovakia,Daily ICU occupancy,2020-08-21,10.0
Slovakia,Daily ICU occupancy,2020-08-22,10.0
Slovakia,Daily ICU occupancy,2020-08-23,12.0
Slovakia,Daily ICU occupancy,2020-08-24,15.0
Slovakia,Daily ICU occupancy,2020-08-25,14.0
Slovakia,Daily ICU occupancy,2020-08-26,11.0
Slovakia,Daily ICU occupancy,2020-08-27,15.0
Slovakia,Daily ICU occupancy,2020-08-28,21.0
Slovakia,Daily ICU occupancy,2020-08-29,23.0
Slovakia,Daily ICU occupancy,2020-08-30,23.0
Slovakia,Daily ICU occupancy,2020-08-31,22.0
Slovakia,Daily ICU occupancy,2020-09-01,22.0
Slovakia,Daily ICU occupancy,2020-09-02,21.0
Slovakia,Daily ICU occupancy,2020-09-03,22.0
Slovakia,Daily ICU occupancy,2020-09-04,24.0
Slovakia,Daily ICU occupancy,2020-09-05,23.0
Slovakia,Daily ICU occupancy,2020-09-06,23.0
Slovakia,Daily ICU occupancy,2020-09-07,24.0
Slovakia,Daily ICU occupancy,2020-09-08,23.0
Slovakia,Daily ICU occupancy,2020-09-09,24.0
Slovakia,Daily ICU occupancy,2020-09-10,25.0
Slovakia,Daily ICU occupancy,2020-09-11,26.0
Slovakia,Daily ICU occupancy,2020-09-12,25.0
Slovakia,Daily ICU occupancy,2020-09-13,26.0
Slovakia,Daily ICU occupancy,2020-09-14,25.0
Slovakia,Daily ICU occupancy,2020-09-15,22.0
Slovakia,Daily ICU occupancy,2020-09-16,23.0
Slovakia,Daily ICU occupancy,2020-09-17,23.0
Slovakia,Daily ICU occupancy,2020-09-18,20.0
Slovakia,Daily ICU occupancy,2020-09-19,20.0
Slovakia,Daily ICU occupancy,2020-09-20,20.0
Slovakia,Daily ICU occupancy,2020-09-21,17.0
Slovakia,Daily ICU occupancy,2020-09-22,22.0
Slovakia,Daily ICU occupancy,2020-09-23,23.0
Slovakia,Daily ICU occupancy,2020-09-24,30.0
Slovakia,Daily ICU occupancy,2020-09-25,31.0
Slovakia,Daily ICU occupancy,2020-09-26,34.0
Slovakia,Daily ICU occupancy,2020-09-27,35.0
Slovakia,Daily ICU occupancy,2020-09-28,36.0
Slovakia,Daily ICU occupancy,2020-09-29,36.0
Slovakia,Daily ICU occupancy,2020-09-30,40.0
Slovakia,Daily ICU occupancy,2020-10-01,42.0
Slovakia,Daily ICU occupancy,2020-10-02,42.0
Slovakia,Daily ICU occupancy,2020-10-03,44.0
Slovakia,Daily ICU occupancy,2020-10-04,44.0
Slovakia,Daily ICU occupancy,2020-10-05,49.0
Slovakia,Daily ICU occupancy,2020-10-06,42.0
Slovakia,Daily ICU occupancy,2020-10-07,45.0
Slovakia,Daily ICU occupancy,2020-10-08,52.0
Slovakia,Daily ICU occupancy,2020-10-09,52.0
Slovakia,Daily ICU occupancy,2020-10-10,58.0
Slovakia,Daily ICU occupancy,2020-10-11,59.0
Slovakia,Daily ICU occupancy,2020-10-12,69.0
Slovakia,Daily ICU occupancy,2020-10-13,70.0
Slovakia,Daily ICU occupancy,2020-10-14,75.0
Slovakia,Daily ICU occupancy,2020-10-15,74.0
Slovakia,Daily ICU occupancy,2020-10-16,79.0
Slovakia,Daily ICU occupancy,2020-10-17,86.0
Slovakia,Daily ICU occupancy,2020-10-18,87.0
Slovakia,Daily ICU occupancy,2020-10-19,82.0
Slovakia,Daily ICU occupancy,2020-10-20,86.0
Slovakia,Daily ICU occupancy,2020-10-21,88.0
Slovakia,Daily ICU occupancy,2020-10-22,92.0
Slovakia,Daily ICU occupancy,2020-10-23,105.0
Slovakia,Daily ICU occupancy,2020-10-24,113.0
Slovakia,Daily ICU occupancy,2020-10-25,124.0
Slovakia,Daily ICU occupancy,2020-10-26,123.0
Slovakia,Daily ICU occupancy,2020-10-27,132.0
Slovakia,Daily ICU occupancy,2020-10-28,146.0
Slovakia,Daily ICU occupancy,2020-10-29,145.0
Slovakia,Daily ICU occupancy,2020-10-30,130.0
Slovakia,Daily ICU occupancy,2020-10-31,123.0
Slovakia,Daily ICU occupancy,2020-11-01,125.0
Slovakia,Daily ICU occupancy,2020-11-02,131.0
Slovakia,Daily ICU occupancy,2020-11-03,125.0
Slovakia,Daily ICU occupancy,2020-11-04,128.0
Slovakia,Daily ICU occupancy,2020-11-05,132.0
Slovakia,Daily ICU occupancy,2020-11-06,137.0
Slovakia,Daily ICU occupancy,2020-11-07,144.0
Slovakia,Daily ICU occupancy,2020-11-08,146.0
Slovakia,Daily ICU occupancy,2020-11-09,146.0
Slovakia,Daily ICU occupancy,2020-11-10,148.0
Slovakia,Daily ICU occupancy,2020-11-11,142.0
Slovakia,Daily ICU occupancy,2020-11-12,139.0
Slovakia,Daily ICU occupancy,2020-11-13,133.0
Slovakia,Daily ICU occupancy,2020-11-14,148.0
Slovakia,Daily ICU occupancy,2020-11-15,143.0
Slovakia,Daily ICU occupancy,2020-11-16,139.0
Slovakia,Daily ICU occupancy,2020-11-17,137.0
Slovakia,Daily ICU occupancy,2020-11-18,140.0
Slovakia,Daily ICU occupancy,2020-11-19,135.0
Slovakia,Daily ICU occupancy,2020-11-20,136.0
Slovakia,Daily ICU occupancy,2020-11-21,138.0
Slovakia,Daily ICU occupancy,2020-11-22,146.0
Slovakia,Daily ICU occupancy,2020-11-23,143.0
Slovakia,Daily ICU occupancy,2020-11-24,149.0
Slovakia,Daily ICU occupancy,2020-11-25,138.0
Slovakia,Daily ICU occupancy,2020-11-26,142.0
Slovakia,Daily ICU occupancy,2020-11-27,143.0
Slovakia,Daily ICU occupancy,2020-11-28,154.0
Slovakia,Daily ICU occupancy,2020-11-29,152.0
Slovakia,Daily ICU occupancy,2020-11-30,146.0
Slovakia,Daily ICU occupancy,2020-12-01,154.0
Slovakia,Daily ICU occupancy,2020-12-02,155.0
Slovakia,Daily ICU occupancy,2020-12-03,156.0
Slovakia,Daily ICU occupancy,2020-12-04,159.0
Slovakia,Daily ICU occupancy,2020-12-05,158.0
Slovakia,Daily ICU occupancy,2020-12-06,159.0
Slovakia,Daily ICU occupancy,2020-12-07,155.0
Slovakia,Daily ICU occupancy,2020-12-08,158.0
Slovakia,Daily ICU occupancy,2020-12-09,156.0
Slovakia,Daily ICU occupancy,2020-12-10,159.0
Slovakia,Daily ICU occupancy,2020-12-11,163.0
Slovakia,Daily ICU occupancy,2020-12-12,163.0
Slovakia,Daily ICU occupancy,2020-12-13,170.0
Slovakia,Daily ICU occupancy,2020-12-14,168.0
Slovakia,Daily ICU occupancy,2020-12-15,162.0
Slovakia,Daily ICU occupancy,2020-12-16,173.0
Slovakia,Daily ICU occupancy,2020-12-17,173.0
Slovakia,Daily ICU occupancy,2020-12-18,175.0
Slovakia,Daily ICU occupancy,2020-12-19,186.0
Slovakia,Daily ICU occupancy,2020-12-20,189.0
Slovakia,Daily ICU occupancy,2020-12-21,195.0
Slovakia,Daily ICU occupancy,2020-12-22,195.0
Slovakia,Daily ICU occupancy,2020-12-23,186.0
Slovakia,Daily ICU occupancy,2020-12-24,190.0
Slovakia,Daily ICU occupancy,2020-12-25,197.0
Slovakia,Daily ICU occupancy,2020-12-26,202.0
Slovakia,Daily ICU occupancy,2020-12-27,218.0
Slovakia,Daily ICU occupancy,2020-12-28,218.0
Slovakia,Daily ICU occupancy,2020-12-29,222.0
Slovakia,Daily ICU occupancy,2020-12-30,229.0
Slovakia,Daily ICU occupancy,2020-12-31,237.0
Slovakia,Daily ICU occupancy,2021-01-01,245.0
Slovakia,Daily ICU occupancy,2021-01-02,244.0
Slovakia,Daily ICU occupancy,2021-01-03,249.0
Slovakia,Daily ICU occupancy,2021-01-04,252.0
Slovakia,Daily ICU occupancy,2021-01-05,254.0
Slovakia,Daily ICU occupancy,2021-01-06,274.0
Slovakia,Daily ICU occupancy,2021-01-07,268.0
Slovakia,Daily ICU occupancy,2021-01-08,264.0
Slovakia,Daily ICU occupancy,2021-01-09,269.0
Slovakia,Daily ICU occupancy,2021-01-10,274.0
Slovakia,Daily ICU occupancy,2021-01-11,277.0
Slovakia,Daily ICU occupancy,2021-01-12,274.0
Slovakia,Daily ICU occupancy,2021-01-13,275.0
Slovakia,Daily ICU occupancy,2021-01-14,286.0
Slovakia,Daily ICU occupancy,2021-01-15,296.0
Slovakia,Daily ICU occupancy,2021-01-16,301.0
Slovakia,Daily ICU occupancy,2021-01-17,304.0
Slovakia,Daily ICU occupancy,2021-01-18,309.0
Slovakia,Daily ICU occupancy,2021-01-19,306.0
Slovakia,Daily ICU occupancy,2021-01-20,330.0
Slovakia,Daily ICU occupancy,2021-01-21,332.0
Slovakia,Daily ICU occupancy,2021-01-22,326.0
Slovakia,Daily ICU occupancy,2021-01-23,327.0
Slovakia,Daily ICU occupancy,2021-01-24,338.0
Slovakia,Daily ICU occupancy,2021-01-25,338.0
Slovakia,Daily ICU occupancy,2021-01-26,338.0
Slovakia,Daily ICU occupancy,2021-01-27,328.0
Slovakia,Daily ICU occupancy,2021-01-28,329.0
Slovakia,Daily ICU occupancy,2021-01-29,344.0
Slovakia,Daily ICU occupancy,2021-01-30,341.0
Slovakia,Daily ICU occupancy,2021-01-31,331.0
Slovakia,Daily ICU occupancy,2021-02-01,341.0
Slovakia,Daily ICU occupancy,2021-02-02,336.0
Slovakia,Daily ICU occupancy,2021-02-03,349.0
Slovakia,Daily ICU occupancy,2021-02-04,358.0
Slovakia,Daily ICU occupancy,2021-02-05,361.0
Slovakia,Daily ICU occupancy,2021-02-06,366.0
Slovakia,Daily ICU occupancy,2021-02-07,373.0
Slovakia,Daily ICU occupancy,2021-02-08,375.0
Slovakia,Daily ICU occupancy,2021-02-09,378.0
Slovakia,Daily ICU occupancy,2021-02-10,382.0
Slovakia,Daily ICU occupancy,2021-02-11,394.0
Slovakia,Daily ICU occupancy,2021-02-12,415.0
Slovakia,Daily ICU occupancy,2021-02-13,420.0
Slovakia,Daily ICU occupancy,2021-02-14,431.0
Slovakia,Daily ICU occupancy,2021-02-15,442.0
Slovakia,Daily ICU occupancy,2021-02-16,466.0
Slovakia,Daily ICU occupancy,2021-02-17,469.0
Slovakia,Daily ICU occupancy,2021-02-18,505.0
Slovakia,Daily ICU occupancy,2021-02-19,499.0
Slovakia,Daily ICU occupancy,2021-02-20,491.0
Slovakia,Daily ICU occupancy,2021-02-21,499.0
Slovakia,Daily ICU occupancy,2021-02-22,500.0
Slovakia,Daily ICU occupancy,2021-02-23,498.0
Slovakia,Daily ICU occupancy,2021-02-24,517.0
Slovakia,Daily ICU occupancy,2021-02-25,498.0
Slovakia,Daily ICU occupancy,2021-02-26,509.0
Slovakia,Daily ICU occupancy,2021-02-27,633.0
Slovakia,Daily ICU occupancy,2021-02-28,584.0
Slovakia,Daily ICU occupancy,2021-03-01,571.0
Slovakia,Daily ICU occupancy,2021-03-02,569.0
Slovakia,Daily ICU occupancy,2021-03-03,577.0
Slovakia,Daily ICU occupancy,2021-03-04,591.0
Slovakia,Daily ICU occupancy,2021-03-05,593.0
Slovakia,Daily ICU occupancy,2021-03-06,604.0
Slovakia,Daily ICU occupancy,2021-03-07,615.0
Slovakia,Daily ICU occupancy,2021-03-08,593.0
Slovakia,Daily ICU occupancy,2021-03-09,584.0
Slovakia,Daily ICU occupancy,2021-03-10,573.0
Slovakia,Daily ICU occupancy,2021-03-11,575.0
Slovakia,Daily ICU occupancy,2021-03-12,568.0
Slovakia,Daily ICU occupancy,2021-03-13,587.0
Slovakia,Daily ICU occupancy,2021-03-14,604.0
Slovakia,Daily ICU occupancy,2021-03-15,598.0
Slovakia,Daily ICU occupancy,2021-03-16,610.0
Slovakia,Daily ICU occupancy,2021-03-17,593.0
Slovakia,Daily ICU occupancy,2021-03-18,593.0
Slovakia,Daily ICU occupancy,2021-03-19,566.0
Slovakia,Daily ICU occupancy,2021-03-20,584.0
Slovakia,Daily ICU occupancy,2021-03-21,584.0
Slovakia,Daily ICU occupancy,2021-03-22,563.0
Slovakia,Daily ICU occupancy,2021-03-23,555.0
Slovakia,Daily ICU occupancy,2021-03-24,559.0
Slovakia,Daily ICU occupancy,2021-03-25,553.0
Slovakia,Daily ICU occupancy,2021-03-26,540.0
Slovakia,Daily ICU occupancy,2021-03-27,537.0
Slovakia,Daily ICU occupancy,2021-03-28,535.0
Slovakia,Daily ICU occupancy,2021-03-29,508.0
Slovakia,Daily ICU occupancy,2021-03-30,525.0
Slovakia,Daily ICU occupancy,2021-03-31,505.0
Slovakia,Daily ICU occupancy,2021-04-01,503.0
Slovakia,Daily ICU occupancy,2021-04-02,531.0
Slovakia,Daily ICU occupancy,2021-04-03,531.0
Slovakia,Daily ICU occupancy,2021-04-04,527.0
Slovakia,Daily ICU occupancy,2021-04-05,519.0
Slovakia,Daily ICU occupancy,2021-04-06,510.0
Slovakia,Daily ICU occupancy,2021-04-07,487.0
Slovakia,Daily ICU occupancy,2021-04-08,472.0
Slovakia,Daily ICU occupancy,2021-04-09,457.0
Slovakia,Daily ICU occupancy,2021-04-10,469.0
Slovakia,Daily ICU occupancy,2021-04-11,462.0
Slovakia,Daily ICU occupancy,2021-04-12,428.0
Slovakia,Daily ICU occupancy,2021-04-13,428.0
Slovakia,Daily ICU occupancy,2021-04-14,414.0
Slovakia,Daily ICU occupancy,2021-04-15,394.0
Slovakia,Daily ICU occupancy,2021-04-16,376.0
Slovakia,Daily ICU occupancy,2021-04-17,384.0
Slovakia,Daily ICU occupancy,2021-04-18,367.0
Slovakia,Daily ICU occupancy,2021-04-19,358.0
Slovakia,Daily ICU occupancy,2021-04-20,347.0
Slovakia,Daily ICU occupancy,2021-04-21,350.0
Slovakia,Daily ICU occupancy,2021-04-22,341.0
Slovakia,Daily ICU occupancy,2021-04-23,318.0
Slovakia,Daily ICU occupancy,2021-04-24,328.0
Slovakia,Daily ICU occupancy,2021-04-25,321.0
Slovakia,Daily ICU occupancy,2021-04-26,308.0
Slovakia,Daily ICU occupancy,2021-04-27,313.0
Slovakia,Daily ICU occupancy,2021-04-28,295.0
Slovakia,Daily ICU occupancy,2021-04-29,283.0
Slovakia,Daily ICU occupancy,2021-04-30,285.0
Slovakia,Daily ICU occupancy,2021-05-01,285.0
Slovakia,Daily ICU occupancy,2021-05-02,286.0
Slovakia,Daily ICU occupancy,2021-05-03,285.0
Slovakia,Daily ICU occupancy,2021-05-04,260.0
Slovakia,Daily ICU occupancy,2021-05-05,253.0
Slovakia,Daily ICU occupancy,2021-05-06,247.0
Slovakia,Daily ICU occupancy,2021-05-07,238.0
Slovakia,Daily ICU occupancy,2021-05-08,246.0
Slovakia,Daily ICU occupancy,2021-05-09,241.0
Slovakia,Daily ICU occupancy,2021-05-10,222.0
Slovakia,Daily ICU occupancy,2021-05-11,216.0
Slovakia,Daily ICU occupancy,2021-05-12,200.0
Slovakia,Daily ICU occupancy,2021-05-13,189.0
Slovakia,Daily ICU occupancy,2021-05-14,185.0
Slovakia,Daily ICU occupancy,2021-05-15,186.0
Slovakia,Daily ICU occupancy,2021-05-16,181.0
Slovakia,Daily ICU occupancy,2021-05-17,172.0
Slovakia,Daily ICU occupancy,2021-05-18,167.0
Slovakia,Daily ICU occupancy,2021-05-19,157.0
Slovakia,Daily ICU occupancy,2021-05-20,153.0
Slovakia,Daily ICU occupancy,2021-05-21,146.0
Slovakia,Daily ICU occupancy,2021-05-22,142.0
Slovakia,Daily ICU occupancy,2021-05-23,142.0
Slovakia,Daily ICU occupancy,2021-05-24,135.0
Slovakia,Daily ICU occupancy,2021-05-25,128.0
Slovakia,Daily ICU occupancy,2021-05-26,120.0
Slovakia,Daily ICU occupancy,2021-05-27,112.0
Slovakia,Daily ICU occupancy,2021-05-28,105.0
Slovakia,Daily ICU occupancy,2021-05-29,97.0
Slovakia,Daily ICU occupancy,2021-05-30,96.0
Slovakia,Daily ICU occupancy,2021-05-31,95.0
Slovakia,Daily ICU occupancy,2021-06-01,92.0
Slovakia,Daily ICU occupancy,2021-06-02,85.0
Slovakia,Daily ICU occupancy,2021-06-03,83.0
Slovakia,Daily ICU occupancy,2021-06-04,76.0
Slovakia,Daily ICU occupancy,2021-06-05,70.0
Slovakia,Daily ICU occupancy,2021-06-06,70.0
Slovakia,Daily ICU occupancy,2021-06-07,70.0
Slovakia,Daily ICU occupancy,2021-06-08,65.0
Slovakia,Daily ICU occupancy,2021-06-09,68.0
Slovakia,Daily ICU occupancy,2021-06-10,64.0
Slovakia,Daily ICU occupancy,2021-06-11,62.0
Slovakia,Daily ICU occupancy,2021-06-12,70.0
Slovakia,Daily ICU occupancy,2021-06-13,74.0
Slovakia,Daily ICU occupancy,2021-06-14,69.0
Slovakia,Daily ICU occupancy,2021-06-15,66.0
Slovakia,Daily ICU occupancy,2021-06-16,66.0
Slovakia,Daily ICU occupancy,2021-06-17,59.0
Slovakia,Daily ICU occupancy,2021-06-18,51.0
Slovakia,Daily ICU occupancy,2021-06-19,53.0
Slovakia,Daily ICU occupancy,2021-06-20,52.0
Slovakia,Daily ICU occupancy,2021-06-21,46.0
Slovakia,Daily ICU occupancy,2021-06-22,52.0
Slovakia,Daily ICU occupancy,2021-06-23,51.0
Slovakia,Daily ICU occupancy,2021-06-24,51.0
Slovakia,Daily ICU occupancy,2021-06-25,47.0
Slovakia,Daily ICU occupancy,2021-06-26,51.0
Slovakia,Daily ICU occupancy,2021-06-27,49.0
Slovakia,Daily ICU occupancy,2021-06-28,50.0
Slovakia,Daily ICU occupancy,2021-06-29,53.0
Slovakia,Daily ICU occupancy,2021-06-30,53.0
Slovakia,Daily ICU occupancy,2021-07-01,51.0
Slovakia,Daily ICU occupancy,2021-07-02,47.0
Slovakia,Daily ICU occupancy,2021-07-03,46.0
Slovakia,Daily ICU occupancy,2021-07-04,48.0
Slovakia,Daily ICU occupancy,2021-07-05,44.0
Slovakia,Daily ICU occupancy,2021-07-06,41.0
Slovakia,Daily ICU occupancy,2021-07-07,38.0
Slovakia,Daily ICU occupancy,2021-07-08,37.0
Slovakia,Daily ICU occupancy,2021-07-09,34.0
Slovakia,Daily ICU occupancy,2021-07-10,33.0
Slovakia,Daily ICU occupancy,2021-07-11,32.0
Slovakia,Daily ICU occupancy,2021-07-12,29.0
Slovakia,Daily ICU occupancy,2021-07-13,25.0
Slovakia,Daily ICU occupancy,2021-07-14,26.0
Slovakia,Daily ICU occupancy,2021-07-15,25.0
Slovakia,Daily ICU occupancy,2021-07-16,27.0
Slovakia,Daily ICU occupancy,2021-07-17,27.0
Slovakia,Daily ICU occupancy,2021-07-18,27.0
Slovakia,Daily ICU occupancy,2021-07-19,28.0
Slovakia,Daily ICU occupancy,2021-07-20,28.0
Slovakia,Daily ICU occupancy,2021-07-21,28.0
Slovakia,Daily ICU occupancy,2021-07-22,29.0
Slovakia,Daily ICU occupancy,2021-07-23,30.0
Slovakia,Daily ICU occupancy,2021-07-24,31.0
Slovakia,Daily ICU occupancy,2021-07-25,32.0
Slovakia,Daily ICU occupancy,2021-07-26,30.0
Slovakia,Daily ICU occupancy,2021-07-27,28.0
Slovakia,Daily ICU occupancy,2021-07-28,29.0
Slovakia,Daily ICU occupancy,2021-07-29,30.0
Slovakia,Daily ICU occupancy,2021-07-30,29.0
Slovakia,Daily ICU occupancy,2021-07-31,29.0
Slovakia,Daily ICU occupancy,2021-08-01,29.0
Slovakia,Daily ICU occupancy,2021-08-02,27.0
Slovakia,Daily ICU occupancy,2021-08-03,28.0
Slovakia,Daily ICU occupancy,2021-08-04,26.0
Slovakia,Daily ICU occupancy,2021-08-05,24.0
Slovakia,Daily ICU occupancy,2021-08-06,26.0
Slovakia,Daily ICU occupancy,2021-08-07,27.0
Slovakia,Daily ICU occupancy,2021-08-08,27.0
Slovakia,Daily ICU occupancy,2021-08-09,28.0
Slovakia,Daily ICU occupancy,2021-08-10,28.0
Slovakia,Daily ICU occupancy,2021-08-11,29.0
Slovakia,Daily ICU occupancy,2021-08-12,30.0
Slovakia,Daily ICU occupancy,2021-08-13,29.0
Slovakia,Daily ICU occupancy,2021-08-14,32.0
Slovakia,Daily ICU occupancy,2021-08-15,34.0
Slovakia,Daily ICU occupancy,2021-08-16,35.0
Slovakia,Daily ICU occupancy,2021-08-17,38.0
Slovakia,Daily ICU occupancy,2021-08-18,38.0
Slovakia,Daily ICU occupancy,2021-08-19,39.0
Slovakia,Daily ICU occupancy,2021-08-20,26.0
Slovakia,Daily ICU occupancy,2021-08-21,26.0
Slovakia,Daily ICU occupancy,2021-08-22,28.0
Slovakia,Daily ICU occupancy,2021-08-23,24.0
Slovakia,Daily ICU occupancy,2021-08-24,18.0
Slovakia,Daily ICU occupancy,2021-08-25,16.0
Slovakia,Daily ICU occupancy,2021-08-26,17.0
Slovakia,Daily ICU occupancy,2021-08-27,17.0
Slovakia,Daily ICU occupancy,2021-08-28,20.0
Slovakia,Daily ICU occupancy,2021-08-29,24.0
Slovakia,Daily ICU occupancy,2021-08-30,25.0
Slovakia,Daily ICU occupancy,2021-08-31,26.0
Slovakia,Daily ICU occupancy,2021-09-01,28.0
Slovakia,Daily ICU occupancy,2021-09-02,33.0
Slovakia,Daily ICU occupancy,2021-09-03,34.0
Slovakia,Daily ICU occupancy,2021-09-04,35.0
Slovakia,Daily ICU occupancy,2021-09-05,39.0
Slovakia,Daily ICU occupancy,2021-09-06,41.0
Slovakia,Daily ICU occupancy,2021-09-07,42.0
Slovakia,Daily ICU occupancy,2021-09-08,44.0
Slovakia,Daily ICU occupancy,2021-09-09,46.0
Slovakia,Daily ICU occupancy,2021-09-10,48.0
Slovakia,Daily ICU occupancy,2021-09-11,47.0
Slovakia,Daily ICU occupancy,2021-09-12,45.0
Slovakia,Daily ICU occupancy,2021-09-13,46.0
Slovakia,Daily ICU occupancy,2021-09-14,50.0
Slovakia,Daily ICU occupancy,2021-09-15,53.0
Slovakia,Daily ICU occupancy,2021-09-16,51.0
Slovakia,Daily ICU occupancy,2021-09-17,67.0
Slovakia,Daily ICU occupancy,2021-09-18,77.0
Slovakia,Daily ICU occupancy,2021-09-19,82.0
Slovakia,Daily ICU occupancy,2021-09-20,81.0
Slovakia,Daily ICU occupancy,2021-09-21,101.0
Slovakia,Daily ICU occupancy,2021-09-22,104.0
Slovakia,Daily ICU occupancy,2021-09-23,101.0
Slovakia,Daily ICU occupancy,2021-09-24,102.0
Slovakia,Daily ICU occupancy,2021-09-25,104.0
Slovakia,Daily ICU occupancy,2021-09-26,108.0
Slovakia,Daily ICU occupancy,2021-09-27,104.0
Slovakia,Daily ICU occupancy,2021-09-28,112.0
Slovakia,Daily ICU occupancy,2021-09-29,119.0
Slovakia,Daily ICU occupancy,2021-09-30,121.0
Slovakia,Daily ICU occupancy,2021-10-01,131.0
Slovakia,Daily ICU occupancy,2021-10-02,134.0
Slovakia,Daily ICU occupancy,2021-10-03,140.0
Slovakia,Daily ICU occupancy,2021-10-04,148.0
Slovakia,Daily ICU occupancy,2021-10-05,153.0
Slovakia,Daily ICU occupancy,2021-10-06,156.0
Slovakia,Daily ICU occupancy,2021-10-07,159.0
Slovakia,Daily ICU occupancy,2021-10-08,180.0
Slovakia,Daily ICU occupancy,2021-10-09,188.0
Slovakia,Daily ICU occupancy,2021-10-10,193.0
Slovakia,Daily ICU occupancy,2021-10-11,187.0
Slovakia,Daily ICU occupancy,2021-10-12,178.0
Slovakia,Daily ICU occupancy,2021-10-13,189.0
Slovakia,Daily ICU occupancy,2021-10-14,193.0
Slovakia,Daily ICU occupancy,2021-10-15,191.0
Slovakia,Daily ICU occupancy,2021-10-16,205.0
Slovakia,Daily ICU occupancy,2021-10-17,206.0
Slovakia,Daily ICU occupancy,2021-10-18,207.0
Slovakia,Daily ICU occupancy,2021-10-19,206.0
Slovakia,Daily ICU occupancy,2021-10-20,213.0
Slovakia,Daily ICU occupancy,2021-10-21,228.0
Slovakia,Daily ICU occupancy,2021-10-22,207.0
Slovakia,Daily ICU occupancy,2021-10-23,226.0
Slovakia,Daily ICU occupancy,2021-10-24,224.0
Slovakia,Daily ICU occupancy,2021-10-25,218.0
Slovakia,Daily ICU occupancy,2021-10-26,245.0
Slovakia,Daily ICU occupancy,2021-10-27,251.0
Slovakia,Daily ICU occupancy,2021-10-28,286.0
Slovakia,Daily ICU occupancy,2021-10-29,340.0
Slovakia,Daily ICU occupancy,2021-10-30,322.0
Slovakia,Daily ICU occupancy,2021-10-31,332.0
Slovakia,Daily ICU occupancy,2021-11-01,338.0
Slovakia,Daily ICU occupancy,2021-11-02,337.0
Slovakia,Daily ICU occupancy,2021-11-03,347.0
Slovakia,Daily ICU occupancy,2021-11-04,378.0
Slovakia,Daily ICU occupancy,2021-11-05,409.0
Slovakia,Daily ICU occupancy,2021-11-06,449.0
Slovakia,Daily ICU occupancy,2021-11-07,451.0
Slovakia,Daily ICU occupancy,2021-11-08,436.0
Slovakia,Daily ICU occupancy,2021-11-09,457.0
Slovakia,Daily ICU occupancy,2021-11-10,464.0
Slovakia,Daily ICU occupancy,2021-11-11,490.0
Slovakia,Daily ICU occupancy,2021-11-12,499.0
Slovakia,Daily ICU occupancy,2021-11-13,534.0
Slovakia,Daily ICU occupancy,2021-11-14,526.0
Slovakia,Daily ICU occupancy,2021-11-15,520.0
Slovakia,Daily ICU occupancy,2021-11-16,538.0
Slovakia,Daily ICU occupancy,2021-11-17,552.0
Slovakia,Daily ICU occupancy,2021-11-18,533.0
Slovakia,Daily ICU occupancy,2021-11-19,550.0
Slovakia,Daily ICU occupancy,2021-11-20,568.0
Slovakia,Daily ICU occupancy,2021-11-21,563.0
Slovakia,Daily ICU occupancy,2021-11-22,554.0
Slovakia,Daily ICU occupancy,2021-11-23,568.0
Slovakia,Daily ICU occupancy,2021-11-24,559.0
Slovakia,Daily ICU occupancy,2021-11-25,548.0
Slovakia,Daily ICU occupancy,2021-11-26,553.0
Slovakia,Daily ICU occupancy,2021-11-27,589.0
Slovakia,Daily ICU occupancy,2021-11-28,609.0
Slovakia,Daily ICU occupancy,2021-11-29,606.0
Slovakia,Daily ICU occupancy,2021-11-30,605.0
Slovakia,Daily ICU occupancy,2021-12-01,600.0
Slovakia,Daily ICU occupancy,2021-12-02,630.0
Slovakia,Daily ICU occupancy,2021-12-03,627.0
Slovakia,Daily ICU occupancy,2021-12-04,619.0
Slovakia,Daily ICU occupancy,2021-12-05,630.0
Slovakia,Daily ICU occupancy,2021-12-06,611.0
Slovakia,Daily ICU occupancy,2021-12-07,589.0
Slovakia,Daily ICU occupancy,2021-12-08,584.0
Slovakia,Daily ICU occupancy,2021-12-09,568.0
Slovakia,Daily ICU occupancy,2021-12-10,556.0
Slovakia,Daily ICU occupancy,2021-12-11,571.0
Slovakia,Daily ICU occupancy,2021-12-12,579.0
Slovakia,Daily ICU occupancy,2021-12-13,563.0
Slovakia,Daily ICU occupancy,2021-12-14,565.0
Slovakia,Daily ICU occupancy,2021-12-15,559.0
Slovakia,Daily ICU occupancy,2021-12-16,534.0
Slovakia,Daily ICU occupancy,2021-12-17,534.0
Slovakia,Daily ICU occupancy,2021-12-18,534.0
Slovakia,Daily ICU occupancy,2021-12-19,510.0
Slovakia,Daily ICU occupancy,2021-12-20,488.0
Slovakia,Daily ICU occupancy,2021-12-21,482.0
Slovakia,Daily ICU occupancy,2021-12-22,465.0
Slovakia,Daily ICU occupancy,2021-12-23,447.0
Slovakia,Daily ICU occupancy,2021-12-24,468.0
Slovakia,Daily ICU occupancy,2021-12-25,468.0
Slovakia,Daily ICU occupancy,2021-12-26,462.0
Slovakia,Daily ICU occupancy,2021-12-27,452.0
Slovakia,Daily ICU occupancy,2021-12-28,453.0
Slovakia,Daily ICU occupancy,2021-12-29,435.0
Slovakia,Daily ICU occupancy,2021-12-30,433.0
Slovakia,Daily ICU occupancy,2021-12-31,414.0
Slovakia,Daily ICU occupancy,2022-01-01,427.0
Slovakia,Daily ICU occupancy,2022-01-02,427.0
Slovakia,Daily ICU occupancy,2022-01-03,416.0
Slovakia,Daily ICU occupancy,2022-01-04,403.0
Slovakia,Daily ICU occupancy,2022-01-05,377.0
Slovakia,Daily ICU occupancy,2022-01-06,391.0
Slovakia,Daily ICU occupancy,2022-01-07,374.0
Slovakia,Daily ICU occupancy,2022-01-08,381.0
Slovakia,Daily ICU occupancy,2022-01-09,379.0
Slovakia,Daily ICU occupancy,2022-01-10,368.0
Slovakia,Daily ICU occupancy,2022-01-11,349.0
Slovakia,Daily ICU occupancy,2022-01-12,349.0
Slovakia,Daily ICU occupancy,2022-01-13,337.0
Slovakia,Daily ICU occupancy,2022-01-14,330.0
Slovakia,Daily ICU occupancy,2022-01-15,317.0
Slovakia,Daily ICU occupancy,2022-01-16,309.0
Slovakia,Daily ICU occupancy,2022-01-17,291.0
Slovakia,Daily ICU occupancy,2022-01-18,275.0
Slovakia,Daily ICU occupancy,2022-01-19,279.0
Slovakia,Daily ICU occupancy,2022-01-20,259.0
Slovakia,Daily ICU occupancy,2022-01-21,262.0
Slovakia,Daily ICU occupancy,2022-01-22,263.0
Slovakia,Daily ICU occupancy,2022-01-23,256.0
Slovakia,Daily ICU occupancy,2022-01-24,254.0
Slovakia,Daily ICU occupancy,2022-01-25,249.0
Slovakia,Daily ICU occupancy,2022-01-26,244.0
Slovakia,Daily ICU occupancy,2022-01-27,230.0
Slovakia,Daily ICU occupancy,2022-01-28,236.0
Slovakia,Daily ICU occupancy,2022-01-29,241.0
Slovakia,Daily ICU occupancy,2022-01-30,248.0
Slovakia,Daily ICU occupancy,2022-01-31,235.0
Slovakia,Daily ICU occupancy,2022-02-01,233.0
Slovakia,Daily ICU occupancy,2022-02-02,224.0
Slovakia,Daily ICU occupancy,2022-02-03,228.0
Slovakia,Daily ICU occupancy,2022-02-04,227.0
Slovakia,Daily ICU occupancy,2022-02-05,243.0
Slovakia,Daily ICU occupancy,2022-02-06,250.0
Slovakia,Daily ICU occupancy,2022-02-07,251.0
Slovakia,Daily ICU occupancy,2022-02-08,243.0
Slovakia,Daily ICU occupancy,2022-02-09,239.0
Slovakia,Daily ICU occupancy,2022-02-10,244.0
Slovakia,Daily ICU occupancy,2022-02-11,242.0
Slovakia,Daily ICU occupancy,2022-02-12,266.0
Slovakia,Daily ICU occupancy,2022-02-13,265.0
Slovakia,Daily ICU occupancy,2022-02-14,266.0
Slovakia,Daily ICU occupancy,2022-02-15,260.0
Slovakia,Daily ICU occupancy,2022-02-16,268.0
Slovakia,Daily ICU occupancy,2022-02-17,262.0
Slovakia,Daily ICU occupancy,2022-02-18,258.0
Slovakia,Daily ICU occupancy,2022-02-19,267.0
Slovakia,Daily ICU occupancy,2022-02-20,276.0
Slovakia,Daily ICU occupancy,2022-02-21,273.0
Slovakia,Daily ICU occupancy,2022-02-22,273.0
Slovakia,Daily ICU occupancy,2022-02-23,256.0
Slovakia,Daily ICU occupancy,2022-02-24,243.0
Slovakia,Daily ICU occupancy,2022-02-25,234.0
Slovakia,Daily ICU occupancy,2022-02-26,238.0
Slovakia,Daily ICU occupancy,2022-02-27,239.0
Slovakia,Daily ICU occupancy,2022-02-28,234.0
Slovakia,Daily ICU occupancy,2022-03-01,233.0
Slovakia,Daily ICU occupancy,2022-03-02,230.0
Slovakia,Daily ICU occupancy,2022-03-03,229.0
Slovakia,Daily ICU occupancy,2022-03-04,212.0
Slovakia,Daily ICU occupancy,2022-03-05,213.0
Slovakia,Daily ICU occupancy,2022-03-06,206.0
Slovakia,Daily ICU occupancy,2022-03-07,212.0
Slovakia,Daily ICU occupancy,2022-03-08,212.0
Slovakia,Daily ICU occupancy,2022-03-09,218.0
Slovakia,Daily ICU occupancy,2022-03-10,215.0
Slovakia,Daily ICU occupancy,2022-03-11,221.0
Slovakia,Daily ICU occupancy,2022-03-12,230.0
Slovakia,Daily ICU occupancy,2022-03-13,230.0
